Case_ID,Person_ID,Age_Group,Gender,Last_Latitude,Last_Longitude,Last_Seen_Time,Day,Weather,Usual_Area,Average_Distance,Average_Speed,Previous_Area,Time_Since_Last_Seen,Target_Area
MP-2026-00001,P0001,18-25,Male,23.333618,77.419147,03:34,Saturday,Cloudy,Area_E,12.33,11.1,Area_A,1.39,Area_E
MP-2026-00002,P0002,26-35,Male,23.323712,77.467222,00:22,Friday,Cloudy,Area_E,7.51,22.3,Area_H,5.13,Area_F
MP-2026-00003,P0003,36-45,Female,23.263777,77.50155,17:21,Thursday,Clear,Area_C,10.18,7.69,Area_I,3.96,Area_H
MP-2026-00004,P0004,18-25,Male,23.166979,77.468219,21:02,Sunday,Clear,Area_A,12.38,51.54,Area_F,7.59,Area_H
MP-2026-00005,P0005,26-35,Male,23.236429,77.412506,09:06,Wednesday,Cloudy,Area_F,6.86,46.2,Area_I,3.15,Area_F
MP-2026-00006,P0006,36-45,Male,23.316416,77.338741,18:43,Tuesday,Clear,Area_F,10.9,24.2,Area_B,8.77,Area_B
MP-2026-00007,P0007,18-25,Male,23.176272,77.481278,14:45,Wednesday,Clear,Area_D,25.99,17.74,Area_G,3.18,Area_D
MP-2026-00008,P0008,26-35,Male,23.297631,77.410942,20:47,Saturday,Cloudy,Area_B,15.44,24.6,Area_B,11.23,Area_E
MP-2026-00009,P0009,26-35,Female,23.247268,77.347672,20:34,Sunday,Clear,Area_F,11.71,24.39,Area_H,1.99,Area_I
MP-2026-00010,P0010,36-45,Female,23.322713,77.482101,12:12,Thursday,Clear,Area_E,6.79,34.13,Area_I,2.85,Area_C
MP-2026-00011,P0011,56+,Male,23.333981,77.402302,17:48,Thursday,Clear,Area_A,5.76,6.91,Area_A,2.92,Area_B
MP-2026-00012,P0012,36-45,Male,23.18673,77.401528,05:32,Wednesday,Cloudy,Area_A,12.77,47.16,Area_B,2.36,Area_A
MP-2026-00013,P0013,46-55,Female,23.250811,77.406675,18:55,Thursday,Rain,Area_B,11.06,75.25,Area_B,2.31,Area_B
MP-2026-00014,P0014,46-55,Male,23.180008,77.480095,06:24,Sunday,Fog,Area_C,5.32,56.18,Area_F,1.69,Area_C
MP-2026-00015,P0015,56+,Female,23.247733,77.340487,18:03,Friday,Clear,Area_B,7.57,18.91,Area_E,1.04,Area_D
MP-2026-00016,P0016,18-25,Female,23.252443,77.482721,08:51,Thursday,Clear,Area_D,11.88,5.49,Area_G,3.68,Area_E
MP-2026-00017,P0017,36-45,Male,23.233597,77.471983,14:40,Friday,Clear,Area_G,14.48,47.18,Area_H,5.09,Area_H
MP-2026-00018,P0018,26-35,Female,23.253208,77.424604,11:09,Saturday,Clear,Area_I,12.41,8.09,Area_F,1.52,Area_C
MP-2026-00019,P0019,36-45,Female,23.05628,77.613493,17:36,Friday,Cloudy,Area_E,10.39,28.58,Area_J,0.5,Area_J
MP-2026-00020,P0020,18-25,Male,23.260097,77.3494,08:43,Wednesday,Clear,Area_E,15.73,39.83,Area_E,13.01,Area_E
MP-2026-00021,P0021,56+,Male,23.16908,77.337375,22:46,Monday,Clear,Area_E,6.19,36.24,Area_I,0.87,Area_F
MP-2026-00022,P0022,26-35,Female,23.329119,77.32286,13:39,Sunday,Clear,Area_D,15.54,44.98,Area_B,0.87,Area_B
MP-2026-00023,P0023,18-25,Female,23.321038,77.491632,20:04,Friday,Cloudy,Area_D,6.45,12.8,Area_E,2.56,Area_B
MP-2026-00024,P0024,36-45,Female,23.337529,77.411894,15:09,Thursday,Rain,Area_B,30.0,40.14,Area_C,0.11,Area_B
MP-2026-00025,P0025,26-35,Male,23.244349,77.326186,18:01,Friday,Cloudy,Area_G,14.96,78.51,Area_G,2.95,Area_H
MP-2026-00026,P0026,26-35,Female,23.182878,77.329396,13:50,Thursday,Rain,Area_C,13.57,71.47,Area_H,1.54,Area_E
MP-2026-00027,P0027,26-35,Male,23.179623,77.480319,18:21,Saturday,Rain,Area_H,14.04,20.24,Area_I,8.18,Area_H
MP-2026-00028,P0028,26-35,Female,23.325099,77.420133,17:33,Sunday,Clear,Area_A,7.52,24.9,Area_B,2.65,Area_A
MP-2026-00029,P0029,18-25,Female,23.267154,77.339059,18:22,Saturday,Cloudy,Area_I,7.92,3.39,Area_B,1.32,Area_I
MP-2026-00030,P0030,36-45,Female,23.256939,77.357534,01:08,Friday,Clear,Area_A,7.76,17.66,Area_H,1.48,Area_A
MP-2026-00031,P0031,56+,Male,23.335332,77.485584,13:46,Wednesday,Rain,Area_F,3.96,2.95,Area_F,12.21,Area_E
MP-2026-00032,P0032,26-35,Female,23.067435,77.613039,12:51,Tuesday,Cloudy,Area_A,10.69,16.05,Area_F,0.3,Area_J
MP-2026-00033,P0033,26-35,Other,23.23656,77.412446,10:23,Sunday,Cloudy,Area_A,7.73,6.58,Area_G,0.1,Area_G
MP-2026-00034,P0034,36-45,Female,23.319767,77.482487,21:13,Monday,Rain,Area_E,7.29,6.57,Area_E,2.49,Area_B
MP-2026-00035,P0035,26-35,Male,23.184422,77.349676,14:07,Tuesday,Cloudy,Area_C,27.46,36.17,Area_E,3.25,Area_D
MP-2026-00036,P0036,56+,Male,23.180813,77.349527,16:09,Sunday,Cloudy,Area_A,6.93,13.96,Area_D,1.32,Area_D
MP-2026-00037,P0037,26-35,Male,23.25113,77.477526,09:26,Wednesday,Fog,Area_C,4.59,69.94,Area_F,2.71,Area_E
MP-2026-00038,P0038,56+,Male,23.313733,77.419134,15:51,Wednesday,Rain,Area_A,13.01,77.99,Area_C,2.29,Area_E
MP-2026-00039,P0039,18-25,Female,23.333069,77.409631,17:16,Thursday,Clear,Area_F,24.27,11.84,Area_I,2.7,Area_F
MP-2026-00040,P0040,56+,Male,23.248591,77.483545,13:07,Monday,Clear,Area_D,5.29,6.81,Area_H,1.92,Area_I
MP-2026-00041,P0041,36-45,Male,23.309218,77.47037,11:11,Monday,Rain,Area_C,12.59,63.65,Area_F,7.41,Area_C
MP-2026-00042,P0042,18-25,Female,23.333598,77.473067,09:05,Thursday,Rain,Area_D,10.03,14.35,Area_E,2.74,Area_E
MP-2026-00043,P0043,36-45,Male,23.322534,77.419325,09:50,Friday,Clear,Area_C,13.4,74.21,Area_A,1.7,Area_B
MP-2026-00044,P0044,18-25,Female,23.180986,77.342355,08:43,Sunday,Fog,Area_A,11.61,46.01,Area_A,9.0,Area_D
MP-2026-00045,P0045,46-55,Male,23.329703,77.354956,15:42,Tuesday,Clear,Area_D,4.9,17.71,Area_C,1.21,Area_C
MP-2026-00046,P0046,36-45,Male,23.175435,77.415919,08:00,Thursday,Rain,Area_D,10.46,5.55,Area_I,5.7,Area_E
MP-2026-00047,P0047,18-25,Female,23.182891,77.490368,13:32,Monday,Clear,Area_B,20.51,51.28,Area_G,3.62,Area_D
MP-2026-00048,P0048,26-35,Male,23.190823,77.399415,06:36,Tuesday,Cloudy,Area_A,10.12,44.45,Area_H,1.71,Area_I
MP-2026-00049,P0049,26-35,Female,23.315473,77.420839,19:40,Monday,Fog,Area_F,10.4,24.04,Area_E,2.19,Area_H
MP-2026-00050,P0050,18-25,Male,23.254218,77.42002,10:58,Wednesday,Clear,Area_E,12.54,44.86,Area_D,14.08,Area_E
MP-2026-00051,P0051,36-45,Other,23.188361,77.49556,20:05,Thursday,Rain,Area_E,4.52,5.13,Area_F,0.1,Area_E
MP-2026-00052,P0052,46-55,Other,23.244195,77.34021,18:09,Friday,Clear,Area_G,10.69,13.18,Area_A,1.66,Area_B
MP-2026-00053,P0053,36-45,Female,23.185265,77.467371,11:06,Saturday,Cloudy,Area_E,7.05,60.81,Area_I,0.69,Area_I
MP-2026-00054,P0054,46-55,Female,23.325493,77.413998,20:31,Saturday,Cloudy,Area_A,11.6,10.8,Area_A,5.36,Area_F
MP-2026-00055,P0055,46-55,Male,23.309567,77.335554,10:14,Wednesday,Clear,Area_C,6.6,18.56,Area_F,4.27,Area_B
MP-2026-00056,P0056,36-45,Male,23.092675,77.613969,07:29,Wednesday,Rain,Area_D,10.74,53.52,Area_G,0.62,Area_H
MP-2026-00057,P0057,46-55,Female,23.253766,77.462658,22:45,Saturday,Rain,Area_I,7.43,23.66,Area_F,6.92,Area_C
MP-2026-00058,P0058,26-35,Male,23.250844,77.452525,08:33,Saturday,Clear,Area_A,13.94,79.37,Area_C,3.21,Area_I
MP-2026-00059,P0059,26-35,Female,23.324566,77.487995,21:16,Tuesday,Clear,Area_E,10.91,34.05,Area_E,11.75,Area_H
MP-2026-00060,P0060,56+,Male,23.335694,77.457567,08:02,Friday,Clear,Area_E,9.16,3.24,Area_C,3.99,Area_B
MP-2026-00061,P0061,18-25,Male,23.240134,77.491178,08:16,Friday,Cloudy,Area_C,13.09,20.87,Area_C,9.64,Area_A
MP-2026-00062,P0062,36-45,Female,23.196238,77.341994,11:50,Wednesday,Cloudy,Area_D,5.73,70.29,Area_H,1.72,Area_F
MP-2026-00063,P0063,18-25,Female,23.248183,77.383129,07:19,Thursday,Cloudy,Area_D,5.86,24.0,Area_D,1.96,Area_D
MP-2026-00064,P0064,46-55,Female,23.197304,77.343583,15:10,Sunday,Fog,Area_G,9.32,10.11,Area_H,24.0,Area_H
MP-2026-00065,P0065,36-45,Male,23.244713,77.479042,05:32,Monday,Cloudy,Area_B,7.12,36.29,Area_F,11.77,Area_G
MP-2026-00066,P0066,26-35,Male,23.255522,77.413069,15:33,Tuesday,Clear,Area_H,10.68,6.49,Area_H,2.53,Area_H
MP-2026-00067,P0067,26-35,Female,23.180167,77.404724,13:17,Saturday,Cloudy,Area_D,2.89,3.41,Area_E,0.6,Area_D
MP-2026-00068,P0068,18-25,Female,23.326809,77.486526,17:17,Sunday,Clear,Area_E,10.82,77.93,Area_G,2.81,Area_B
MP-2026-00069,P0069,26-35,Male,23.25762,77.417631,13:41,Thursday,Clear,Area_D,13.07,42.37,Area_D,4.31,Area_E
MP-2026-00070,P0070,26-35,Male,23.319764,77.334453,07:29,Sunday,Clear,Area_F,6.0,24.4,Area_C,3.7,Area_A
MP-2026-00071,P0071,26-35,Male,23.257043,77.461464,13:42,Tuesday,Rain,Area_F,6.68,10.62,Area_B,4.18,Area_C
MP-2026-00072,P0072,46-55,Female,23.242384,77.490645,19:32,Monday,Clear,Area_F,6.57,23.74,Area_I,5.31,Area_C
MP-2026-00073,P0073,18-25,Female,23.188375,77.409387,07:45,Monday,Clear,Area_F,5.8,23.07,Area_H,3.0,Area_G
MP-2026-00074,P0074,26-35,Female,23.315716,77.33561,09:16,Thursday,Cloudy,Area_A,5.96,70.88,Area_D,4.15,Area_A
MP-2026-00075,P0075,26-35,Other,23.337256,77.486167,12:15,Monday,Clear,Area_A,9.87,77.27,Area_C,7.67,Area_E
MP-2026-00076,P0076,36-45,Female,23.313304,77.343988,08:00,Saturday,Rain,Area_C,9.0,10.6,Area_A,1.35,Area_A
MP-2026-00077,P0077,36-45,Female,23.18264,77.478365,12:26,Friday,Cloudy,Area_I,11.03,23.41,Area_F,0.77,Area_I
MP-2026-00078,P0078,36-45,Male,23.064284,77.607143,09:38,Sunday,Rain,Area_J,9.58,6.62,Area_J,0.72,Area_J
MP-2026-00079,P0079,36-45,Male,23.316278,77.474169,08:23,Tuesday,Cloudy,Area_F,7.51,69.36,Area_B,10.4,Area_A
MP-2026-00080,P0080,36-45,Female,23.256847,77.403303,17:28,Thursday,Cloudy,Area_E,9.61,77.84,Area_F,5.34,Area_H
MP-2026-00081,P0081,46-55,Female,23.249488,77.474206,07:55,Tuesday,Clear,Area_E,6.45,3.04,Area_D,12.62,Area_F
MP-2026-00082,P0082,26-35,Male,23.33078,77.332401,13:58,Friday,Clear,Area_G,17.15,25.1,Area_D,1.76,Area_D
MP-2026-00083,P0083,18-25,Other,23.247678,77.412754,08:39,Wednesday,Clear,Area_H,12.95,34.92,Area_G,3.16,Area_D
MP-2026-00084,P0084,36-45,Female,23.258113,77.325085,08:48,Sunday,Clear,Area_B,13.53,3.56,Area_D,5.05,Area_G
MP-2026-00085,P0085,46-55,Female,23.334357,77.421102,20:21,Friday,Cloudy,Area_A,9.76,3.3,Area_A,1.28,Area_A
MP-2026-00086,P0086,18-25,Female,23.177885,77.412323,05:04,Thursday,Rain,Area_B,7.78,7.15,Area_D,4.13,Area_B
MP-2026-00087,P0087,36-45,Female,23.325245,77.329583,13:41,Tuesday,Rain,Area_I,28.64,37.36,Area_D,1.33,Area_D
MP-2026-00088,P0088,26-35,Other,23.308259,77.414795,07:22,Tuesday,Fog,Area_F,7.45,14.27,Area_C,0.96,Area_F
MP-2026-00089,P0089,36-45,Male,23.170687,77.354026,19:19,Sunday,Clear,Area_G,9.95,72.87,Area_B,1.02,Area_H
MP-2026-00090,P0090,46-55,Female,23.322371,77.502648,15:57,Saturday,Clear,Area_B,11.98,35.04,Area_F,0.76,Area_B
MP-2026-00091,P0091,26-35,Male,23.200037,77.475604,12:30,Tuesday,Clear,Area_G,13.23,24.77,Area_D,2.8,Area_G
MP-2026-00092,P0092,18-25,Female,23.239195,77.478371,18:29,Tuesday,Clear,Area_D,10.8,15.34,Area_E,6.21,Area_E
MP-2026-00093,P0093,26-35,Male,23.257815,77.41206,19:41,Monday,Clear,Area_B,17.67,11.52,Area_C,5.97,Area_B
MP-2026-00094,P0094,26-35,Female,23.308175,77.418986,17:59,Tuesday,Clear,Area_B,7.57,9.09,Area_B,9.92,Area_B
MP-2026-00095,P0095,18-25,Male,23.34296,77.353913,16:10,Thursday,Rain,Area_E,8.51,40.78,Area_A,8.05,Area_B
MP-2026-00096,P0096,56+,Male,23.313634,77.329564,04:39,Saturday,Cloudy,Area_I,3.81,20.41,Area_G,3.38,Area_A
MP-2026-00097,P0097,26-35,Female,23.204483,77.485784,08:48,Thursday,Cloudy,Area_F,11.85,7.08,Area_D,2.04,Area_G
MP-2026-00098,P0098,36-45,Male,23.254362,77.490097,13:18,Tuesday,Clear,Area_B,6.48,3.85,Area_I,7.86,Area_I
MP-2026-00099,P0099,18-25,Male,23.248921,77.330377,07:23,Thursday,Rain,Area_C,14.02,55.77,Area_B,2.05,Area_B
MP-2026-00100,P0100,56+,Male,23.324881,77.331258,06:18,Tuesday,Clear,Area_C,15.8,12.23,Area_B,0.28,Area_B
MP-2026-00101,P0101,26-35,Male,23.249725,77.423671,09:28,Monday,Cloudy,Area_E,4.22,2.61,Area_C,3.85,Area_C
MP-2026-00102,P0102,36-45,Female,23.315876,77.411903,08:47,Saturday,Cloudy,Area_D,8.21,12.68,Area_E,0.58,Area_D
MP-2026-00103,P0103,36-45,Female,23.328402,77.403085,14:23,Tuesday,Cloudy,Area_A,9.34,73.69,Area_D,1.93,Area_E
MP-2026-00104,P0104,18-25,Male,23.176483,77.466568,08:12,Friday,Clear,Area_A,11.27,39.36,Area_B,0.1,Area_A
MP-2026-00105,P0105,56+,Female,23.336202,77.418041,18:29,Wednesday,Cloudy,Area_E,9.0,19.74,Area_F,0.67,Area_E
MP-2026-00106,P0106,26-35,Female,23.322564,77.486345,08:36,Monday,Cloudy,Area_D,15.37,66.58,Area_B,3.75,Area_C
MP-2026-00107,P0107,26-35,Male,23.340503,77.346286,14:28,Sunday,Fog,Area_E,9.83,66.35,Area_E,2.76,Area_C
MP-2026-00108,P0108,46-55,Female,23.06847,77.61052,08:30,Wednesday,Cloudy,Area_H,10.82,33.2,Area_J,3.57,Area_J
MP-2026-00109,P0109,18-25,Male,23.253236,77.410427,15:37,Sunday,Cloudy,Area_G,18.06,43.58,Area_D,1.52,Area_D
MP-2026-00110,P0110,26-35,Female,23.323287,77.411813,18:41,Tuesday,Cloudy,Area_D,5.57,16.38,Area_A,0.89,Area_A
MP-2026-00111,P0111,26-35,Male,23.268442,77.475524,18:10,Thursday,Fog,Area_C,11.52,18.45,Area_I,1.49,Area_F
MP-2026-00112,P0112,18-25,Female,23.235211,77.464876,09:00,Tuesday,Clear,Area_B,11.48,7.29,Area_I,7.75,Area_I
MP-2026-00113,P0113,18-25,Female,23.336788,77.402778,09:01,Friday,Cloudy,Area_A,7.22,8.72,Area_A,0.42,Area_A
MP-2026-00114,P0114,26-35,Female,23.165654,77.483236,19:21,Sunday,Clear,Area_A,10.32,34.56,Area_F,1.05,Area_F
MP-2026-00115,P0115,36-45,Female,23.251299,77.414852,00:47,Wednesday,Rain,Area_I,5.53,47.92,Area_E,1.13,Area_C
MP-2026-00116,P0116,36-45,Male,23.247793,77.400085,17:20,Tuesday,Clear,Area_D,2.57,6.88,Area_B,8.05,Area_D
MP-2026-00117,P0117,18-25,Other,23.316075,77.421418,12:04,Wednesday,Clear,Area_G,8.29,48.6,Area_E,4.98,Area_E
MP-2026-00118,P0118,26-35,Female,23.322865,77.336417,15:50,Thursday,Cloudy,Area_I,12.01,16.79,Area_E,0.1,Area_B
MP-2026-00119,P0119,18-25,Male,23.163959,77.414031,18:22,Sunday,Clear,Area_G,24.07,47.29,Area_I,4.13,Area_G
MP-2026-00120,P0120,18-25,Female,23.247452,77.348249,03:53,Monday,Clear,Area_A,18.81,28.75,Area_G,0.62,Area_A
MP-2026-00121,P0121,36-45,Female,23.317698,77.466015,06:49,Thursday,Clear,Area_C,7.75,4.48,Area_I,2.39,Area_I
MP-2026-00122,P0122,18-25,Male,23.22839,77.348233,17:13,Tuesday,Clear,Area_C,24.18,50.68,Area_C,5.7,Area_A
MP-2026-00123,P0123,46-55,Female,23.240763,77.413778,18:26,Saturday,Clear,Area_C,3.44,3.61,Area_D,3.25,Area_B
MP-2026-00124,P0124,46-55,Other,23.263302,77.403611,20:03,Sunday,Clear,Area_E,7.69,43.36,Area_F,13.81,Area_B
MP-2026-00125,P0125,36-45,Male,23.326113,77.423252,09:39,Friday,Clear,Area_E,6.73,28.21,Area_F,1.27,Area_C
MP-2026-00126,P0126,18-25,Male,23.249097,77.454958,13:54,Saturday,Clear,Area_E,9.47,13.46,Area_B,1.23,Area_E
MP-2026-00127,P0127,18-25,Female,23.165701,77.479529,09:38,Tuesday,Cloudy,Area_A,11.94,10.86,Area_E,3.15,Area_H
MP-2026-00128,P0128,56+,Other,23.172938,77.478036,18:04,Sunday,Clear,Area_D,8.86,9.28,Area_G,0.1,Area_F
MP-2026-00129,P0129,36-45,Other,23.323624,77.399548,14:43,Friday,Cloudy,Area_E,9.56,66.58,Area_C,4.93,Area_C
MP-2026-00130,P0130,26-35,Female,23.318751,77.410847,15:02,Sunday,Cloudy,Area_A,10.3,23.52,Area_F,4.53,Area_C
MP-2026-00131,P0131,26-35,Male,23.312024,77.35208,15:51,Thursday,Cloudy,Area_E,17.14,79.84,Area_A,2.82,Area_B
MP-2026-00132,P0132,26-35,Female,23.32449,77.473655,22:20,Thursday,Fog,Area_D,19.79,62.73,Area_A,6.05,Area_E
MP-2026-00133,P0133,36-45,Male,23.320213,77.341453,13:24,Monday,Cloudy,Area_C,5.55,71.39,Area_E,3.81,Area_C
MP-2026-00134,P0134,46-55,Male,23.187175,77.474698,19:44,Saturday,Clear,Area_B,18.56,35.71,Area_C,7.82,Area_E
MP-2026-00135,P0135,26-35,Female,23.19191,77.34712,17:25,Saturday,Rain,Area_A,21.21,55.26,Area_G,7.78,Area_H
MP-2026-00136,P0136,18-25,Female,23.230907,77.47818,05:22,Wednesday,Clear,Area_C,17.57,54.7,Area_E,1.99,Area_E
MP-2026-00137,P0137,18-25,Male,23.306484,77.469541,02:09,Saturday,Clear,Area_C,7.48,20.89,Area_C,0.44,Area_C
MP-2026-00138,P0138,36-45,Female,23.318207,77.489216,16:53,Thursday,Cloudy,Area_C,10.31,50.4,Area_B,2.35,Area_H
MP-2026-00139,P0139,26-35,Female,23.309572,77.40833,07:08,Wednesday,Cloudy,Area_B,18.32,72.88,Area_E,5.91,Area_B
MP-2026-00140,P0140,26-35,Female,23.308592,77.421603,15:51,Friday,Clear,Area_H,8.63,44.51,Area_D,1.41,Area_H
MP-2026-00141,P0141,18-25,Female,23.256551,77.49245,17:08,Tuesday,Clear,Area_B,13.43,5.0,Area_D,2.74,Area_D
MP-2026-00142,P0142,18-25,Male,23.190321,77.417871,17:15,Thursday,Clear,Area_A,6.54,57.4,Area_D,0.78,Area_D
MP-2026-00143,P0143,26-35,Male,23.254717,77.353609,18:54,Monday,Clear,Area_D,11.69,22.62,Area_H,15.26,Area_D
MP-2026-00144,P0144,26-35,Female,23.251074,77.326947,12:47,Sunday,Clear,Area_E,11.36,18.19,Area_C,1.79,Area_A
MP-2026-00145,P0145,56+,Female,23.323798,77.406075,08:46,Sunday,Rain,Area_B,13.87,47.89,Area_C,6.9,Area_A
MP-2026-00146,P0146,36-45,Female,23.315846,77.414456,18:32,Tuesday,Clear,Area_B,6.25,22.41,Area_D,0.26,Area_B
MP-2026-00147,P0147,46-55,Female,23.327392,77.478118,05:32,Saturday,Clear,Area_A,12.07,2.96,Area_A,1.03,Area_B
MP-2026-00148,P0148,56+,Female,23.191016,77.339255,18:30,Tuesday,Cloudy,Area_B,4.44,36.54,Area_D,0.3,Area_D
MP-2026-00149,P0149,26-35,Female,23.178604,77.406704,06:08,Friday,Fog,Area_H,11.23,10.29,Area_D,1.14,Area_H
MP-2026-00150,P0150,26-35,Female,23.174772,77.407359,16:16,Tuesday,Rain,Area_B,8.38,7.8,Area_H,2.08,Area_B
MP-2026-00151,P0151,56+,Male,23.246712,77.341781,10:01,Saturday,Clear,Area_B,4.8,26.55,Area_A,3.71,Area_E
MP-2026-00152,P0152,18-25,Female,23.255821,77.490204,13:09,Monday,Clear,Area_B,16.76,24.69,Area_C,0.44,Area_B
MP-2026-00153,P0153,18-25,Female,23.185179,77.33805,09:23,Monday,Cloudy,Area_F,12.15,22.14,Area_H,3.04,Area_I
MP-2026-00154,P0154,26-35,Male,23.225453,77.329539,17:33,Monday,Clear,Area_H,5.61,60.19,Area_E,2.33,Area_E
MP-2026-00155,P0155,36-45,Female,23.258061,77.47437,01:30,Thursday,Rain,Area_H,8.12,24.01,Area_F,4.69,Area_B
MP-2026-00156,P0156,56+,Male,23.255373,77.337417,18:42,Sunday,Clear,Area_C,8.79,21.71,Area_A,1.33,Area_D
MP-2026-00157,P0157,36-45,Female,23.314832,77.409423,18:49,Wednesday,Clear,Area_G,4.36,15.47,Area_D,7.78,Area_G
MP-2026-00158,P0158,18-25,Female,23.171313,77.497005,08:16,Tuesday,Clear,Area_A,6.69,39.2,Area_G,0.5,Area_E
MP-2026-00159,P0159,46-55,Female,23.314191,77.349246,07:29,Saturday,Cloudy,Area_E,20.77,69.19,Area_D,5.33,Area_A
MP-2026-00160,P0160,18-25,Male,23.241109,77.344842,14:58,Monday,Clear,Area_G,7.68,10.63,Area_D,3.6,Area_G
MP-2026-00161,P0161,36-45,Female,23.251367,77.495098,08:48,Saturday,Rain,Area_D,14.38,73.94,Area_B,9.71,Area_B
MP-2026-00162,P0162,46-55,Male,23.23578,77.402163,07:36,Thursday,Clear,Area_E,3.49,24.5,Area_D,2.29,Area_B
MP-2026-00163,P0163,26-35,Female,23.20004,77.342099,14:40,Sunday,Cloudy,Area_D,7.87,32.34,Area_H,2.07,Area_D
MP-2026-00164,P0164,56+,Male,23.340285,77.334882,17:59,Sunday,Rain,Area_B,10.16,7.25,Area_B,10.21,Area_B
MP-2026-00165,P0165,18-25,Male,23.321806,77.420637,08:13,Monday,Clear,Area_F,28.86,28.02,Area_C,2.0,Area_E
MP-2026-00166,P0166,36-45,Female,23.06346,77.615341,08:15,Sunday,Cloudy,Area_D,8.35,17.45,Area_H,7.89,Area_I
MP-2026-00167,P0167,18-25,Male,23.319518,77.347284,15:23,Tuesday,Clear,Area_G,11.9,24.65,Area_D,6.49,Area_B
MP-2026-00168,P0168,26-35,Male,23.173995,77.338772,12:48,Monday,Clear,Area_A,5.74,54.57,Area_B,1.95,Area_E
MP-2026-00169,P0169,26-35,Male,23.321596,77.336439,19:23,Thursday,Clear,Area_I,6.15,30.79,Area_I,0.71,Area_D
MP-2026-00170,P0170,26-35,Female,23.26758,77.335559,17:26,Sunday,Clear,Area_A,5.17,41.24,Area_G,3.95,Area_I
MP-2026-00171,P0171,46-55,Female,23.324156,77.407181,20:21,Wednesday,Clear,Area_I,5.41,12.73,Area_C,0.41,Area_C
MP-2026-00172,P0172,18-25,Male,23.172202,77.418686,07:07,Thursday,Clear,Area_D,16.67,26.21,Area_H,0.22,Area_D
MP-2026-00173,P0173,26-35,Male,23.312923,77.489675,23:58,Monday,Clear,Area_B,6.3,2.79,Area_E,4.01,Area_A
MP-2026-00174,P0174,36-45,Other,23.306662,77.340774,13:00,Saturday,Clear,Area_A,14.11,22.74,Area_B,0.93,Area_D
MP-2026-00175,P0175,56+,Female,23.319084,77.488164,08:57,Saturday,Clear,Area_C,3.73,1.84,Area_B,0.1,Area_C
MP-2026-00176,P0176,26-35,Female,23.189043,77.34087,14:05,Monday,Clear,Area_E,19.91,54.63,Area_I,0.99,Area_H
MP-2026-00177,P0177,56+,Male,23.16586,77.411863,18:21,Saturday,Clear,Area_C,4.29,16.34,Area_F,3.47,Area_E
MP-2026-00178,P0178,36-45,Male,23.25093,77.345831,11:05,Sunday,Cloudy,Area_E,8.16,41.83,Area_I,0.67,Area_H
MP-2026-00179,P0179,26-35,Male,23.246691,77.395792,16:00,Thursday,Rain,Area_A,16.87,67.03,Area_E,1.8,Area_H
MP-2026-00180,P0180,46-55,Male,23.244187,77.410627,16:19,Thursday,Clear,Area_F,8.34,45.66,Area_C,3.46,Area_F
MP-2026-00181,P0181,26-35,Male,23.188663,77.343682,19:16,Wednesday,Clear,Area_H,15.39,24.42,Area_D,12.24,Area_H
MP-2026-00182,P0182,26-35,Female,23.189326,77.408001,03:16,Tuesday,Cloudy,Area_D,8.68,7.45,Area_G,1.1,Area_D
MP-2026-00183,P0183,18-25,Male,23.317337,77.483975,17:27,Monday,Clear,Area_B,4.81,12.8,Area_F,0.59,Area_B
MP-2026-00184,P0184,56+,Female,23.32933,77.409992,14:10,Tuesday,Clear,Area_J,9.28,1.58,Area_I,0.83,Area_F
MP-2026-00185,P0185,26-35,Male,23.185062,77.488789,14:52,Tuesday,Rain,Area_B,7.45,78.51,Area_E,4.62,Area_H
MP-2026-00186,P0186,36-45,Male,23.252325,77.492885,11:17,Friday,Cloudy,Area_B,19.79,20.72,Area_C,5.53,Area_B
MP-2026-00187,P0187,18-25,Female,23.306199,77.34228,19:20,Tuesday,Clear,Area_A,5.39,14.15,Area_A,11.23,Area_A
MP-2026-00188,P0188,56+,Male,23.18543,77.325044,18:30,Tuesday,Cloudy,Area_B,5.49,1.35,Area_G,0.54,Area_H
MP-2026-00189,P0189,46-55,Female,23.248367,77.476701,12:41,Saturday,Cloudy,Area_B,5.37,12.71,Area_C,1.95,Area_B
MP-2026-00190,P0190,36-45,Male,23.063455,77.609351,01:42,Sunday,Clear,Area_F,18.45,75.99,Area_I,3.24,Area_I
MP-2026-00191,P0191,26-35,Male,23.179748,77.406534,17:51,Thursday,Clear,Area_B,7.48,14.01,Area_F,6.64,Area_F
MP-2026-00192,P0192,36-45,Male,23.306856,77.337005,18:22,Saturday,Cloudy,Area_C,8.24,12.79,Area_B,1.79,Area_C
MP-2026-00193,P0193,18-25,Female,23.184667,77.480107,08:11,Thursday,Cloudy,Area_C,11.33,2.16,Area_F,12.57,Area_E
MP-2026-00194,P0194,36-45,Male,23.25174,77.40739,08:00,Thursday,Cloudy,Area_C,3.58,2.27,Area_F,6.42,Area_H
MP-2026-00195,P0195,46-55,Male,23.183914,77.356439,18:14,Saturday,Clear,Area_C,5.27,8.4,Area_F,2.37,Area_C
MP-2026-00196,P0196,18-25,Female,23.265165,77.409273,05:01,Saturday,Clear,Area_B,6.29,4.83,Area_E,3.97,Area_D
MP-2026-00197,P0197,18-25,Female,23.34225,77.337895,13:06,Wednesday,Cloudy,Area_J,12.01,20.47,Area_F,0.54,Area_C
MP-2026-00198,P0198,26-35,Male,23.312113,77.405185,01:51,Thursday,Rain,Area_B,11.68,14.47,Area_H,0.1,Area_H
MP-2026-00199,P0199,26-35,Male,23.254395,77.413754,09:00,Wednesday,Rain,Area_C,8.27,21.34,Area_B,4.49,Area_E
MP-2026-00200,P0200,26-35,Female,23.235435,77.485561,17:26,Saturday,Cloudy,Area_A,14.46,22.03,Area_E,2.08,Area_E
MP-2026-00201,P0201,46-55,Male,23.172643,77.415713,18:55,Sunday,Fog,Area_F,5.29,8.61,Area_H,0.51,Area_F
MP-2026-00202,P0202,18-25,Female,23.178949,77.474538,11:35,Wednesday,Clear,Area_G,15.62,72.53,Area_G,0.1,Area_E
MP-2026-00203,P0203,26-35,Female,23.327659,77.409874,19:15,Friday,Clear,Area_I,16.16,34.15,Area_E,3.97,Area_A
MP-2026-00204,P0204,36-45,Male,23.246836,77.427263,14:04,Thursday,Rain,Area_H,22.39,16.37,Area_A,4.73,Area_B
MP-2026-00205,P0205,18-25,Male,23.252079,77.401446,08:46,Tuesday,Cloudy,Area_I,10.48,9.78,Area_E,2.55,Area_A
MP-2026-00206,P0206,18-25,Male,23.190806,77.477093,08:38,Sunday,Clear,Area_D,7.97,50.94,Area_E,2.2,Area_G
MP-2026-00207,P0207,26-35,Male,23.188606,77.490894,08:42,Saturday,Clear,Area_E,4.9,8.86,Area_F,1.78,Area_E
MP-2026-00208,P0208,26-35,Female,23.248211,77.484616,18:14,Thursday,Clear,Area_D,11.37,7.93,Area_A,0.1,Area_B
MP-2026-00209,P0209,26-35,Male,23.250454,77.394416,06:38,Friday,Cloudy,Area_B,8.04,75.41,Area_B,0.43,Area_B
MP-2026-00210,P0210,26-35,Male,23.324558,77.480815,21:14,Wednesday,Clear,Area_C,13.34,61.18,Area_F,9.79,Area_B
MP-2026-00211,P0211,56+,Male,23.328243,77.489573,11:22,Friday,Rain,Area_A,5.83,76.8,Area_E,0.2,Area_B
MP-2026-00212,P0212,26-35,Male,23.241647,77.491057,13:05,Wednesday,Cloudy,Area_A,10.37,50.12,Area_I,2.48,Area_C
MP-2026-00213,P0213,26-35,Male,23.262209,77.481821,11:20,Sunday,Clear,Area_A,10.19,36.5,Area_D,2.31,Area_G
MP-2026-00214,P0214,26-35,Male,23.175037,77.471457,02:47,Tuesday,Rain,Area_J,6.71,1.06,Area_I,3.24,Area_E
MP-2026-00215,P0215,26-35,Female,23.261442,77.471545,07:19,Tuesday,Rain,Area_A,10.79,19.42,Area_F,7.5,Area_H
MP-2026-00216,P0216,26-35,Female,23.175065,77.4671,16:36,Tuesday,Clear,Area_G,10.7,2.71,Area_A,2.19,Area_D
MP-2026-00217,P0217,36-45,Female,23.249353,77.406541,10:04,Wednesday,Clear,Area_C,13.28,4.71,Area_F,1.13,Area_G
MP-2026-00218,P0218,36-45,Male,23.251005,77.48264,17:28,Monday,Clear,Area_H,6.79,19.34,Area_I,3.6,Area_H
MP-2026-00219,P0219,26-35,Female,23.064036,77.627953,18:56,Friday,Cloudy,Area_A,8.21,31.83,Area_A,1.03,Area_H
MP-2026-00220,P0220,36-45,Male,23.192893,77.413054,18:43,Wednesday,Cloudy,Area_D,7.14,76.52,Area_B,1.79,Area_H
MP-2026-00221,P0221,18-25,Female,23.174895,77.405744,13:04,Wednesday,Cloudy,Area_E,15.41,47.14,Area_F,0.64,Area_E
MP-2026-00222,P0222,18-25,Other,23.32436,77.46954,18:48,Saturday,Clear,Area_D,8.04,14.55,Area_F,1.7,Area_B
MP-2026-00223,P0223,26-35,Male,23.184793,77.334788,13:39,Friday,Clear,Area_E,13.63,48.68,Area_H,0.32,Area_E
MP-2026-00224,P0224,36-45,Male,23.179045,77.409291,09:22,Tuesday,Rain,Area_D,10.02,2.81,Area_D,0.14,Area_G
MP-2026-00225,P0225,36-45,Male,23.316913,77.481732,07:35,Thursday,Clear,Area_F,4.0,1.74,Area_E,17.51,Area_F
MP-2026-00226,P0226,56+,Other,23.258911,77.399416,06:20,Tuesday,Clear,Area_H,2.57,7.64,Area_E,3.42,Area_D
MP-2026-00227,P0227,26-35,Male,23.238149,77.487778,11:37,Thursday,Cloudy,Area_B,14.97,14.54,Area_I,2.36,Area_I
MP-2026-00228,P0228,36-45,Female,23.312875,77.344031,10:40,Monday,Cloudy,Area_D,4.7,5.98,Area_B,3.09,Area_B
MP-2026-00229,P0229,36-45,Female,23.183719,77.481718,14:44,Wednesday,Clear,Area_B,21.88,54.84,Area_J,8.34,Area_F
MP-2026-00230,P0230,18-25,Female,23.176807,77.481278,17:23,Monday,Cloudy,Area_C,10.88,17.44,Area_E,10.3,Area_C
MP-2026-00231,P0231,26-35,Male,23.17398,77.474991,19:03,Sunday,Rain,Area_I,11.65,13.14,Area_C,0.52,Area_B
MP-2026-00232,P0232,46-55,Male,23.247524,77.404495,11:15,Saturday,Clear,Area_B,19.25,33.59,Area_B,8.93,Area_D
MP-2026-00233,P0233,46-55,Other,23.196356,77.488482,14:50,Monday,Clear,Area_D,12.45,63.07,Area_E,1.44,Area_D
MP-2026-00234,P0234,36-45,Female,23.323503,77.328553,16:10,Saturday,Cloudy,Area_D,3.04,51.43,Area_G,1.73,Area_D
MP-2026-00235,P0235,36-45,Male,23.331882,77.397561,07:33,Saturday,Rain,Area_H,12.97,57.45,Area_F,4.91,Area_E
MP-2026-00236,P0236,26-35,Female,23.17558,77.40799,12:13,Wednesday,Cloudy,Area_J,5.93,38.08,Area_J,8.41,Area_J
MP-2026-00237,P0237,46-55,Male,23.250016,77.482632,14:37,Tuesday,Clear,Area_B,12.69,54.01,Area_E,0.1,Area_B
MP-2026-00238,P0238,26-35,Male,23.259032,77.431238,18:29,Thursday,Cloudy,Area_C,23.59,21.76,Area_F,0.52,Area_F
MP-2026-00239,P0239,46-55,Female,23.318243,77.425339,16:59,Wednesday,Clear,Area_E,7.06,31.7,Area_C,5.23,Area_C
MP-2026-00240,P0240,46-55,Male,23.325027,77.476766,19:01,Wednesday,Clear,Area_D,4.88,36.38,Area_H,1.25,Area_H
MP-2026-00241,P0241,36-45,Male,23.176049,77.346261,14:39,Friday,Clear,Area_A,5.65,55.74,Area_E,8.6,Area_A
MP-2026-00242,P0242,36-45,Female,23.200294,77.340929,13:28,Monday,Cloudy,Area_C,8.07,13.85,Area_F,15.04,Area_B
MP-2026-00243,P0243,26-35,Other,23.319903,77.329103,14:03,Wednesday,Cloudy,Area_E,4.28,47.23,Area_D,3.75,Area_E
MP-2026-00244,P0244,26-35,Other,23.315231,77.342746,15:25,Thursday,Clear,Area_C,12.64,56.46,Area_A,2.71,Area_C
MP-2026-00245,P0245,46-55,Female,23.243791,77.347993,07:05,Sunday,Clear,Area_D,18.91,56.33,Area_G,1.61,Area_E
MP-2026-00246,P0246,36-45,Male,23.325081,77.407233,15:52,Thursday,Clear,Area_C,7.42,38.34,Area_C,1.22,Area_E
MP-2026-00247,P0247,18-25,Male,23.318116,77.407653,13:51,Thursday,Clear,Area_B,5.77,44.86,Area_D,7.91,Area_D
MP-2026-00248,P0248,36-45,Other,23.313079,77.406048,09:51,Sunday,Clear,Area_B,6.71,23.54,Area_A,1.55,Area_E
MP-2026-00249,P0249,46-55,Female,23.33254,77.325721,07:26,Thursday,Clear,Area_E,16.09,18.74,Area_D,6.06,Area_E
MP-2026-00250,P0250,36-45,Female,23.181761,77.350228,22:02,Sunday,Cloudy,Area_F,6.54,23.18,Area_G,7.43,Area_H
MP-2026-00251,P0251,18-25,Male,23.245964,77.41055,07:47,Saturday,Clear,Area_E,8.37,18.03,Area_C,1.37,Area_D
MP-2026-00252,P0252,18-25,Female,23.182773,77.408497,07:49,Thursday,Rain,Area_A,17.33,9.24,Area_E,0.1,Area_A
MP-2026-00253,P0253,18-25,Female,23.176701,77.345481,18:14,Wednesday,Cloudy,Area_E,30.0,21.34,Area_F,7.57,Area_B
MP-2026-00254,P0254,26-35,Female,23.183095,77.468983,01:08,Tuesday,Clear,Area_G,20.37,29.42,Area_E,1.73,Area_I
MP-2026-00255,P0255,56+,Male,23.319883,77.408193,16:21,Sunday,Clear,Area_E,3.05,8.75,Area_E,2.53,Area_F
MP-2026-00256,P0256,26-35,Female,23.181826,77.463938,12:53,Thursday,Rain,Area_B,11.73,34.93,Area_E,0.72,Area_F
MP-2026-00257,P0257,26-35,Male,23.189852,77.415492,18:19,Thursday,Clear,Area_D,5.62,47.18,Area_A,4.53,Area_F
MP-2026-00258,P0258,26-35,Male,23.24221,77.406222,18:13,Monday,Clear,Area_D,4.78,25.91,Area_H,10.55,Area_B
MP-2026-00259,P0259,36-45,Female,23.175697,77.342685,19:47,Sunday,Rain,Area_A,5.75,18.93,Area_G,1.85,Area_D
MP-2026-00260,P0260,46-55,Male,23.314073,77.487124,09:10,Monday,Clear,Area_A,2.18,2.71,Area_D,1.78,Area_A
MP-2026-00261,P0261,26-35,Male,23.185846,77.485027,17:56,Wednesday,Cloudy,Area_B,12.96,23.28,Area_H,3.24,Area_E
MP-2026-00262,P0262,26-35,Female,23.308097,77.334408,09:34,Saturday,Fog,Area_C,13.34,39.34,Area_A,2.81,Area_D
MP-2026-00263,P0263,26-35,Female,23.166168,77.482443,19:45,Thursday,Clear,Area_A,3.77,4.09,Area_D,1.78,Area_H
MP-2026-00264,P0264,36-45,Male,23.334366,77.343027,05:58,Wednesday,Clear,Area_B,18.06,28.1,Area_B,5.85,Area_B
MP-2026-00265,P0265,26-35,Female,23.184886,77.416274,08:20,Thursday,Cloudy,Area_B,10.78,7.27,Area_B,6.5,Area_C
MP-2026-00266,P0266,36-45,Male,23.175842,77.396622,07:49,Thursday,Clear,Area_F,6.08,19.25,Area_F,4.4,Area_E
MP-2026-00267,P0267,46-55,Male,23.177163,77.476721,11:45,Tuesday,Rain,Area_D,4.08,35.87,Area_G,1.79,Area_H
MP-2026-00268,P0268,36-45,Female,23.311168,77.342265,07:11,Tuesday,Clear,Area_B,4.97,34.02,Area_E,1.05,Area_F
MP-2026-00269,P0269,26-35,Male,23.257424,77.499425,09:03,Saturday,Clear,Area_H,4.73,35.01,Area_F,1.84,Area_E
MP-2026-00270,P0270,26-35,Other,23.252243,77.496964,09:07,Saturday,Clear,Area_D,8.2,64.08,Area_G,2.72,Area_D
MP-2026-00271,P0271,36-45,Female,23.184961,77.413867,15:51,Saturday,Clear,Area_C,7.96,6.99,Area_C,8.68,Area_C
MP-2026-00272,P0272,36-45,Female,23.177123,77.469559,08:38,Wednesday,Rain,Area_F,2.78,2.74,Area_H,4.29,Area_E
MP-2026-00273,P0273,18-25,Male,23.319831,77.337283,22:22,Friday,Clear,Area_H,14.0,42.65,Area_B,1.56,Area_E
MP-2026-00274,P0274,26-35,Female,23.311806,77.405993,18:55,Tuesday,Rain,Area_A,8.38,19.79,Area_D,2.08,Area_G
MP-2026-00275,P0275,56+,Female,23.194405,77.488265,11:21,Monday,Clear,Area_H,5.38,9.71,Area_E,1.41,Area_H
MP-2026-00276,P0276,56+,Male,23.311903,77.480937,18:14,Monday,Clear,Area_D,8.54,23.28,Area_B,2.52,Area_H
MP-2026-00277,P0277,18-25,Male,23.18849,77.404391,20:17,Monday,Clear,Area_F,5.11,4.94,Area_B,0.42,Area_F
MP-2026-00278,P0278,26-35,Female,23.299883,77.322355,20:12,Wednesday,Clear,Area_A,6.22,7.74,Area_D,5.41,Area_A
MP-2026-00279,P0279,26-35,Male,23.26034,77.403372,04:25,Friday,Clear,Area_C,11.54,64.83,Area_B,5.1,Area_A
MP-2026-00280,P0280,36-45,Female,23.254663,77.343381,17:40,Wednesday,Clear,Area_D,22.96,69.03,Area_C,3.54,Area_B
MP-2026-00281,P0281,18-25,Male,23.245977,77.471624,12:27,Tuesday,Clear,Area_C,4.8,12.9,Area_C,4.86,Area_E
MP-2026-00282,P0282,36-45,Male,23.199144,77.412597,13:56,Sunday,Rain,Area_C,6.91,7.48,Area_F,1.49,Area_E
MP-2026-00283,P0283,36-45,Female,23.237874,77.336541,10:21,Friday,Clear,Area_D,12.38,64.38,Area_E,5.77,Area_D
MP-2026-00284,P0284,36-45,Female,23.16504,77.431932,10:28,Friday,Clear,Area_E,20.61,73.01,Area_H,5.85,Area_E
MP-2026-00285,P0285,18-25,Female,23.256852,77.488525,13:27,Saturday,Cloudy,Area_A,11.13,1.98,Area_B,2.05,Area_E
MP-2026-00286,P0286,36-45,Male,23.239674,77.348455,21:55,Monday,Cloudy,Area_F,7.88,28.36,Area_G,1.12,Area_E
MP-2026-00287,P0287,56+,Female,23.177055,77.470691,08:48,Monday,Cloudy,Area_G,7.97,12.64,Area_A,0.53,Area_G
MP-2026-00288,P0288,26-35,Male,23.239384,77.471041,17:21,Sunday,Clear,Area_B,13.12,19.96,Area_B,3.82,Area_C
MP-2026-00289,P0289,36-45,Female,23.254872,77.345707,21:18,Thursday,Clear,Area_A,9.62,66.9,Area_B,17.49,Area_E
MP-2026-00290,P0290,18-25,Female,23.328227,77.341262,11:05,Monday,Clear,Area_A,6.0,15.64,Area_E,1.18,Area_A
MP-2026-00291,P0291,26-35,Female,23.309476,77.409916,17:55,Tuesday,Cloudy,Area_E,14.12,4.59,Area_F,1.97,Area_H
MP-2026-00292,P0292,18-25,Female,23.173511,77.33707,07:36,Thursday,Cloudy,Area_E,6.01,23.77,Area_H,7.97,Area_H
MP-2026-00293,P0293,18-25,Male,23.327436,77.474763,16:58,Friday,Clear,Area_A,7.71,11.33,Area_D,1.25,Area_E
MP-2026-00294,P0294,56+,Female,23.328322,77.418036,11:09,Tuesday,Clear,Area_B,11.83,19.6,Area_C,3.59,Area_E
MP-2026-00295,P0295,46-55,Female,23.321203,77.343662,18:15,Friday,Cloudy,Area_G,7.38,23.03,Area_D,3.01,Area_D
MP-2026-00296,P0296,36-45,Male,23.320698,77.341069,13:33,Monday,Cloudy,Area_F,12.07,60.58,Area_F,8.83,Area_E
MP-2026-00297,P0297,18-25,Male,23.314351,77.474518,17:42,Friday,Rain,Area_F,13.74,63.96,Area_E,1.59,Area_H
MP-2026-00298,P0298,36-45,Male,23.2527,77.487327,08:57,Wednesday,Cloudy,Area_I,13.43,56.03,Area_H,0.49,Area_I
MP-2026-00299,P0299,36-45,Male,23.243595,77.343995,06:58,Tuesday,Cloudy,Area_A,15.7,73.29,Area_H,1.69,Area_E
MP-2026-00300,P0300,36-45,Male,23.190937,77.342845,20:19,Friday,Fog,Area_D,8.3,18.56,Area_C,0.72,Area_B
MP-2026-00301,P0301,46-55,Male,23.175627,77.405548,08:25,Monday,Clear,Area_A,12.39,7.08,Area_E,0.43,Area_A
MP-2026-00302,P0302,56+,Male,23.183647,77.3932,07:48,Tuesday,Fog,Area_F,3.59,2.38,Area_F,2.43,Area_E
MP-2026-00303,P0303,46-55,Male,23.194238,77.345255,07:08,Thursday,Clear,Area_D,18.65,45.91,Area_D,1.53,Area_H
MP-2026-00304,P0304,56+,Female,23.264124,77.34605,14:38,Monday,Clear,Area_G,12.56,5.13,Area_I,4.48,Area_F
MP-2026-00305,P0305,26-35,Male,23.243715,77.469901,15:25,Saturday,Clear,Area_C,5.46,69.79,Area_B,1.06,Area_C
MP-2026-00306,P0306,46-55,Female,23.3379,77.400991,14:20,Thursday,Rain,Area_D,4.25,17.79,Area_A,5.53,Area_D
MP-2026-00307,P0307,46-55,Female,23.173843,77.493854,14:50,Saturday,Clear,Area_B,16.54,69.02,Area_F,0.13,Area_F
MP-2026-00308,P0308,46-55,Female,23.178837,77.409113,12:40,Tuesday,Cloudy,Area_F,6.29,52.75,Area_H,0.16,Area_G
MP-2026-00309,P0309,18-25,Female,23.167846,77.327957,01:00,Wednesday,Cloudy,Area_D,7.55,78.4,Area_E,1.53,Area_I
MP-2026-00310,P0310,46-55,Male,23.258086,77.413181,21:16,Wednesday,Clear,Area_B,20.31,45.57,Area_A,0.1,Area_D
MP-2026-00311,P0311,26-35,Female,23.185584,77.340531,18:40,Monday,Clear,Area_E,12.17,50.67,Area_H,0.99,Area_H
MP-2026-00312,P0312,18-25,Male,23.17542,77.33661,20:31,Thursday,Cloudy,Area_F,8.32,71.81,Area_J,10.22,Area_J
MP-2026-00313,P0313,26-35,Female,23.319172,77.410548,08:58,Monday,Rain,Area_B,19.21,11.75,Area_C,4.81,Area_F
MP-2026-00314,P0314,46-55,Male,23.318157,77.419847,08:24,Sunday,Fog,Area_H,7.89,12.96,Area_G,0.13,Area_D
MP-2026-00315,P0315,56+,Female,23.323341,77.422282,19:48,Friday,Cloudy,Area_A,11.8,12.13,Area_I,2.44,Area_B
MP-2026-00316,P0316,18-25,Female,23.253302,77.339424,20:48,Saturday,Clear,Area_B,15.07,32.66,Area_B,9.2,Area_B
MP-2026-00317,P0317,26-35,Other,23.305817,77.350151,06:48,Monday,Rain,Area_B,14.79,41.23,Area_D,4.17,Area_B
MP-2026-00318,P0318,46-55,Female,23.177545,77.409653,09:09,Tuesday,Clear,Area_H,5.3,75.61,Area_F,2.47,Area_H
MP-2026-00319,P0319,26-35,Male,23.32318,77.480551,14:43,Wednesday,Cloudy,Area_C,16.29,24.63,Area_I,10.32,Area_I
MP-2026-00320,P0320,26-35,Male,23.310775,77.462634,02:03,Wednesday,Cloudy,Area_H,15.22,47.26,Area_C,1.76,Area_C
MP-2026-00321,P0321,18-25,Male,23.305585,77.395244,18:28,Thursday,Cloudy,Area_B,16.01,62.87,Area_D,7.52,Area_B
MP-2026-00322,P0322,26-35,Male,23.24899,77.399984,08:28,Thursday,Rain,Area_A,30.0,35.83,Area_C,4.44,Area_A
MP-2026-00323,P0323,26-35,Male,23.174575,77.414966,09:41,Saturday,Clear,Area_A,9.33,20.9,Area_D,0.92,Area_A
MP-2026-00324,P0324,56+,Male,23.318851,77.342112,17:28,Friday,Rain,Area_A,5.41,68.55,Area_B,0.26,Area_A
MP-2026-00325,P0325,46-55,Female,23.251431,77.325031,18:44,Friday,Clear,Area_B,7.92,53.97,Area_B,1.64,Area_B
MP-2026-00326,P0326,26-35,Female,23.24489,77.470762,16:43,Saturday,Clear,Area_B,14.67,12.92,Area_E,0.12,Area_H
MP-2026-00327,P0327,18-25,Male,23.250733,77.350061,06:59,Tuesday,Cloudy,Area_E,7.45,3.35,Area_A,0.66,Area_E
MP-2026-00328,P0328,26-35,Female,23.251801,77.484259,09:39,Friday,Rain,Area_C,5.96,45.76,Area_H,0.98,Area_H
MP-2026-00329,P0329,26-35,Male,23.251683,77.414074,10:06,Tuesday,Rain,Area_B,22.3,69.34,Area_A,4.02,Area_G
MP-2026-00330,P0330,36-45,Female,23.194618,77.48743,20:41,Tuesday,Clear,Area_C,12.53,47.63,Area_I,12.24,Area_H
MP-2026-00331,P0331,36-45,Male,23.236825,77.402892,11:17,Thursday,Rain,Area_D,4.51,3.75,Area_G,7.66,Area_D
MP-2026-00332,P0332,46-55,Female,23.249249,77.341329,20:35,Wednesday,Clear,Area_D,7.55,28.05,Area_H,0.69,Area_D
MP-2026-00333,P0333,26-35,Male,23.32687,77.341084,12:19,Sunday,Cloudy,Area_E,7.01,57.71,Area_H,0.41,Area_E
MP-2026-00334,P0334,26-35,Male,23.325733,77.464764,19:09,Tuesday,Clear,Area_B,10.31,20.71,Area_D,0.6,Area_B
MP-2026-00335,P0335,46-55,Male,23.23315,77.48196,06:34,Friday,Clear,Area_I,5.35,14.64,Area_J,1.58,Area_H
MP-2026-00336,P0336,56+,Female,23.245982,77.414033,10:51,Friday,Clear,Area_B,10.39,23.64,Area_I,3.22,Area_F
MP-2026-00337,P0337,36-45,Female,23.175882,77.332841,11:22,Wednesday,Clear,Area_B,4.41,4.39,Area_H,6.63,Area_E
MP-2026-00338,P0338,36-45,Female,23.255221,77.332767,19:14,Monday,Cloudy,Area_G,8.02,18.46,Area_F,0.68,Area_D
MP-2026-00339,P0339,46-55,Male,23.189113,77.46609,13:13,Thursday,Clear,Area_B,4.13,16.93,Area_F,0.16,Area_H
MP-2026-00340,P0340,26-35,Male,23.318313,77.497709,13:03,Sunday,Cloudy,Area_F,22.7,31.99,Area_B,0.61,Area_B
MP-2026-00341,P0341,26-35,Male,23.248481,77.409204,08:37,Sunday,Clear,Area_C,8.09,34.57,Area_H,6.98,Area_G
MP-2026-00342,P0342,36-45,Male,23.319081,77.479798,10:18,Sunday,Fog,Area_G,5.83,11.42,Area_E,4.58,Area_E
MP-2026-00343,P0343,18-25,Female,23.180623,77.4236,05:10,Monday,Clear,Area_I,5.06,57.26,Area_C,0.19,Area_F
MP-2026-00344,P0344,18-25,Male,23.32794,77.481933,15:32,Monday,Cloudy,Area_C,5.18,79.79,Area_E,8.6,Area_B
MP-2026-00345,P0345,56+,Female,23.315476,77.479016,11:53,Thursday,Cloudy,Area_B,3.48,3.73,Area_C,2.82,Area_C
MP-2026-00346,P0346,36-45,Male,23.183944,77.41572,02:26,Thursday,Clear,Area_D,7.83,21.5,Area_D,8.71,Area_E
MP-2026-00347,P0347,18-25,Male,23.180297,77.415705,14:45,Friday,Rain,Area_A,10.96,50.06,Area_E,4.1,Area_I
MP-2026-00348,P0348,26-35,Male,23.308385,77.3444,17:12,Friday,Cloudy,Area_G,17.34,70.67,Area_A,2.1,Area_B
MP-2026-00349,P0349,36-45,Female,23.24302,77.47511,19:48,Sunday,Clear,Area_D,16.12,52.37,Area_D,0.4,Area_C
MP-2026-00350,P0350,46-55,Female,23.258421,77.396913,17:20,Saturday,Clear,Area_A,5.91,3.81,Area_G,2.91,Area_A
MP-2026-00351,P0351,56+,Male,23.178898,77.325498,19:51,Monday,Cloudy,Area_E,12.18,24.53,Area_E,1.74,Area_H
MP-2026-00352,P0352,26-35,Male,23.175362,77.347299,15:26,Monday,Clear,Area_E,2.89,19.91,Area_D,8.19,Area_E
MP-2026-00353,P0353,36-45,Other,23.343765,77.416682,23:26,Tuesday,Cloudy,Area_F,5.73,6.38,Area_B,8.15,Area_F
MP-2026-00354,P0354,36-45,Male,23.265162,77.421906,07:58,Thursday,Clear,Area_B,14.38,7.36,Area_A,2.49,Area_B
MP-2026-00355,P0355,56+,Female,23.328909,77.31498,22:55,Sunday,Rain,Area_G,3.17,72.6,Area_G,2.91,Area_A
MP-2026-00356,P0356,26-35,Other,23.261532,77.347644,18:18,Tuesday,Cloudy,Area_C,6.18,21.11,Area_E,2.74,Area_C
MP-2026-00357,P0357,36-45,Female,23.240923,77.473332,08:55,Friday,Clear,Area_B,6.6,68.2,Area_H,2.76,Area_B
MP-2026-00358,P0358,36-45,Male,23.202895,77.472987,11:51,Tuesday,Cloudy,Area_B,12.67,48.64,Area_I,4.7,Area_H
MP-2026-00359,P0359,36-45,Male,23.195763,77.404313,01:22,Monday,Cloudy,Area_G,3.43,46.73,Area_D,8.54,Area_G
MP-2026-00360,P0360,26-35,Male,23.249337,77.486713,07:01,Friday,Clear,Area_E,13.71,38.56,Area_I,3.31,Area_C
MP-2026-00361,P0361,46-55,Male,23.064095,77.627177,19:09,Friday,Cloudy,Area_J,17.89,61.83,Area_J,0.95,Area_J
MP-2026-00362,P0362,36-45,Female,23.271382,77.461272,09:38,Sunday,Clear,Area_B,9.04,1.84,Area_E,4.57,Area_B
MP-2026-00363,P0363,26-35,Male,23.306384,77.408307,08:41,Monday,Clear,Area_A,12.61,10.76,Area_B,2.12,Area_A
MP-2026-00364,P0364,36-45,Female,23.249969,77.350604,06:23,Wednesday,Clear,Area_F,26.34,20.25,Area_E,6.05,Area_B
MP-2026-00365,P0365,18-25,Male,23.175832,77.335142,03:03,Thursday,Clear,Area_A,21.8,77.23,Area_H,3.57,Area_G
MP-2026-00366,P0366,36-45,Male,23.326265,77.481734,19:10,Friday,Cloudy,Area_A,10.55,31.54,Area_B,8.89,Area_A
MP-2026-00367,P0367,18-25,Female,23.18399,77.399461,19:39,Monday,Cloudy,Area_B,5.4,18.5,Area_C,0.87,Area_H
MP-2026-00368,P0368,18-25,Male,23.311683,77.479828,17:44,Sunday,Clear,Area_F,7.55,1.09,Area_B,5.37,Area_F
MP-2026-00369,P0369,26-35,Male,23.332808,77.477432,14:07,Wednesday,Fog,Area_B,20.4,70.87,Area_C,2.06,Area_B
MP-2026-00370,P0370,18-25,Female,23.244665,77.403089,17:20,Tuesday,Clear,Area_I,17.31,48.9,Area_H,0.11,Area_H
MP-2026-00371,P0371,18-25,Male,23.269204,77.478848,17:24,Tuesday,Clear,Area_G,19.15,31.83,Area_G,0.58,Area_H
MP-2026-00372,P0372,26-35,Female,23.174619,77.33904,22:16,Wednesday,Rain,Area_H,7.05,14.09,Area_D,4.14,Area_H
MP-2026-00373,P0373,26-35,Male,23.31975,77.41881,18:15,Tuesday,Clear,Area_A,5.73,7.29,Area_A,6.93,Area_A
MP-2026-00374,P0374,56+,Female,23.319263,77.477937,11:54,Monday,Clear,Area_C,9.61,74.72,Area_F,1.34,Area_C
MP-2026-00375,P0375,18-25,Female,23.19304,77.346634,14:30,Wednesday,Clear,Area_A,9.3,6.3,Area_D,4.85,Area_H
MP-2026-00376,P0376,18-25,Female,23.326132,77.426188,17:52,Tuesday,Clear,Area_A,15.45,63.62,Area_F,0.52,Area_C
MP-2026-00377,P0377,36-45,Male,23.263557,77.476719,19:03,Sunday,Clear,Area_A,18.53,23.77,Area_A,1.94,Area_B
MP-2026-00378,P0378,36-45,Male,23.072207,77.609941,13:08,Monday,Rain,Area_I,11.24,9.88,Area_J,9.08,Area_J
MP-2026-00379,P0379,26-35,Male,23.168288,77.477133,09:47,Monday,Clear,Area_H,11.05,15.89,Area_G,2.22,Area_E
MP-2026-00380,P0380,18-25,Male,23.320669,77.331869,10:00,Saturday,Clear,Area_B,15.16,27.49,Area_H,2.72,Area_D
MP-2026-00381,P0381,18-25,Male,23.308208,77.344785,17:12,Friday,Cloudy,Area_B,10.65,17.63,Area_G,1.64,Area_B
MP-2026-00382,P0382,26-35,Male,23.253789,77.342292,13:50,Wednesday,Cloudy,Area_I,17.92,77.32,Area_D,4.33,Area_G
MP-2026-00383,P0383,36-45,Female,23.176675,77.419635,17:57,Saturday,Clear,Area_C,8.41,18.58,Area_B,2.22,Area_H
MP-2026-00384,P0384,56+,Female,23.249009,77.472569,10:40,Tuesday,Clear,Area_G,4.85,22.43,Area_F,4.26,Area_G
MP-2026-00385,P0385,26-35,Female,23.233925,77.477661,15:14,Saturday,Clear,Area_H,8.18,20.08,Area_D,2.67,Area_E
MP-2026-00386,P0386,26-35,Female,23.242896,77.39876,08:36,Wednesday,Clear,Area_C,21.71,13.59,Area_I,6.68,Area_D
MP-2026-00387,P0387,36-45,Male,23.309918,77.408374,16:18,Saturday,Rain,Area_D,7.36,20.29,Area_A,8.36,Area_D
MP-2026-00388,P0388,26-35,Female,23.329549,77.347904,19:28,Tuesday,Rain,Area_C,19.09,58.56,Area_D,11.97,Area_B
MP-2026-00389,P0389,36-45,Female,23.314737,77.407628,18:24,Tuesday,Clear,Area_C,9.03,53.67,Area_E,2.02,Area_C
MP-2026-00390,P0390,36-45,Male,23.259565,77.452257,08:07,Tuesday,Cloudy,Area_E,17.36,55.93,Area_C,3.94,Area_E
MP-2026-00391,P0391,18-25,Female,23.161197,77.403487,06:22,Wednesday,Clear,Area_G,17.17,41.71,Area_E,6.87,Area_E
MP-2026-00392,P0392,26-35,Male,23.327137,77.491023,18:57,Sunday,Clear,Area_A,8.05,49.04,Area_F,2.59,Area_C
MP-2026-00393,P0393,36-45,Male,23.31984,77.469807,15:54,Tuesday,Clear,Area_G,15.36,79.15,Area_C,1.18,Area_C
MP-2026-00394,P0394,56+,Female,23.323764,77.326538,04:39,Monday,Clear,Area_E,13.16,29.92,Area_D,15.13,Area_B
MP-2026-00395,P0395,36-45,Other,23.179254,77.396893,19:07,Monday,Clear,Area_C,10.63,24.33,Area_G,2.45,Area_H
MP-2026-00396,P0396,18-25,Female,23.323478,77.489135,13:22,Sunday,Clear,Area_H,14.39,60.21,Area_C,1.06,Area_C
MP-2026-00397,P0397,26-35,Female,23.182248,77.412238,06:40,Wednesday,Rain,Area_A,6.75,12.08,Area_E,15.82,Area_A
MP-2026-00398,P0398,26-35,Male,23.179794,77.487958,19:16,Saturday,Rain,Area_F,6.29,60.96,Area_F,2.44,Area_H
MP-2026-00399,P0399,46-55,Male,23.31123,77.472582,15:49,Friday,Cloudy,Area_A,13.36,47.87,Area_B,1.98,Area_C
MP-2026-00400,P0400,26-35,Female,23.240168,77.35647,18:19,Monday,Clear,Area_I,6.75,10.98,Area_D,3.73,Area_G
MP-2026-00401,P0401,46-55,Male,23.172488,77.319929,21:29,Thursday,Clear,Area_H,6.81,9.68,Area_E,0.99,Area_H
MP-2026-00402,P0402,26-35,Female,23.249324,77.465705,18:50,Sunday,Cloudy,Area_B,9.26,11.26,Area_C,4.86,Area_F
MP-2026-00403,P0403,46-55,Male,23.066594,77.608996,17:26,Wednesday,Clear,Area_J,6.22,17.96,Area_J,0.28,Area_J
MP-2026-00404,P0404,26-35,Male,23.185067,77.339544,19:58,Saturday,Clear,Area_A,29.38,30.54,Area_I,0.56,Area_H
MP-2026-00405,P0405,46-55,Female,23.315333,77.404478,18:48,Thursday,Rain,Area_C,8.07,4.55,Area_B,5.1,Area_B
MP-2026-00406,P0406,46-55,Female,23.252188,77.412474,23:55,Thursday,Cloudy,Area_F,4.78,20.33,Area_F,7.45,Area_H
MP-2026-00407,P0407,26-35,Male,23.171753,77.34712,20:50,Thursday,Clear,Area_A,10.29,42.09,Area_A,5.27,Area_B
MP-2026-00408,P0408,36-45,Female,23.243112,77.400891,09:56,Saturday,Clear,Area_D,8.47,1.16,Area_A,5.47,Area_D
MP-2026-00409,P0409,36-45,Female,23.251074,77.474117,17:17,Wednesday,Clear,Area_F,10.85,45.96,Area_F,0.36,Area_C
MP-2026-00410,P0410,36-45,Male,23.317956,77.337844,02:08,Sunday,Rain,Area_D,6.38,32.02,Area_D,2.43,Area_D
MP-2026-00411,P0411,26-35,Male,23.241179,77.413227,16:28,Saturday,Clear,Area_G,19.17,20.62,Area_F,1.56,Area_E
MP-2026-00412,P0412,36-45,Male,23.32648,77.484051,19:23,Tuesday,Clear,Area_E,10.18,42.78,Area_E,0.71,Area_F
MP-2026-00413,P0413,36-45,Female,23.313358,77.355372,19:52,Tuesday,Clear,Area_B,4.8,70.51,Area_B,16.25,Area_B
MP-2026-00414,P0414,36-45,Male,23.31882,77.468028,07:53,Wednesday,Cloudy,Area_C,9.46,41.84,Area_B,3.85,Area_C
MP-2026-00415,P0415,36-45,Male,23.189141,77.400223,11:26,Saturday,Rain,Area_H,8.7,20.38,Area_H,1.3,Area_E
MP-2026-00416,P0416,46-55,Other,23.307223,77.35195,20:59,Sunday,Cloudy,Area_B,8.06,40.49,Area_G,6.4,Area_F
MP-2026-00417,P0417,26-35,Female,23.080367,77.609334,13:31,Sunday,Cloudy,Area_I,15.67,49.25,Area_I,2.78,Area_J
MP-2026-00418,P0418,36-45,Male,23.184943,77.342844,10:32,Wednesday,Clear,Area_A,8.03,11.33,Area_D,8.66,Area_E
MP-2026-00419,P0419,36-45,Female,23.327617,77.331244,07:09,Tuesday,Cloudy,Area_C,14.6,36.95,Area_B,1.89,Area_A
MP-2026-00420,P0420,46-55,Male,23.317848,77.399921,18:19,Thursday,Clear,Area_D,7.0,37.61,Area_A,0.25,Area_C
MP-2026-00421,P0421,56+,Female,23.245507,77.356231,19:28,Tuesday,Clear,Area_B,7.27,4.7,Area_G,9.98,Area_H
MP-2026-00422,P0422,26-35,Male,23.168478,77.413734,20:18,Monday,Clear,Area_E,5.79,68.96,Area_F,8.06,Area_E
MP-2026-00423,P0423,46-55,Female,23.323536,77.408499,10:43,Thursday,Rain,Area_A,5.48,15.43,Area_A,2.21,Area_A
MP-2026-00424,P0424,46-55,Male,23.190952,77.490366,08:53,Sunday,Cloudy,Area_G,6.09,29.61,Area_D,8.46,Area_G
MP-2026-00425,P0425,26-35,Female,23.241536,77.48253,12:00,Thursday,Rain,Area_E,9.09,2.12,Area_F,5.26,Area_E
MP-2026-00426,P0426,18-25,Female,23.325197,77.477383,06:53,Monday,Cloudy,Area_C,6.23,12.3,Area_D,10.73,Area_G
MP-2026-00427,P0427,26-35,Male,23.244191,77.473094,15:06,Thursday,Clear,Area_B,9.57,15.51,Area_B,5.78,Area_B
MP-2026-00428,P0428,26-35,Male,23.237282,77.343062,18:32,Sunday,Rain,Area_B,14.72,68.52,Area_H,8.77,Area_B
MP-2026-00429,P0429,56+,Male,23.170989,77.343604,07:06,Sunday,Clear,Area_B,4.19,39.61,Area_G,19.0,Area_H
MP-2026-00430,P0430,26-35,Male,23.247352,77.47582,21:36,Sunday,Clear,Area_E,15.43,11.03,Area_C,0.13,Area_C
MP-2026-00431,P0431,46-55,Female,23.184101,77.348595,18:32,Thursday,Cloudy,Area_E,5.96,6.0,Area_D,4.19,Area_E
MP-2026-00432,P0432,18-25,Male,23.09638,77.604465,18:33,Monday,Fog,Area_G,11.75,1.06,Area_H,4.15,Area_E
MP-2026-00433,P0433,26-35,Female,23.186558,77.344737,10:17,Sunday,Rain,Area_C,10.95,21.64,Area_E,1.03,Area_G
MP-2026-00434,P0434,26-35,Male,23.180997,77.46845,13:51,Thursday,Clear,Area_G,10.01,73.69,Area_H,0.59,Area_E
MP-2026-00435,P0435,56+,Female,23.260309,77.346738,16:52,Wednesday,Clear,Area_F,6.75,30.76,Area_D,1.28,Area_B
MP-2026-00436,P0436,36-45,Female,23.174569,77.407339,18:00,Thursday,Cloudy,Area_B,6.68,45.06,Area_E,2.46,Area_H
MP-2026-00437,P0437,18-25,Male,23.314268,77.498279,08:36,Monday,Clear,Area_B,12.85,14.01,Area_A,1.45,Area_B
MP-2026-00438,P0438,56+,Female,23.325883,77.490859,13:55,Tuesday,Cloudy,Area_A,7.64,20.36,Area_F,2.27,Area_E
MP-2026-00439,P0439,36-45,Female,23.24851,77.485382,18:53,Saturday,Clear,Area_B,17.04,43.08,Area_E,6.21,Area_B
MP-2026-00440,P0440,56+,Female,23.162492,77.483317,04:44,Saturday,Rain,Area_B,6.85,47.77,Area_I,0.32,Area_E
MP-2026-00441,P0441,26-35,Female,23.17491,77.478965,21:26,Sunday,Fog,Area_G,11.45,5.58,Area_H,0.26,Area_I
MP-2026-00442,P0442,36-45,Male,23.241142,77.482955,00:19,Friday,Cloudy,Area_F,4.75,36.28,Area_G,8.93,Area_H
MP-2026-00443,P0443,26-35,Other,23.252311,77.415981,13:11,Friday,Clear,Area_A,8.57,35.63,Area_D,4.32,Area_A
MP-2026-00444,P0444,18-25,Male,23.085928,77.605873,14:55,Sunday,Rain,Area_J,10.46,7.05,Area_J,6.98,Area_J
MP-2026-00445,P0445,26-35,Male,23.25475,77.480447,14:45,Thursday,Rain,Area_E,5.87,13.91,Area_C,4.29,Area_D
MP-2026-00446,P0446,56+,Male,23.308709,77.483149,18:24,Sunday,Clear,Area_G,8.54,33.27,Area_A,2.07,Area_B
MP-2026-00447,P0447,36-45,Female,23.264218,77.408344,22:22,Wednesday,Clear,Area_B,8.87,20.97,Area_E,9.29,Area_B
MP-2026-00448,P0448,26-35,Other,23.32921,77.49527,10:10,Wednesday,Cloudy,Area_G,8.98,1.27,Area_D,8.15,Area_E
MP-2026-00449,P0449,26-35,Male,23.246499,77.337477,18:41,Thursday,Cloudy,Area_D,5.84,10.05,Area_G,5.36,Area_B
MP-2026-00450,P0450,26-35,Female,23.250982,77.354335,19:04,Thursday,Cloudy,Area_D,14.75,27.15,Area_I,0.62,Area_E
MP-2026-00451,P0451,46-55,Female,23.254208,77.471178,20:32,Friday,Clear,Area_B,10.26,36.35,Area_G,0.4,Area_H
MP-2026-00452,P0452,18-25,Female,23.322187,77.321282,17:58,Thursday,Rain,Area_F,11.14,4.06,Area_E,5.53,Area_B
MP-2026-00453,P0453,18-25,Female,23.309192,77.347547,11:52,Thursday,Cloudy,Area_H,22.6,16.16,Area_H,0.63,Area_F
MP-2026-00454,P0454,18-25,Male,23.244387,77.333149,14:33,Saturday,Cloudy,Area_F,9.36,4.68,Area_B,0.5,Area_B
MP-2026-00455,P0455,26-35,Female,23.256184,77.426907,18:57,Wednesday,Clear,Area_G,13.44,25.03,Area_I,0.7,Area_H
MP-2026-00456,P0456,46-55,Male,23.172467,77.491013,23:21,Saturday,Clear,Area_E,5.31,75.99,Area_F,19.64,Area_E
MP-2026-00457,P0457,46-55,Female,23.248511,77.326852,20:39,Sunday,Clear,Area_B,3.37,7.13,Area_H,4.36,Area_F
MP-2026-00458,P0458,26-35,Male,23.167475,77.340873,05:47,Tuesday,Cloudy,Area_A,9.41,33.04,Area_H,0.32,Area_G
MP-2026-00459,P0459,26-35,Female,23.320932,77.402968,14:37,Tuesday,Clear,Area_C,13.39,69.6,Area_F,2.12,Area_B
MP-2026-00460,P0460,56+,Male,23.166053,77.466024,17:17,Saturday,Rain,Area_C,10.73,8.37,Area_C,0.46,Area_F
MP-2026-00461,P0461,36-45,Male,23.073653,77.621323,13:16,Sunday,Rain,Area_G,12.32,65.4,Area_I,1.62,Area_I
MP-2026-00462,P0462,26-35,Female,23.17575,77.406555,12:58,Thursday,Fog,Area_C,4.68,17.47,Area_C,2.5,Area_E
MP-2026-00463,P0463,56+,Female,23.316559,77.407476,04:37,Sunday,Clear,Area_A,6.73,49.14,Area_B,3.81,Area_A
MP-2026-00464,P0464,26-35,Female,23.253871,77.337538,17:20,Tuesday,Clear,Area_G,12.18,42.09,Area_D,0.24,Area_B
MP-2026-00465,P0465,36-45,Male,23.256472,77.333442,18:05,Tuesday,Cloudy,Area_F,8.28,63.92,Area_F,0.16,Area_E
MP-2026-00466,P0466,18-25,Male,23.317544,77.320335,13:24,Friday,Clear,Area_A,13.91,25.66,Area_E,0.24,Area_A
MP-2026-00467,P0467,36-45,Male,23.261553,77.399835,07:14,Sunday,Clear,Area_C,8.84,6.0,Area_A,12.45,Area_G
MP-2026-00468,P0468,18-25,Other,23.264866,77.480951,19:09,Thursday,Clear,Area_C,7.81,58.77,Area_E,7.95,Area_F
MP-2026-00469,P0469,36-45,Other,23.325877,77.332925,12:38,Wednesday,Clear,Area_D,8.75,5.52,Area_A,4.87,Area_D
MP-2026-00470,P0470,36-45,Male,23.319135,77.357364,18:34,Saturday,Clear,Area_B,8.51,11.4,Area_D,1.28,Area_B
MP-2026-00471,P0471,56+,Male,23.259246,77.470405,01:28,Friday,Clear,Area_E,9.87,12.91,Area_B,5.51,Area_E
MP-2026-00472,P0472,46-55,Male,23.240346,77.426719,17:47,Saturday,Cloudy,Area_F,7.98,66.71,Area_G,11.2,Area_H
MP-2026-00473,P0473,26-35,Male,23.320486,77.341226,09:45,Monday,Cloudy,Area_D,12.03,46.69,Area_G,4.92,Area_E
MP-2026-00474,P0474,26-35,Female,23.183346,77.352213,08:08,Thursday,Clear,Area_F,7.88,27.65,Area_E,1.59,Area_A
MP-2026-00475,P0475,56+,Female,23.254443,77.484511,14:24,Saturday,Clear,Area_E,4.75,19.91,Area_C,1.7,Area_E
MP-2026-00476,P0476,26-35,Female,23.202986,77.416308,16:26,Saturday,Cloudy,Area_F,10.51,20.29,Area_I,2.07,Area_H
MP-2026-00477,P0477,46-55,Female,23.252522,77.479596,10:59,Monday,Rain,Area_B,3.97,8.3,Area_E,5.67,Area_G
MP-2026-00478,P0478,36-45,Female,23.310369,77.403427,10:02,Saturday,Clear,Area_F,6.02,20.78,Area_D,2.58,Area_A
MP-2026-00479,P0479,46-55,Female,23.274245,77.412497,11:38,Monday,Cloudy,Area_A,23.51,5.92,Area_C,1.35,Area_F
MP-2026-00480,P0480,26-35,Male,23.324503,77.420026,15:35,Saturday,Cloudy,Area_C,7.12,16.02,Area_G,0.37,Area_C
MP-2026-00481,P0481,56+,Female,23.324706,77.472423,18:08,Saturday,Cloudy,Area_B,5.29,23.82,Area_B,1.55,Area_B
MP-2026-00482,P0482,36-45,Male,23.176555,77.414323,07:31,Saturday,Clear,Area_A,8.96,25.92,Area_F,0.88,Area_I
MP-2026-00483,P0483,36-45,Male,23.25469,77.48175,19:58,Saturday,Clear,Area_F,6.53,16.17,Area_B,0.76,Area_C
MP-2026-00484,P0484,26-35,Female,23.246433,77.338774,14:59,Sunday,Cloudy,Area_B,7.83,1.69,Area_A,2.18,Area_D
MP-2026-00485,P0485,18-25,Female,23.314039,77.339413,11:04,Tuesday,Clear,Area_C,3.71,7.78,Area_B,3.94,Area_C
MP-2026-00486,P0486,56+,Female,23.188775,77.348811,21:08,Saturday,Rain,Area_F,6.02,6.32,Area_D,5.07,Area_H
MP-2026-00487,P0487,18-25,Male,23.18539,77.461414,19:44,Thursday,Rain,Area_D,9.08,58.78,Area_B,0.39,Area_H
MP-2026-00488,P0488,46-55,Male,23.30758,77.400346,17:36,Monday,Cloudy,Area_A,11.26,14.18,Area_A,7.66,Area_A
MP-2026-00489,P0489,18-25,Male,23.250608,77.406107,10:18,Wednesday,Clear,Area_F,2.4,1.14,Area_E,11.85,Area_D
MP-2026-00490,P0490,26-35,Female,23.251814,77.406292,09:56,Thursday,Clear,Area_C,9.11,18.51,Area_F,1.61,Area_C
MP-2026-00491,P0491,18-25,Male,23.252555,77.484072,19:09,Tuesday,Rain,Area_A,7.83,7.65,Area_C,10.67,Area_H
MP-2026-00492,P0492,18-25,Female,23.185682,77.421392,07:46,Wednesday,Clear,Area_B,11.53,21.13,Area_E,2.32,Area_H
MP-2026-00493,P0493,26-35,Female,23.317307,77.475257,12:51,Thursday,Clear,Area_E,17.15,58.23,Area_H,9.3,Area_I
MP-2026-00494,P0494,46-55,Male,23.06803,77.622952,15:26,Wednesday,Clear,Area_G,5.15,9.31,Area_A,3.15,Area_E
MP-2026-00495,P0495,46-55,Male,23.249065,77.34111,08:47,Friday,Clear,Area_B,8.45,77.3,Area_A,2.09,Area_A
MP-2026-00496,P0496,26-35,Male,23.256111,77.470487,13:19,Saturday,Fog,Area_A,7.3,24.17,Area_G,0.36,Area_H
MP-2026-00497,P0497,36-45,Male,23.17991,77.40638,13:44,Friday,Clear,Area_H,30.0,35.04,Area_H,3.16,Area_H
MP-2026-00498,P0498,18-25,Female,23.178326,77.475274,15:22,Wednesday,Clear,Area_A,10.31,5.93,Area_H,2.16,Area_C
MP-2026-00499,P0499,36-45,Male,23.322787,77.42162,09:13,Thursday,Cloudy,Area_E,8.84,35.84,Area_H,0.62,Area_A
MP-2026-00500,P0500,46-55,Female,23.254622,77.46495,07:35,Wednesday,Clear,Area_C,9.78,70.55,Area_E,2.78,Area_I
MP-2026-00501,P0501,18-25,Male,23.321822,77.413291,15:39,Tuesday,Cloudy,Area_A,8.02,6.4,Area_B,5.31,Area_E
MP-2026-00502,P0502,26-35,Male,23.323984,77.416401,12:09,Friday,Rain,Area_A,30.0,65.85,Area_A,11.69,Area_A
MP-2026-00503,P0503,36-45,Female,23.183871,77.346919,09:16,Monday,Clear,Area_C,13.11,70.38,Area_C,0.24,Area_I
MP-2026-00504,P0504,26-35,Female,23.17089,77.334359,06:51,Wednesday,Fog,Area_C,12.84,14.43,Area_H,9.27,Area_G
MP-2026-00505,P0505,56+,Female,23.076149,77.612063,12:54,Sunday,Cloudy,Area_A,10.5,67.43,Area_E,1.83,Area_E
MP-2026-00506,P0506,26-35,Female,23.318419,77.401202,20:30,Tuesday,Cloudy,Area_C,18.97,4.2,Area_A,0.2,Area_B
MP-2026-00507,P0507,26-35,Male,23.189325,77.336799,16:46,Tuesday,Clear,Area_C,11.74,36.66,Area_C,3.15,Area_E
MP-2026-00508,P0508,46-55,Female,23.185554,77.345347,07:51,Monday,Fog,Area_G,12.12,43.6,Area_H,5.41,Area_G
MP-2026-00509,P0509,26-35,Male,23.326364,77.427597,17:21,Sunday,Fog,Area_B,11.29,19.52,Area_A,3.97,Area_B
MP-2026-00510,P0510,46-55,Female,23.243135,77.387918,08:33,Thursday,Rain,Area_A,14.52,38.88,Area_C,5.36,Area_A
MP-2026-00511,P0511,36-45,Female,23.251902,77.331146,17:39,Monday,Clear,Area_B,13.59,22.6,Area_C,8.04,Area_B
MP-2026-00512,P0512,56+,Female,23.33389,77.480574,20:49,Tuesday,Cloudy,Area_D,4.29,3.21,Area_B,5.85,Area_C
MP-2026-00513,P0513,26-35,Female,23.322194,77.412319,13:51,Tuesday,Cloudy,Area_B,23.35,77.0,Area_F,4.28,Area_B
MP-2026-00514,P0514,56+,Male,23.248609,77.409988,08:14,Monday,Clear,Area_H,10.82,60.13,Area_H,0.93,Area_E
MP-2026-00515,P0515,46-55,Female,23.168066,77.328221,17:31,Wednesday,Clear,Area_A,11.91,6.62,Area_D,0.49,Area_H
MP-2026-00516,P0516,26-35,Female,23.178712,77.338182,17:59,Thursday,Clear,Area_D,18.7,39.2,Area_E,3.52,Area_D
MP-2026-00517,P0517,36-45,Female,23.332989,77.342577,23:45,Monday,Clear,Area_D,5.64,39.44,Area_B,1.83,Area_B
MP-2026-00518,P0518,36-45,Female,23.325006,77.414758,18:21,Wednesday,Clear,Area_A,20.79,52.93,Area_C,4.02,Area_F
MP-2026-00519,P0519,18-25,Male,23.182127,77.332983,00:27,Tuesday,Rain,Area_D,10.53,64.55,Area_A,1.12,Area_D
MP-2026-00520,P0520,18-25,Male,23.173293,77.40947,16:06,Saturday,Clear,Area_C,10.2,8.31,Area_B,1.4,Area_A
MP-2026-00521,P0521,18-25,Female,23.174436,77.480739,14:52,Thursday,Clear,Area_A,14.06,44.15,Area_D,1.93,Area_I
MP-2026-00522,P0522,18-25,Male,23.317035,77.40697,08:35,Sunday,Fog,Area_B,4.97,14.73,Area_A,0.3,Area_A
MP-2026-00523,P0523,56+,Female,23.179771,77.418077,05:01,Thursday,Clear,Area_G,13.52,65.75,Area_D,0.14,Area_E
MP-2026-00524,P0524,36-45,Male,23.256105,77.333782,09:33,Thursday,Clear,Area_E,7.18,9.88,Area_F,3.29,Area_E
MP-2026-00525,P0525,26-35,Male,23.196901,77.342772,12:30,Wednesday,Clear,Area_F,3.64,2.2,Area_I,9.5,Area_I
MP-2026-00526,P0526,18-25,Female,23.319325,77.344918,16:58,Friday,Clear,Area_F,13.25,64.09,Area_G,0.98,Area_H
MP-2026-00527,P0527,26-35,Female,23.24392,77.400068,11:26,Monday,Rain,Area_G,6.3,7.67,Area_G,2.79,Area_G
MP-2026-00528,P0528,18-25,Male,23.323614,77.34455,07:26,Saturday,Cloudy,Area_B,9.16,22.44,Area_E,0.18,Area_B
MP-2026-00529,P0529,36-45,Female,23.261607,77.507804,22:53,Monday,Clear,Area_E,6.19,9.84,Area_D,8.63,Area_E
MP-2026-00530,P0530,46-55,Female,23.252931,77.485005,09:02,Sunday,Rain,Area_F,12.36,67.07,Area_H,3.72,Area_G
MP-2026-00531,P0531,18-25,Male,23.262329,77.356388,00:58,Saturday,Clear,Area_C,22.73,16.19,Area_H,1.96,Area_E
MP-2026-00532,P0532,46-55,Female,23.245746,77.413523,17:49,Friday,Clear,Area_G,8.55,68.6,Area_G,3.68,Area_D
MP-2026-00533,P0533,26-35,Male,23.317922,77.42855,06:42,Friday,Cloudy,Area_D,12.69,70.79,Area_C,3.95,Area_A
MP-2026-00534,P0534,36-45,Female,23.308787,77.477212,20:01,Saturday,Cloudy,Area_A,12.28,25.9,Area_F,11.38,Area_B
MP-2026-00535,P0535,36-45,Female,23.22753,77.465333,13:53,Thursday,Clear,Area_C,5.97,15.78,Area_H,8.03,Area_H
MP-2026-00536,P0536,26-35,Male,23.257261,77.398851,05:09,Tuesday,Rain,Area_E,6.54,6.67,Area_B,2.97,Area_F
MP-2026-00537,P0537,46-55,Male,23.332268,77.48542,20:12,Monday,Rain,Area_D,6.49,19.31,Area_H,11.25,Area_F
MP-2026-00538,P0538,46-55,Male,23.182078,77.476408,11:54,Monday,Clear,Area_B,3.2,8.3,Area_F,0.28,Area_E
MP-2026-00539,P0539,18-25,Female,23.321883,77.346935,17:04,Sunday,Cloudy,Area_F,21.89,33.42,Area_D,3.46,Area_G
MP-2026-00540,P0540,26-35,Female,23.318711,77.493451,06:05,Monday,Rain,Area_A,6.19,22.27,Area_I,6.06,Area_C
MP-2026-00541,P0541,36-45,Male,23.240529,77.409237,17:42,Friday,Rain,Area_A,15.71,50.63,Area_D,2.74,Area_E
MP-2026-00542,P0542,26-35,Female,23.082542,77.607342,10:37,Thursday,Cloudy,Area_F,10.07,26.84,Area_I,0.49,Area_I
MP-2026-00543,P0543,18-25,Male,23.325397,77.485069,07:59,Friday,Cloudy,Area_C,28.89,20.32,Area_F,0.74,Area_C
MP-2026-00544,P0544,56+,Male,23.259122,77.348146,08:56,Monday,Cloudy,Area_E,10.24,24.09,Area_F,0.31,Area_I
MP-2026-00545,P0545,26-35,Male,23.305169,77.474963,16:39,Tuesday,Clear,Area_J,4.55,23.1,Area_F,3.28,Area_E
MP-2026-00546,P0546,36-45,Male,23.322307,77.414873,22:25,Wednesday,Rain,Area_A,15.36,9.04,Area_C,5.88,Area_C
MP-2026-00547,P0547,36-45,Female,23.262099,77.349988,19:25,Thursday,Clear,Area_E,8.19,18.5,Area_B,4.05,Area_E
MP-2026-00548,P0548,26-35,Female,23.260672,77.415627,12:41,Wednesday,Fog,Area_B,30.0,62.24,Area_C,1.92,Area_C
MP-2026-00549,P0549,36-45,Female,23.172301,77.459626,15:12,Sunday,Rain,Area_G,24.65,25.38,Area_E,8.22,Area_F
MP-2026-00550,P0550,26-35,Female,23.240566,77.340717,11:40,Saturday,Rain,Area_H,11.52,16.32,Area_D,13.54,Area_E
MP-2026-00551,P0551,46-55,Other,23.314666,77.34846,16:20,Saturday,Cloudy,Area_D,6.01,70.45,Area_B,13.03,Area_D
MP-2026-00552,P0552,18-25,Male,23.245838,77.478412,12:21,Monday,Cloudy,Area_G,22.23,24.02,Area_E,13.14,Area_B
MP-2026-00553,P0553,26-35,Female,23.194067,77.493214,10:34,Monday,Clear,Area_F,7.47,29.17,Area_A,4.83,Area_E
MP-2026-00554,P0554,46-55,Female,23.197522,77.396564,09:34,Sunday,Cloudy,Area_I,6.48,10.98,Area_F,0.49,Area_I
MP-2026-00555,P0555,26-35,Female,23.306401,77.3999,08:48,Monday,Rain,Area_D,6.67,61.11,Area_C,5.88,Area_A
MP-2026-00556,P0556,26-35,Female,23.242342,77.407315,05:34,Thursday,Clear,Area_J,6.84,10.22,Area_F,1.86,Area_D
MP-2026-00557,P0557,18-25,Male,23.258444,77.473242,17:01,Saturday,Cloudy,Area_A,8.15,5.48,Area_C,4.17,Area_C
MP-2026-00558,P0558,18-25,Female,23.184723,77.411463,21:45,Monday,Clear,Area_D,10.08,4.81,Area_I,7.99,Area_G
MP-2026-00559,P0559,46-55,Male,23.252616,77.479275,08:59,Saturday,Rain,Area_C,8.21,24.94,Area_F,2.36,Area_I
MP-2026-00560,P0560,18-25,Other,23.260393,77.406749,06:49,Tuesday,Clear,Area_I,13.78,1.56,Area_E,3.09,Area_E
MP-2026-00561,P0561,26-35,Female,23.2444,77.342988,19:33,Monday,Fog,Area_A,12.59,19.03,Area_B,13.56,Area_C
MP-2026-00562,P0562,26-35,Male,23.258809,77.486401,18:30,Friday,Cloudy,Area_B,8.58,34.1,Area_E,1.71,Area_B
MP-2026-00563,P0563,56+,Other,23.254772,77.348735,22:04,Sunday,Clear,Area_G,13.63,19.05,Area_G,12.47,Area_G
MP-2026-00564,P0564,18-25,Female,23.326602,77.421271,22:15,Friday,Rain,Area_G,12.93,73.72,Area_E,2.94,Area_I
MP-2026-00565,P0565,18-25,Male,23.248067,77.481221,14:55,Monday,Clear,Area_A,12.22,25.43,Area_B,11.75,Area_E
MP-2026-00566,P0566,36-45,Female,23.27624,77.402798,01:58,Tuesday,Cloudy,Area_G,8.58,22.91,Area_H,5.09,Area_G
MP-2026-00567,P0567,36-45,Male,23.313365,77.416147,17:49,Wednesday,Rain,Area_F,12.93,65.0,Area_H,6.78,Area_B
MP-2026-00568,P0568,46-55,Female,23.241385,77.411673,14:04,Sunday,Clear,Area_B,15.96,28.78,Area_C,2.78,Area_B
MP-2026-00569,P0569,46-55,Female,23.200989,77.402245,06:28,Saturday,Clear,Area_J,3.59,4.66,Area_E,3.84,Area_I
MP-2026-00570,P0570,36-45,Male,23.16799,77.350134,07:12,Sunday,Cloudy,Area_D,4.15,4.24,Area_H,0.92,Area_I
MP-2026-00571,P0571,36-45,Female,23.236379,77.482931,05:06,Sunday,Clear,Area_H,5.4,9.94,Area_I,2.02,Area_H
MP-2026-00572,P0572,18-25,Female,23.174437,77.403131,20:42,Wednesday,Clear,Area_C,8.32,68.46,Area_F,7.62,Area_I
MP-2026-00573,P0573,26-35,Male,23.272347,77.475675,13:25,Wednesday,Clear,Area_G,14.98,43.7,Area_C,1.34,Area_C
MP-2026-00574,P0574,46-55,Female,23.318752,77.502098,19:36,Wednesday,Clear,Area_F,20.06,32.68,Area_C,3.67,Area_F
MP-2026-00575,P0575,36-45,Female,23.245528,77.347539,18:29,Wednesday,Clear,Area_A,18.72,5.86,Area_E,3.26,Area_A
MP-2026-00576,P0576,36-45,Male,23.182812,77.476824,12:23,Monday,Fog,Area_F,5.18,23.47,Area_E,9.92,Area_H
MP-2026-00577,P0577,36-45,Female,23.315989,77.476068,21:08,Saturday,Cloudy,Area_B,16.0,34.13,Area_I,0.56,Area_B
MP-2026-00578,P0578,36-45,Female,23.252266,77.344626,17:52,Saturday,Clear,Area_C,11.27,60.85,Area_E,1.61,Area_B
MP-2026-00579,P0579,26-35,Female,23.260559,77.33224,03:08,Saturday,Clear,Area_B,7.92,6.39,Area_B,1.34,Area_A
MP-2026-00580,P0580,36-45,Male,23.3132,77.410572,13:01,Saturday,Clear,Area_A,10.83,11.65,Area_C,2.95,Area_F
MP-2026-00581,P0581,56+,Male,23.066152,77.611991,13:24,Monday,Cloudy,Area_F,5.91,48.48,Area_C,0.63,Area_F
MP-2026-00582,P0582,56+,Female,23.187619,77.40987,20:39,Sunday,Clear,Area_D,5.02,14.18,Area_E,0.87,Area_C
MP-2026-00583,P0583,46-55,Male,23.174822,77.40268,17:23,Saturday,Cloudy,Area_J,5.54,8.28,Area_J,6.42,Area_G
MP-2026-00584,P0584,46-55,Male,23.172741,77.468965,13:41,Sunday,Cloudy,Area_G,7.98,60.67,Area_H,9.16,Area_I
MP-2026-00585,P0585,18-25,Male,23.260929,77.34113,12:38,Thursday,Clear,Area_A,17.27,45.66,Area_D,10.26,Area_E
MP-2026-00586,P0586,36-45,Male,23.253082,77.413286,12:48,Saturday,Rain,Area_F,9.46,64.25,Area_D,12.11,Area_H
MP-2026-00587,P0587,46-55,Female,23.19191,77.334753,21:43,Friday,Clear,Area_F,5.51,4.61,Area_F,0.1,Area_G
MP-2026-00588,P0588,26-35,Male,23.244038,77.411184,17:27,Thursday,Clear,Area_A,6.25,11.05,Area_B,4.3,Area_C
MP-2026-00589,P0589,56+,Female,23.175808,77.410334,19:50,Monday,Clear,Area_B,6.15,12.17,Area_E,2.18,Area_B
MP-2026-00590,P0590,18-25,Male,23.251154,77.469929,10:43,Saturday,Cloudy,Area_B,13.52,32.74,Area_E,6.88,Area_B
MP-2026-00591,P0591,36-45,Male,23.092703,77.610808,18:55,Wednesday,Cloudy,Area_A,7.18,39.76,Area_J,6.62,Area_J
MP-2026-00592,P0592,26-35,Female,23.242843,77.400633,21:23,Tuesday,Clear,Area_B,8.01,9.84,Area_C,1.47,Area_F
MP-2026-00593,P0593,26-35,Male,23.176051,77.407067,16:45,Friday,Clear,Area_G,3.94,19.33,Area_D,4.05,Area_H
MP-2026-00594,P0594,26-35,Female,23.235606,77.416369,04:51,Tuesday,Clear,Area_D,11.22,13.78,Area_A,1.84,Area_B
MP-2026-00595,P0595,26-35,Female,23.252173,77.392726,08:13,Thursday,Clear,Area_A,11.22,68.86,Area_A,2.29,Area_A
MP-2026-00596,P0596,26-35,Female,23.172612,77.410593,18:03,Sunday,Clear,Area_G,17.74,72.21,Area_G,6.72,Area_E
MP-2026-00597,P0597,36-45,Male,23.247807,77.491188,13:23,Monday,Clear,Area_F,8.56,24.43,Area_I,2.34,Area_F
MP-2026-00598,P0598,46-55,Female,23.168242,77.473943,12:21,Tuesday,Clear,Area_F,4.28,14.5,Area_F,3.16,Area_F
MP-2026-00599,P0599,56+,Female,23.181179,77.342089,17:31,Sunday,Rain,Area_C,3.06,3.36,Area_B,0.11,Area_C
MP-2026-00600,P0600,26-35,Male,23.245997,77.476063,12:00,Saturday,Clear,Area_F,13.85,44.69,Area_I,1.67,Area_H
MP-2026-00601,P0601,26-35,Other,23.232698,77.406564,10:10,Wednesday,Clear,Area_E,16.56,60.36,Area_H,4.13,Area_G
MP-2026-00602,P0602,56+,Male,23.320767,77.493357,20:56,Saturday,Clear,Area_E,5.34,19.89,Area_E,0.42,Area_B
MP-2026-00603,P0603,36-45,Male,23.163014,77.475345,09:32,Thursday,Clear,Area_B,10.25,62.25,Area_C,1.38,Area_I
MP-2026-00604,P0604,18-25,Male,23.248191,77.419437,14:10,Thursday,Clear,Area_D,6.9,58.45,Area_E,0.28,Area_B
MP-2026-00605,P0605,26-35,Male,23.188249,77.41198,18:29,Sunday,Cloudy,Area_A,6.67,19.68,Area_A,1.7,Area_G
MP-2026-00606,P0606,18-25,Female,23.180876,77.404763,10:14,Sunday,Cloudy,Area_F,6.99,21.1,Area_E,0.43,Area_I
MP-2026-00607,P0607,46-55,Female,23.252686,77.47654,16:15,Thursday,Cloudy,Area_I,10.79,74.54,Area_G,4.12,Area_G
MP-2026-00608,P0608,36-45,Male,23.309925,77.422998,19:22,Monday,Rain,Area_A,7.52,33.55,Area_F,0.69,Area_C
MP-2026-00609,P0609,56+,Female,23.181136,77.481906,11:26,Sunday,Clear,Area_C,25.79,12.38,Area_F,2.46,Area_H
MP-2026-00610,P0610,36-45,Female,23.17469,77.344769,11:18,Sunday,Cloudy,Area_D,4.13,20.99,Area_A,1.55,Area_D
MP-2026-00611,P0611,46-55,Female,23.316866,77.415953,07:35,Friday,Rain,Area_D,8.98,45.86,Area_H,4.6,Area_E
MP-2026-00612,P0612,18-25,Male,23.180118,77.399714,10:20,Thursday,Clear,Area_B,24.07,22.3,Area_E,0.1,Area_D
MP-2026-00613,P0613,46-55,Male,23.175624,77.345217,23:19,Sunday,Clear,Area_C,7.79,47.61,Area_C,0.98,Area_G
MP-2026-00614,P0614,36-45,Other,23.256294,77.359009,17:42,Thursday,Clear,Area_B,5.31,17.48,Area_B,4.11,Area_B
MP-2026-00615,P0615,36-45,Female,23.253254,77.361336,17:45,Friday,Clear,Area_A,6.89,20.41,Area_E,1.9,Area_C
MP-2026-00616,P0616,36-45,Male,23.233684,77.35426,07:08,Thursday,Clear,Area_A,6.97,23.42,Area_H,2.75,Area_A
MP-2026-00617,P0617,46-55,Male,23.233892,77.333888,11:18,Thursday,Cloudy,Area_H,4.75,68.75,Area_I,2.44,Area_G
MP-2026-00618,P0618,26-35,Male,23.196474,77.345219,07:27,Wednesday,Clear,Area_A,9.2,34.39,Area_A,0.55,Area_B
MP-2026-00619,P0619,26-35,Male,23.321224,77.50424,08:06,Wednesday,Cloudy,Area_F,8.92,74.77,Area_B,4.79,Area_B
MP-2026-00620,P0620,18-25,Female,23.322541,77.480937,19:01,Monday,Clear,Area_B,8.14,28.74,Area_B,6.23,Area_B
MP-2026-00621,P0621,26-35,Female,23.32185,77.413114,21:47,Tuesday,Cloudy,Area_A,13.03,33.66,Area_C,9.81,Area_C
MP-2026-00622,P0622,26-35,Female,23.236344,77.404022,12:35,Thursday,Fog,Area_G,12.18,35.05,Area_H,1.3,Area_I
MP-2026-00623,P0623,36-45,Male,23.193848,77.471004,19:47,Monday,Clear,Area_E,7.52,15.19,Area_H,0.16,Area_I
MP-2026-00624,P0624,26-35,Male,23.194832,77.417944,12:38,Saturday,Cloudy,Area_E,6.15,7.97,Area_G,16.74,Area_D
MP-2026-00625,P0625,36-45,Female,23.317786,77.476954,09:16,Thursday,Clear,Area_C,6.86,23.94,Area_B,4.24,Area_A
MP-2026-00626,P0626,56+,Male,23.30471,77.476542,11:54,Sunday,Clear,Area_B,3.56,26.41,Area_I,11.95,Area_B
MP-2026-00627,P0627,46-55,Female,23.304575,77.342092,18:27,Friday,Rain,Area_F,7.55,35.54,Area_A,0.56,Area_E
MP-2026-00628,P0628,26-35,Male,23.24248,77.407484,20:32,Monday,Cloudy,Area_E,13.02,31.63,Area_D,2.72,Area_H
MP-2026-00629,P0629,36-45,Male,23.193266,77.487413,08:38,Sunday,Clear,Area_I,7.76,18.37,Area_F,1.11,Area_H
MP-2026-00630,P0630,46-55,Female,23.167728,77.392332,18:37,Monday,Cloudy,Area_B,25.69,27.94,Area_D,2.11,Area_B
MP-2026-00631,P0631,26-35,Female,23.240537,77.335813,06:26,Friday,Cloudy,Area_A,6.21,2.65,Area_G,4.45,Area_A
MP-2026-00632,P0632,46-55,Male,23.253461,77.344717,22:08,Wednesday,Clear,Area_A,15.55,67.46,Area_A,2.51,Area_H
MP-2026-00633,P0633,18-25,Male,23.191461,77.470384,10:43,Monday,Clear,Area_B,10.01,62.24,Area_H,2.5,Area_I
MP-2026-00634,P0634,26-35,Male,23.255938,77.402045,12:53,Friday,Clear,Area_C,17.08,70.42,Area_D,6.48,Area_F
MP-2026-00635,P0635,18-25,Female,23.182134,77.33165,12:41,Monday,Cloudy,Area_B,16.83,68.92,Area_F,2.47,Area_I
MP-2026-00636,P0636,36-45,Female,23.316774,77.354786,16:52,Friday,Clear,Area_D,7.27,15.99,Area_G,0.1,Area_D
MP-2026-00637,P0637,18-25,Female,23.253493,77.412746,18:33,Wednesday,Clear,Area_E,4.18,11.1,Area_H,2.49,Area_D
MP-2026-00638,P0638,36-45,Male,23.26022,77.356101,10:00,Friday,Cloudy,Area_B,3.12,10.08,Area_E,8.57,Area_F
MP-2026-00639,P0639,46-55,Male,23.259894,77.49993,19:34,Monday,Clear,Area_A,8.18,2.69,Area_C,1.95,Area_F
MP-2026-00640,P0640,36-45,Female,23.251543,77.484068,20:13,Friday,Clear,Area_E,7.21,19.72,Area_H,1.98,Area_E
MP-2026-00641,P0641,26-35,Male,23.271901,77.334865,08:20,Monday,Clear,Area_F,8.54,77.75,Area_E,9.1,Area_E
MP-2026-00642,P0642,18-25,Male,23.179015,77.476616,16:39,Sunday,Rain,Area_I,8.31,4.07,Area_G,14.34,Area_H
MP-2026-00643,P0643,26-35,Other,23.24626,77.481979,11:37,Wednesday,Rain,Area_C,15.77,13.61,Area_C,4.45,Area_C
MP-2026-00644,P0644,18-25,Male,23.182952,77.431788,17:13,Thursday,Cloudy,Area_F,8.04,51.41,Area_G,10.91,Area_H
MP-2026-00645,P0645,46-55,Male,23.179823,77.421699,14:01,Friday,Cloudy,Area_D,19.95,63.68,Area_D,4.4,Area_E
MP-2026-00646,P0646,36-45,Male,23.320935,77.472345,09:09,Sunday,Rain,Area_E,8.85,47.51,Area_B,1.42,Area_E
MP-2026-00647,P0647,46-55,Female,23.187203,77.472286,16:52,Wednesday,Cloudy,Area_C,10.48,23.48,Area_F,2.17,Area_F
MP-2026-00648,P0648,46-55,Female,23.241154,77.415225,19:02,Wednesday,Clear,Area_B,12.19,4.42,Area_F,2.77,Area_E
MP-2026-00649,P0649,36-45,Female,23.181762,77.407327,07:09,Wednesday,Cloudy,Area_C,5.22,3.64,Area_H,1.62,Area_I
MP-2026-00650,P0650,36-45,Female,23.261488,77.412836,16:27,Friday,Clear,Area_B,6.68,1.06,Area_C,18.78,Area_B
MP-2026-00651,P0651,26-35,Other,23.259626,77.351173,04:20,Wednesday,Clear,Area_E,6.35,72.7,Area_A,3.46,Area_A
MP-2026-00652,P0652,36-45,Male,23.181501,77.493844,04:08,Friday,Clear,Area_A,11.09,21.25,Area_E,0.1,Area_E
MP-2026-00653,P0653,36-45,Female,23.25558,77.340171,07:04,Wednesday,Cloudy,Area_I,9.33,43.72,Area_G,1.13,Area_H
MP-2026-00654,P0654,26-35,Female,23.168484,77.344851,13:40,Tuesday,Rain,Area_H,13.39,33.59,Area_D,0.38,Area_G
MP-2026-00655,P0655,26-35,Female,23.249066,77.346684,18:46,Monday,Clear,Area_F,8.82,18.66,Area_I,2.13,Area_F
MP-2026-00656,P0656,18-25,Female,23.189142,77.477967,15:45,Monday,Clear,Area_E,9.44,14.58,Area_E,1.71,Area_E
MP-2026-00657,P0657,36-45,Female,23.187357,77.340537,08:55,Saturday,Rain,Area_J,2.46,17.92,Area_J,1.97,Area_I
MP-2026-00658,P0658,18-25,Male,23.177399,77.398809,12:30,Sunday,Clear,Area_F,7.61,79.65,Area_E,17.0,Area_H
MP-2026-00659,P0659,56+,Male,23.169865,77.491561,15:02,Monday,Clear,Area_D,18.45,70.66,Area_H,5.24,Area_H
MP-2026-00660,P0660,26-35,Male,23.19442,77.351453,20:14,Tuesday,Clear,Area_E,17.59,1.44,Area_H,1.68,Area_H
MP-2026-00661,P0661,18-25,Male,23.311285,77.39971,12:25,Saturday,Clear,Area_G,16.77,58.5,Area_E,1.06,Area_D
MP-2026-00662,P0662,46-55,Female,23.236134,77.338502,06:36,Saturday,Clear,Area_D,7.7,6.54,Area_A,0.81,Area_A
MP-2026-00663,P0663,46-55,Female,23.259317,77.340897,06:35,Thursday,Cloudy,Area_A,5.03,4.41,Area_G,16.77,Area_I
MP-2026-00664,P0664,56+,Male,23.247795,77.356616,03:41,Thursday,Clear,Area_G,11.75,2.44,Area_G,5.53,Area_D
MP-2026-00665,P0665,18-25,Female,23.250298,77.358962,09:06,Tuesday,Clear,Area_J,5.52,13.42,Area_G,8.06,Area_G
MP-2026-00666,P0666,26-35,Male,23.24594,77.344778,08:19,Saturday,Clear,Area_D,3.77,1.13,Area_D,1.66,Area_G
MP-2026-00667,P0667,26-35,Male,23.174832,77.342244,12:52,Tuesday,Clear,Area_G,8.1,36.91,Area_E,2.29,Area_D
MP-2026-00668,P0668,18-25,Male,23.244407,77.47096,15:42,Saturday,Clear,Area_G,4.7,12.1,Area_I,0.1,Area_D
MP-2026-00669,P0669,26-35,Male,23.187979,77.338295,19:35,Sunday,Clear,Area_C,9.25,64.09,Area_F,0.36,Area_G
MP-2026-00670,P0670,26-35,Female,23.307807,77.408038,16:14,Thursday,Clear,Area_B,8.56,35.89,Area_E,4.23,Area_F
MP-2026-00671,P0671,36-45,Female,23.165775,77.344783,12:36,Friday,Rain,Area_C,6.13,68.4,Area_D,1.58,Area_E
MP-2026-00672,P0672,36-45,Male,23.313125,77.334359,14:50,Tuesday,Clear,Area_E,6.03,35.74,Area_G,4.42,Area_G
MP-2026-00673,P0673,36-45,Female,23.188949,77.407739,14:34,Sunday,Rain,Area_B,15.51,18.92,Area_G,2.1,Area_E
MP-2026-00674,P0674,26-35,Female,23.255247,77.433165,17:26,Tuesday,Cloudy,Area_C,15.16,3.21,Area_A,12.65,Area_F
MP-2026-00675,P0675,18-25,Female,23.316081,77.342473,19:49,Saturday,Cloudy,Area_E,7.38,39.73,Area_D,4.5,Area_F
MP-2026-00676,P0676,18-25,Female,23.323341,77.421393,02:13,Monday,Clear,Area_A,30.0,46.19,Area_C,0.46,Area_A
MP-2026-00677,P0677,26-35,Female,23.172891,77.32835,13:15,Monday,Cloudy,Area_B,11.92,20.17,Area_D,3.48,Area_D
MP-2026-00678,P0678,46-55,Female,23.18543,77.413224,21:33,Sunday,Cloudy,Area_A,7.09,20.65,Area_C,0.57,Area_F
MP-2026-00679,P0679,36-45,Male,23.30958,77.48003,23:04,Monday,Clear,Area_D,4.48,13.02,Area_D,1.91,Area_D
MP-2026-00680,P0680,18-25,Male,23.190024,77.411549,14:14,Monday,Clear,Area_E,18.42,51.37,Area_B,3.01,Area_D
MP-2026-00681,P0681,36-45,Male,23.165083,77.487531,09:31,Thursday,Clear,Area_B,10.87,77.02,Area_F,0.68,Area_B
MP-2026-00682,P0682,18-25,Male,23.253266,77.345261,14:03,Friday,Clear,Area_E,2.67,7.08,Area_G,6.59,Area_D
MP-2026-00683,P0683,26-35,Female,23.244835,77.483729,10:45,Saturday,Clear,Area_E,10.75,3.01,Area_H,4.5,Area_E
MP-2026-00684,P0684,46-55,Female,23.319923,77.415201,17:38,Monday,Clear,Area_B,3.49,29.23,Area_C,1.86,Area_B
MP-2026-00685,P0685,26-35,Male,23.318275,77.341246,15:46,Wednesday,Clear,Area_F,7.35,11.11,Area_I,1.9,Area_F
MP-2026-00686,P0686,46-55,Male,23.311466,77.344509,06:46,Monday,Rain,Area_A,23.16,69.62,Area_F,0.26,Area_A
MP-2026-00687,P0687,46-55,Female,23.265105,77.4756,16:39,Saturday,Rain,Area_E,7.56,14.98,Area_B,1.88,Area_F
MP-2026-00688,P0688,56+,Female,23.250831,77.475522,10:48,Thursday,Clear,Area_A,6.79,19.47,Area_F,4.4,Area_I
MP-2026-00689,P0689,26-35,Female,23.161447,77.389472,17:15,Wednesday,Clear,Area_D,7.83,22.24,Area_I,4.72,Area_H
MP-2026-00690,P0690,18-25,Female,23.320847,77.353988,14:43,Friday,Clear,Area_A,3.9,1.89,Area_D,5.85,Area_A
MP-2026-00691,P0691,56+,Male,23.32,77.471458,09:12,Wednesday,Clear,Area_E,5.85,74.04,Area_H,3.22,Area_E
MP-2026-00692,P0692,46-55,Male,23.330217,77.329079,09:44,Monday,Cloudy,Area_E,4.3,1.92,Area_D,0.13,Area_A
MP-2026-00693,P0693,36-45,Male,23.254516,77.485991,18:30,Friday,Cloudy,Area_G,19.7,51.94,Area_G,10.61,Area_D
MP-2026-00694,P0694,36-45,Female,23.260597,77.421918,10:26,Saturday,Cloudy,Area_E,5.09,13.4,Area_B,0.59,Area_D
MP-2026-00695,P0695,18-25,Male,23.332884,77.332401,21:13,Sunday,Clear,Area_D,10.7,61.93,Area_E,0.1,Area_B
MP-2026-00696,P0696,36-45,Male,23.328496,77.479699,17:19,Tuesday,Rain,Area_D,4.3,24.17,Area_F,4.27,Area_B
MP-2026-00697,P0697,26-35,Female,23.181221,77.396319,15:45,Saturday,Rain,Area_C,9.69,38.19,Area_G,4.65,Area_G
MP-2026-00698,P0698,36-45,Female,23.327579,77.353376,12:28,Sunday,Fog,Area_H,10.37,53.52,Area_A,8.83,Area_B
MP-2026-00699,P0699,18-25,Female,23.251649,77.46607,12:50,Friday,Rain,Area_D,8.87,72.16,Area_E,4.39,Area_E
MP-2026-00700,P0700,56+,Female,23.171513,77.411409,12:31,Thursday,Cloudy,Area_H,9.11,12.9,Area_G,3.32,Area_D
MP-2026-00701,P0701,46-55,Female,23.172472,77.491044,07:55,Saturday,Clear,Area_I,11.59,8.49,Area_J,6.49,Area_J
MP-2026-00702,P0702,18-25,Female,23.178224,77.48668,02:45,Saturday,Cloudy,Area_E,7.83,18.17,Area_B,4.73,Area_A
MP-2026-00703,P0703,56+,Female,23.258008,77.342298,17:08,Monday,Clear,Area_G,8.98,24.38,Area_G,15.23,Area_G
MP-2026-00704,P0704,26-35,Male,23.332345,77.431409,18:22,Thursday,Cloudy,Area_I,6.81,26.06,Area_I,4.85,Area_F
MP-2026-00705,P0705,26-35,Female,23.25084,77.337383,12:35,Monday,Clear,Area_A,15.82,79.19,Area_B,0.81,Area_D
MP-2026-00706,P0706,18-25,Female,23.305619,77.408767,22:35,Wednesday,Clear,Area_C,10.65,34.7,Area_B,3.49,Area_C
MP-2026-00707,P0707,36-45,Female,23.311299,77.350636,13:55,Friday,Clear,Area_A,20.55,60.71,Area_H,0.89,Area_D
MP-2026-00708,P0708,36-45,Female,23.186854,77.415447,07:45,Sunday,Clear,Area_E,5.11,20.87,Area_G,6.13,Area_G
MP-2026-00709,P0709,36-45,Female,23.248504,77.339563,11:02,Wednesday,Clear,Area_F,12.44,50.82,Area_A,15.21,Area_A
MP-2026-00710,P0710,18-25,Other,23.169941,77.392636,12:34,Monday,Rain,Area_H,11.86,26.87,Area_D,0.14,Area_E
MP-2026-00711,P0711,18-25,Female,23.256873,77.353297,14:24,Saturday,Fog,Area_F,4.57,28.91,Area_C,1.58,Area_F
MP-2026-00712,P0712,56+,Male,23.196159,77.415024,14:16,Friday,Clear,Area_F,4.09,13.47,Area_A,2.27,Area_E
MP-2026-00713,P0713,36-45,Female,23.307977,77.342578,15:57,Tuesday,Clear,Area_E,4.38,3.34,Area_F,1.72,Area_E
MP-2026-00714,P0714,36-45,Female,23.242346,77.356052,06:20,Monday,Clear,Area_D,11.46,35.18,Area_G,1.93,Area_E
MP-2026-00715,P0715,18-25,Other,23.067823,77.614381,05:57,Tuesday,Cloudy,Area_F,6.49,4.92,Area_J,2.39,Area_J
MP-2026-00716,P0716,36-45,Male,23.265887,77.412713,08:20,Sunday,Rain,Area_B,8.66,8.64,Area_C,1.46,Area_F
MP-2026-00717,P0717,36-45,Female,23.243093,77.482649,18:07,Thursday,Clear,Area_B,7.53,36.77,Area_E,0.12,Area_H
MP-2026-00718,P0718,18-25,Female,23.173287,77.400153,13:04,Sunday,Rain,Area_H,6.2,3.71,Area_E,1.48,Area_C
MP-2026-00719,P0719,46-55,Female,23.299091,77.410888,12:21,Tuesday,Cloudy,Area_D,3.33,3.96,Area_E,0.27,Area_D
MP-2026-00720,P0720,26-35,Male,23.251089,77.406909,18:28,Sunday,Clear,Area_A,15.09,39.49,Area_F,1.66,Area_H
MP-2026-00721,P0721,56+,Male,23.066846,77.605889,08:45,Saturday,Cloudy,Area_F,5.23,15.46,Area_G,1.23,Area_E
MP-2026-00722,P0722,36-45,Female,23.25177,77.488697,02:51,Friday,Rain,Area_C,3.7,2.09,Area_C,1.71,Area_F
MP-2026-00723,P0723,26-35,Male,23.185286,77.404462,13:15,Monday,Clear,Area_B,8.19,76.5,Area_E,6.29,Area_H
MP-2026-00724,P0724,18-25,Female,23.23979,77.495069,17:03,Saturday,Clear,Area_C,6.93,5.82,Area_B,4.6,Area_C
MP-2026-00725,P0725,18-25,Male,23.328293,77.344125,15:04,Tuesday,Cloudy,Area_B,13.2,49.43,Area_A,1.33,Area_B
MP-2026-00726,P0726,26-35,Female,23.245261,77.336486,12:37,Sunday,Cloudy,Area_C,8.89,7.74,Area_B,5.97,Area_D
MP-2026-00727,P0727,46-55,Male,23.318787,77.415336,11:28,Wednesday,Clear,Area_B,14.53,27.74,Area_C,9.37,Area_C
MP-2026-00728,P0728,26-35,Female,23.171206,77.466851,05:22,Friday,Clear,Area_F,6.85,10.29,Area_F,5.4,Area_B
MP-2026-00729,P0729,36-45,Male,23.319168,77.466741,15:27,Monday,Cloudy,Area_C,9.67,24.61,Area_B,2.87,Area_C
MP-2026-00730,P0730,46-55,Male,23.182295,77.413438,12:10,Friday,Clear,Area_B,5.86,11.8,Area_F,0.35,Area_F
MP-2026-00731,P0731,18-25,Female,23.239944,77.349623,18:57,Tuesday,Clear,Area_A,9.85,41.47,Area_E,1.49,Area_B
MP-2026-00732,P0732,56+,Male,23.308496,77.340607,21:13,Wednesday,Clear,Area_D,3.66,6.62,Area_I,11.67,Area_A
MP-2026-00733,P0733,26-35,Female,23.238194,77.493268,02:43,Friday,Clear,Area_A,10.24,63.8,Area_E,5.04,Area_H
MP-2026-00734,P0734,56+,Male,23.310785,77.342515,02:03,Friday,Cloudy,Area_C,2.96,66.96,Area_H,10.77,Area_C
MP-2026-00735,P0735,26-35,Female,23.178343,77.472434,23:14,Monday,Cloudy,Area_D,11.72,17.55,Area_E,7.55,Area_D
MP-2026-00736,P0736,18-25,Male,23.260808,77.341525,08:41,Tuesday,Clear,Area_D,15.33,20.04,Area_G,2.14,Area_D
MP-2026-00737,P0737,26-35,Female,23.247015,77.401508,07:52,Tuesday,Cloudy,Area_A,18.45,20.92,Area_B,1.24,Area_I
MP-2026-00738,P0738,18-25,Female,23.308873,77.492609,21:07,Friday,Clear,Area_I,5.27,23.91,Area_C,0.11,Area_C
MP-2026-00739,P0739,18-25,Female,23.303458,77.468487,09:41,Monday,Clear,Area_A,25.0,3.17,Area_B,4.52,Area_A
MP-2026-00740,P0740,46-55,Male,23.262375,77.488369,12:55,Tuesday,Clear,Area_F,18.22,24.67,Area_B,0.94,Area_B
MP-2026-00741,P0741,36-45,Female,23.322046,77.398674,22:25,Thursday,Clear,Area_A,12.22,49.02,Area_C,3.22,Area_E
MP-2026-00742,P0742,18-25,Male,23.312177,77.48188,22:19,Monday,Rain,Area_F,5.84,62.97,Area_F,2.81,Area_F
MP-2026-00743,P0743,36-45,Male,23.313241,77.350237,14:10,Saturday,Clear,Area_A,12.89,74.36,Area_B,2.59,Area_E
MP-2026-00744,P0744,46-55,Female,23.178854,77.412786,21:34,Monday,Rain,Area_F,4.99,14.6,Area_E,3.51,Area_F
MP-2026-00745,P0745,56+,Female,23.233479,77.342989,11:09,Wednesday,Cloudy,Area_A,3.73,2.74,Area_B,6.81,Area_E
MP-2026-00746,P0746,36-45,Female,23.248042,77.337972,19:11,Monday,Cloudy,Area_G,7.36,20.52,Area_G,3.37,Area_G
MP-2026-00747,P0747,46-55,Female,23.262614,77.334669,14:17,Saturday,Clear,Area_G,10.01,21.34,Area_I,0.38,Area_C
MP-2026-00748,P0748,18-25,Female,23.060307,77.601114,16:52,Sunday,Clear,Area_E,7.94,11.48,Area_C,1.61,Area_H
MP-2026-00749,P0749,26-35,Female,23.082273,77.614891,05:21,Friday,Clear,Area_F,3.84,7.55,Area_B,2.89,Area_F
MP-2026-00750,P0750,56+,Female,23.171155,77.420453,17:27,Tuesday,Clear,Area_G,4.96,12.17,Area_A,7.84,Area_F
MP-2026-00751,P0751,56+,Male,23.194516,77.401093,11:30,Tuesday,Clear,Area_C,9.68,2.66,Area_D,1.35,Area_G
MP-2026-00752,P0752,56+,Male,23.315639,77.335379,18:19,Thursday,Cloudy,Area_C,7.33,64.48,Area_C,1.98,Area_C
MP-2026-00753,P0753,46-55,Male,23.181866,77.401701,19:22,Thursday,Clear,Area_D,7.98,55.81,Area_D,9.19,Area_E
MP-2026-00754,P0754,26-35,Male,23.316655,77.414804,17:44,Sunday,Cloudy,Area_D,15.75,36.61,Area_A,13.33,Area_F
MP-2026-00755,P0755,46-55,Female,23.318944,77.415678,17:37,Saturday,Clear,Area_B,12.34,76.84,Area_A,0.43,Area_B
MP-2026-00756,P0756,36-45,Female,23.322755,77.495347,08:25,Thursday,Rain,Area_E,16.48,39.52,Area_E,0.6,Area_F
MP-2026-00757,P0757,18-25,Female,23.244228,77.340559,11:04,Friday,Cloudy,Area_B,13.28,11.53,Area_C,0.14,Area_H
MP-2026-00758,P0758,18-25,Male,23.26149,77.475978,06:15,Wednesday,Clear,Area_D,7.34,20.42,Area_H,2.17,Area_E
MP-2026-00759,P0759,18-25,Female,23.18353,77.35005,18:04,Tuesday,Fog,Area_A,14.72,26.76,Area_G,0.25,Area_H
MP-2026-00760,P0760,46-55,Male,23.19136,77.413337,13:59,Friday,Clear,Area_F,4.92,4.43,Area_F,0.87,Area_E
MP-2026-00761,P0761,18-25,Male,23.249992,77.397412,07:56,Saturday,Clear,Area_D,9.29,7.66,Area_C,3.77,Area_D
MP-2026-00762,P0762,18-25,Other,23.182251,77.345469,04:29,Friday,Clear,Area_F,4.15,2.2,Area_F,0.84,Area_C
MP-2026-00763,P0763,36-45,Male,23.251577,77.401006,12:35,Wednesday,Rain,Area_F,6.86,62.69,Area_E,1.33,Area_E
MP-2026-00764,P0764,56+,Male,23.174718,77.423932,17:55,Monday,Cloudy,Area_B,12.95,76.99,Area_F,2.15,Area_I
MP-2026-00765,P0765,46-55,Male,23.25211,77.47939,14:28,Saturday,Clear,Area_H,8.49,54.85,Area_I,0.39,Area_H
MP-2026-00766,P0766,36-45,Female,23.192117,77.351065,07:43,Tuesday,Cloudy,Area_G,7.77,44.1,Area_A,2.1,Area_D
MP-2026-00767,P0767,46-55,Male,23.165995,77.342871,17:51,Thursday,Cloudy,Area_A,4.25,52.02,Area_E,1.03,Area_H
MP-2026-00768,P0768,36-45,Female,23.175316,77.34765,06:34,Monday,Cloudy,Area_B,5.87,20.48,Area_C,2.96,Area_E
MP-2026-00769,P0769,56+,Male,23.314787,77.333568,02:11,Tuesday,Clear,Area_C,8.66,54.13,Area_E,3.36,Area_A
MP-2026-00770,P0770,46-55,Female,23.253394,77.347635,14:15,Tuesday,Rain,Area_A,10.83,38.51,Area_D,0.12,Area_A
MP-2026-00771,P0771,26-35,Male,23.175396,77.410876,15:55,Sunday,Clear,Area_E,9.9,7.25,Area_D,0.93,Area_E
MP-2026-00772,P0772,26-35,Male,23.328168,77.405666,10:12,Saturday,Cloudy,Area_E,5.14,47.51,Area_B,0.77,Area_E
MP-2026-00773,P0773,26-35,Female,23.171993,77.330828,11:03,Tuesday,Clear,Area_D,7.96,2.55,Area_D,4.4,Area_D
MP-2026-00774,P0774,18-25,Female,23.24756,77.409164,11:19,Tuesday,Clear,Area_C,12.91,72.17,Area_G,10.75,Area_H
MP-2026-00775,P0775,46-55,Male,23.257165,77.402795,01:38,Monday,Rain,Area_B,4.53,4.94,Area_F,0.86,Area_G
MP-2026-00776,P0776,18-25,Male,23.177266,77.482614,11:33,Saturday,Clear,Area_J,9.64,1.51,Area_J,3.77,Area_E
MP-2026-00777,P0777,26-35,Male,23.068046,77.613451,19:14,Friday,Clear,Area_A,14.22,58.34,Area_E,2.0,Area_H
MP-2026-00778,P0778,18-25,Female,23.321063,77.471447,20:02,Saturday,Clear,Area_C,17.6,25.47,Area_E,3.4,Area_E
MP-2026-00779,P0779,18-25,Female,23.314477,77.408714,16:09,Monday,Cloudy,Area_G,11.54,23.03,Area_I,7.06,Area_E
MP-2026-00780,P0780,46-55,Female,23.176329,77.407745,16:15,Friday,Clear,Area_B,7.57,6.46,Area_E,1.41,Area_H
MP-2026-00781,P0781,46-55,Other,23.233284,77.332113,23:47,Monday,Clear,Area_F,5.73,64.96,Area_G,3.88,Area_D
MP-2026-00782,P0782,36-45,Female,23.32924,77.355814,10:28,Sunday,Clear,Area_B,8.47,59.02,Area_A,3.86,Area_B
MP-2026-00783,P0783,36-45,Female,23.306438,77.412015,05:11,Sunday,Clear,Area_G,18.2,30.56,Area_B,2.62,Area_A
MP-2026-00784,P0784,36-45,Female,23.318111,77.484757,17:46,Monday,Cloudy,Area_B,9.21,5.77,Area_C,3.9,Area_E
MP-2026-00785,P0785,26-35,Male,23.173336,77.405962,13:55,Wednesday,Cloudy,Area_F,15.79,50.96,Area_E,0.6,Area_D
MP-2026-00786,P0786,36-45,Male,23.26057,77.346687,07:42,Sunday,Clear,Area_G,20.89,64.85,Area_F,2.71,Area_E
MP-2026-00787,P0787,26-35,Female,23.251217,77.472615,18:28,Tuesday,Rain,Area_E,5.69,18.88,Area_D,1.2,Area_C
MP-2026-00788,P0788,26-35,Female,23.331238,77.334251,09:42,Wednesday,Clear,Area_B,19.25,62.81,Area_A,23.25,Area_D
MP-2026-00789,P0789,36-45,Female,23.246951,77.331884,09:58,Saturday,Clear,Area_C,10.79,33.89,Area_A,10.01,Area_E
MP-2026-00790,P0790,36-45,Female,23.259283,77.335512,14:20,Tuesday,Clear,Area_B,6.14,42.06,Area_D,2.27,Area_E
MP-2026-00791,P0791,36-45,Male,23.316858,77.484033,18:05,Friday,Clear,Area_A,12.38,61.7,Area_E,5.15,Area_E
MP-2026-00792,P0792,36-45,Male,23.165881,77.413585,08:22,Saturday,Clear,Area_E,8.62,5.86,Area_E,1.77,Area_H
MP-2026-00793,P0793,18-25,Male,23.184967,77.426731,19:12,Tuesday,Clear,Area_C,23.93,79.0,Area_I,1.81,Area_F
MP-2026-00794,P0794,36-45,Male,23.178863,77.476365,07:08,Thursday,Clear,Area_G,8.55,35.54,Area_H,4.49,Area_H
MP-2026-00795,P0795,36-45,Male,23.311882,77.463053,20:54,Sunday,Cloudy,Area_D,5.46,2.18,Area_B,0.29,Area_C
MP-2026-00796,P0796,26-35,Female,23.176361,77.410248,06:44,Thursday,Clear,Area_G,12.44,45.49,Area_E,1.68,Area_I
MP-2026-00797,P0797,36-45,Female,23.330946,77.421977,08:07,Thursday,Cloudy,Area_A,7.77,65.63,Area_E,1.76,Area_D
MP-2026-00798,P0798,18-25,Male,23.260735,77.485488,15:15,Tuesday,Cloudy,Area_F,3.76,19.37,Area_I,2.99,Area_H
MP-2026-00799,P0799,26-35,Male,23.249929,77.471221,18:58,Thursday,Clear,Area_E,5.91,22.95,Area_G,1.35,Area_E
MP-2026-00800,P0800,18-25,Male,23.184908,77.342472,19:51,Sunday,Rain,Area_E,5.01,17.85,Area_D,2.16,Area_B
MP-2026-00801,P0801,36-45,Female,23.239841,77.33669,15:22,Wednesday,Clear,Area_A,22.73,60.6,Area_D,7.61,Area_C
MP-2026-00802,P0802,36-45,Male,23.188361,77.413761,05:26,Monday,Clear,Area_H,26.89,30.95,Area_G,2.44,Area_E
MP-2026-00803,P0803,26-35,Male,23.257607,77.482702,13:58,Friday,Cloudy,Area_C,5.2,25.73,Area_E,2.67,Area_I
MP-2026-00804,P0804,26-35,Female,23.181643,77.33217,04:32,Tuesday,Cloudy,Area_E,6.83,40.23,Area_D,4.09,Area_G
MP-2026-00805,P0805,26-35,Male,23.319591,77.486331,11:12,Friday,Cloudy,Area_F,17.79,38.68,Area_H,5.17,Area_D
MP-2026-00806,P0806,26-35,Female,23.235215,77.339466,18:47,Saturday,Clear,Area_F,17.69,63.42,Area_H,1.93,Area_H
MP-2026-00807,P0807,18-25,Female,23.187097,77.475619,22:05,Monday,Cloudy,Area_D,9.49,4.9,Area_G,0.54,Area_G
MP-2026-00808,P0808,46-55,Female,23.17842,77.406088,20:04,Tuesday,Clear,Area_E,10.58,8.88,Area_F,0.42,Area_E
MP-2026-00809,P0809,56+,Female,23.329971,77.344162,13:55,Tuesday,Clear,Area_D,7.26,6.81,Area_A,1.12,Area_D
MP-2026-00810,P0810,26-35,Female,23.325309,77.335065,14:53,Saturday,Clear,Area_F,10.83,41.2,Area_C,6.91,Area_E
MP-2026-00811,P0811,26-35,Female,23.302801,77.481572,10:27,Saturday,Cloudy,Area_G,18.57,64.95,Area_H,2.72,Area_G
MP-2026-00812,P0812,18-25,Male,23.189139,77.400494,07:19,Tuesday,Cloudy,Area_A,6.83,15.3,Area_B,1.46,Area_A
MP-2026-00813,P0813,36-45,Male,23.261012,77.482106,11:42,Thursday,Cloudy,Area_I,27.66,67.19,Area_C,13.67,Area_B
MP-2026-00814,P0814,26-35,Female,23.181014,77.400523,09:00,Tuesday,Cloudy,Area_F,6.72,72.44,Area_E,3.07,Area_G
MP-2026-00815,P0815,46-55,Male,23.190582,77.397583,08:47,Wednesday,Clear,Area_B,11.79,9.22,Area_C,0.27,Area_E
MP-2026-00816,P0816,56+,Female,23.238539,77.332468,07:05,Wednesday,Cloudy,Area_B,8.97,33.21,Area_A,4.49,Area_D
MP-2026-00817,P0817,26-35,Male,23.277514,77.480184,19:37,Tuesday,Rain,Area_B,12.73,19.91,Area_E,0.41,Area_B
MP-2026-00818,P0818,26-35,Other,23.170949,77.410284,17:24,Thursday,Clear,Area_F,11.37,59.18,Area_J,6.65,Area_H
MP-2026-00819,P0819,46-55,Male,23.173669,77.398888,19:46,Saturday,Cloudy,Area_E,6.23,4.81,Area_A,2.46,Area_H
MP-2026-00820,P0820,36-45,Female,23.182932,77.348742,08:07,Wednesday,Cloudy,Area_G,2.94,6.28,Area_H,3.59,Area_G
MP-2026-00821,P0821,56+,Female,23.169829,77.343345,17:43,Friday,Clear,Area_B,9.14,53.8,Area_F,3.03,Area_E
MP-2026-00822,P0822,56+,Female,23.324976,77.319417,08:22,Friday,Clear,Area_E,5.4,24.14,Area_G,3.47,Area_H
MP-2026-00823,P0823,46-55,Male,23.319293,77.35113,11:39,Monday,Cloudy,Area_A,3.43,2.24,Area_C,22.78,Area_B
MP-2026-00824,P0824,26-35,Female,23.336442,77.338093,19:39,Tuesday,Clear,Area_E,13.36,59.9,Area_A,8.09,Area_C
MP-2026-00825,P0825,18-25,Female,23.24926,77.410054,07:30,Monday,Clear,Area_B,10.63,17.56,Area_C,6.5,Area_B
MP-2026-00826,P0826,26-35,Female,23.250603,77.487991,07:08,Monday,Clear,Area_F,8.6,23.21,Area_I,4.6,Area_I
MP-2026-00827,P0827,36-45,Female,23.32137,77.482815,02:36,Monday,Rain,Area_C,6.95,19.64,Area_H,1.11,Area_C
MP-2026-00828,P0828,26-35,Female,23.177446,77.346446,20:19,Sunday,Cloudy,Area_G,10.0,2.86,Area_H,4.99,Area_G
MP-2026-00829,P0829,26-35,Male,23.173411,77.484816,13:56,Wednesday,Clear,Area_C,8.39,11.61,Area_F,2.62,Area_C
MP-2026-00830,P0830,18-25,Female,23.242424,77.339077,14:22,Monday,Clear,Area_D,8.37,2.33,Area_A,0.59,Area_C
MP-2026-00831,P0831,46-55,Male,23.067958,77.609676,18:00,Thursday,Clear,Area_B,9.38,22.2,Area_E,9.97,Area_H
MP-2026-00832,P0832,26-35,Other,23.247698,77.483308,12:09,Friday,Clear,Area_C,12.54,49.99,Area_H,8.2,Area_B
MP-2026-00833,P0833,18-25,Female,23.258893,77.332246,13:15,Sunday,Clear,Area_B,9.16,33.24,Area_G,8.42,Area_H
MP-2026-00834,P0834,46-55,Male,23.249247,77.477429,18:07,Friday,Clear,Area_B,10.32,21.01,Area_H,12.37,Area_H
MP-2026-00835,P0835,36-45,Female,23.240956,77.404919,14:34,Saturday,Clear,Area_A,14.56,10.91,Area_F,4.39,Area_C
MP-2026-00836,P0836,36-45,Male,23.31368,77.481656,14:25,Tuesday,Clear,Area_C,30.0,23.56,Area_F,0.22,Area_C
MP-2026-00837,P0837,46-55,Male,23.318812,77.345238,09:32,Monday,Cloudy,Area_B,9.79,8.74,Area_C,3.88,Area_B
MP-2026-00838,P0838,46-55,Female,23.169051,77.472021,16:20,Monday,Clear,Area_F,7.04,21.69,Area_E,3.87,Area_H
MP-2026-00839,P0839,26-35,Female,23.326634,77.465283,16:35,Sunday,Rain,Area_F,6.51,1.32,Area_I,1.53,Area_F
MP-2026-00840,P0840,36-45,Male,23.181628,77.354271,21:09,Saturday,Cloudy,Area_E,5.53,17.94,Area_H,0.53,Area_E
MP-2026-00841,P0841,36-45,Female,23.328777,77.338444,13:50,Saturday,Cloudy,Area_B,4.49,14.36,Area_B,12.26,Area_E
MP-2026-00842,P0842,36-45,Female,23.181158,77.339707,07:45,Tuesday,Rain,Area_H,7.44,24.15,Area_H,3.41,Area_H
MP-2026-00843,P0843,46-55,Male,23.183806,77.48594,18:18,Tuesday,Clear,Area_A,8.21,33.41,Area_B,8.15,Area_C
MP-2026-00844,P0844,56+,Female,23.242574,77.41821,19:07,Monday,Clear,Area_D,4.47,31.71,Area_G,7.86,Area_H
MP-2026-00845,P0845,36-45,Male,23.262463,77.409343,14:53,Monday,Cloudy,Area_G,8.31,2.96,Area_D,1.19,Area_D
MP-2026-00846,P0846,26-35,Male,23.252193,77.486169,09:16,Tuesday,Cloudy,Area_B,13.78,53.94,Area_F,0.1,Area_B
MP-2026-00847,P0847,36-45,Male,23.325335,77.413277,12:12,Wednesday,Clear,Area_A,15.4,20.95,Area_E,5.48,Area_C
MP-2026-00848,P0848,18-25,Female,23.180055,77.491404,07:15,Friday,Clear,Area_E,6.62,12.19,Area_I,0.96,Area_F
MP-2026-00849,P0849,46-55,Female,23.318231,77.415593,09:38,Sunday,Clear,Area_D,9.15,22.01,Area_G,2.07,Area_D
MP-2026-00850,P0850,36-45,Male,23.312964,77.349901,19:48,Friday,Cloudy,Area_H,17.2,78.03,Area_C,13.81,Area_B
MP-2026-00851,P0851,36-45,Female,23.193201,77.469719,07:48,Thursday,Clear,Area_B,7.11,20.54,Area_E,1.16,Area_I
MP-2026-00852,P0852,26-35,Other,23.047147,77.610054,20:58,Wednesday,Cloudy,Area_A,12.72,14.85,Area_J,0.65,Area_J
MP-2026-00853,P0853,26-35,Male,23.160786,77.404832,14:38,Tuesday,Clear,Area_E,2.5,20.43,Area_J,12.65,Area_E
MP-2026-00854,P0854,36-45,Female,23.239977,77.477935,18:07,Wednesday,Clear,Area_D,11.8,43.29,Area_D,8.04,Area_B
MP-2026-00855,P0855,26-35,Female,23.248338,77.338543,05:38,Tuesday,Rain,Area_C,6.18,5.79,Area_D,5.33,Area_H
MP-2026-00856,P0856,26-35,Female,23.251983,77.465904,19:59,Friday,Rain,Area_B,9.82,37.45,Area_I,2.99,Area_F
MP-2026-00857,P0857,46-55,Female,23.321239,77.359676,07:52,Sunday,Clear,Area_D,8.82,20.87,Area_D,0.22,Area_A
MP-2026-00858,P0858,26-35,Male,23.251709,77.41494,18:41,Sunday,Clear,Area_B,6.48,74.65,Area_F,2.93,Area_B
MP-2026-00859,P0859,36-45,Male,23.186374,77.482352,08:16,Sunday,Rain,Area_B,12.81,29.8,Area_H,0.92,Area_G
MP-2026-00860,P0860,18-25,Male,23.249874,77.404609,20:51,Friday,Cloudy,Area_F,8.81,18.04,Area_I,1.63,Area_H
MP-2026-00861,P0861,26-35,Female,23.244264,77.41178,12:48,Tuesday,Rain,Area_E,13.86,10.7,Area_A,0.86,Area_D
MP-2026-00862,P0862,18-25,Male,23.330553,77.355595,20:20,Friday,Cloudy,Area_A,8.09,10.09,Area_G,17.7,Area_B
MP-2026-00863,P0863,56+,Male,23.323447,77.418984,09:27,Friday,Clear,Area_D,10.22,6.44,Area_A,3.68,Area_B
MP-2026-00864,P0864,56+,Male,23.168292,77.480175,01:47,Wednesday,Cloudy,Area_C,4.42,6.53,Area_B,0.73,Area_C
MP-2026-00865,P0865,26-35,Female,23.249161,77.481495,10:57,Sunday,Rain,Area_A,13.78,23.24,Area_A,3.47,Area_E
MP-2026-00866,P0866,36-45,Female,23.251105,77.341594,08:43,Tuesday,Cloudy,Area_I,5.41,23.4,Area_B,2.09,Area_B
MP-2026-00867,P0867,26-35,Other,23.248597,77.417315,08:29,Thursday,Clear,Area_B,7.22,20.3,Area_A,4.49,Area_B
MP-2026-00868,P0868,56+,Male,23.316721,77.405717,20:52,Friday,Cloudy,Area_H,5.4,14.6,Area_F,1.13,Area_F
MP-2026-00869,P0869,36-45,Male,23.179942,77.462199,10:36,Wednesday,Rain,Area_B,14.52,23.78,Area_E,1.06,Area_G
MP-2026-00870,P0870,18-25,Male,23.243543,77.486043,09:51,Wednesday,Clear,Area_A,6.94,60.36,Area_A,0.84,Area_A
MP-2026-00871,P0871,26-35,Female,23.267806,77.331792,06:53,Friday,Clear,Area_H,14.57,31.43,Area_D,1.97,Area_A
MP-2026-00872,P0872,56+,Male,23.262738,77.347574,20:24,Thursday,Clear,Area_G,3.94,3.35,Area_C,5.12,Area_F
MP-2026-00873,P0873,36-45,Female,23.237921,77.337473,20:33,Friday,Clear,Area_I,8.29,18.04,Area_E,1.43,Area_B
MP-2026-00874,P0874,26-35,Female,23.254476,77.332601,17:42,Friday,Clear,Area_A,16.02,27.31,Area_A,5.2,Area_E
MP-2026-00875,P0875,26-35,Female,23.235439,77.415534,16:41,Wednesday,Clear,Area_G,7.31,5.3,Area_A,0.31,Area_B
MP-2026-00876,P0876,18-25,Female,23.322384,77.410817,09:39,Tuesday,Cloudy,Area_E,30.0,41.4,Area_B,1.28,Area_E
MP-2026-00877,P0877,36-45,Female,23.244766,77.338683,03:22,Tuesday,Fog,Area_E,6.08,23.48,Area_G,3.38,Area_G
MP-2026-00878,P0878,36-45,Female,23.240329,77.466691,08:01,Tuesday,Clear,Area_B,5.33,77.96,Area_A,4.75,Area_B
MP-2026-00879,P0879,46-55,Male,23.326,77.470685,07:40,Sunday,Rain,Area_D,4.63,18.95,Area_C,2.64,Area_E
MP-2026-00880,P0880,18-25,Male,23.076108,77.61019,12:34,Saturday,Cloudy,Area_H,8.5,20.66,Area_J,2.27,Area_J
MP-2026-00881,P0881,36-45,Male,23.251483,77.404524,16:12,Tuesday,Clear,Area_B,6.65,44.12,Area_D,0.99,Area_F
MP-2026-00882,P0882,56+,Female,23.253675,77.405365,13:07,Thursday,Rain,Area_D,7.55,17.72,Area_G,8.7,Area_D
MP-2026-00883,P0883,26-35,Male,23.321333,77.486044,15:43,Friday,Cloudy,Area_C,12.42,54.22,Area_B,5.48,Area_C
MP-2026-00884,P0884,26-35,Female,23.181833,77.405408,07:47,Tuesday,Clear,Area_A,7.63,24.19,Area_A,0.41,Area_E
MP-2026-00885,P0885,36-45,Male,23.248947,77.420499,04:50,Saturday,Cloudy,Area_G,26.97,35.99,Area_I,0.38,Area_G
MP-2026-00886,P0886,46-55,Male,23.182096,77.330872,21:16,Saturday,Clear,Area_A,5.86,8.65,Area_I,8.09,Area_F
MP-2026-00887,P0887,46-55,Male,23.253405,77.410405,13:31,Thursday,Cloudy,Area_D,7.6,22.25,Area_G,6.36,Area_D
MP-2026-00888,P0888,56+,Male,23.319865,77.406256,10:59,Friday,Clear,Area_D,8.78,63.43,Area_A,2.62,Area_D
MP-2026-00889,P0889,36-45,Female,23.246101,77.411702,18:03,Wednesday,Clear,Area_I,2.52,2.03,Area_E,0.1,Area_E
MP-2026-00890,P0890,18-25,Male,23.31808,77.485295,18:43,Friday,Clear,Area_G,7.68,20.43,Area_D,0.41,Area_B
MP-2026-00891,P0891,18-25,Male,23.254641,77.490998,16:04,Friday,Clear,Area_F,22.22,49.03,Area_I,2.93,Area_F
MP-2026-00892,P0892,36-45,Male,23.239127,77.41018,15:15,Sunday,Cloudy,Area_F,10.64,24.5,Area_E,2.29,Area_H
MP-2026-00893,P0893,36-45,Female,23.245612,77.496017,11:52,Friday,Clear,Area_A,16.09,54.13,Area_D,0.13,Area_C
MP-2026-00894,P0894,26-35,Female,23.310791,77.334861,09:39,Monday,Clear,Area_G,5.43,16.44,Area_H,0.67,Area_E
MP-2026-00895,P0895,36-45,Male,23.241491,77.339522,05:50,Thursday,Clear,Area_C,3.85,4.01,Area_C,7.07,Area_A
MP-2026-00896,P0896,36-45,Female,23.241204,77.478684,12:30,Monday,Rain,Area_E,28.97,17.23,Area_H,1.47,Area_E
MP-2026-00897,P0897,18-25,Male,23.179048,77.325037,17:42,Wednesday,Fog,Area_J,19.55,53.49,Area_I,5.6,Area_H
MP-2026-00898,P0898,56+,Male,23.182159,77.421466,06:37,Tuesday,Cloudy,Area_B,6.77,6.12,Area_H,1.56,Area_I
MP-2026-00899,P0899,26-35,Male,23.25194,77.332477,17:25,Wednesday,Clear,Area_B,25.18,34.14,Area_G,0.93,Area_D
MP-2026-00900,P0900,46-55,Female,23.08226,77.599155,09:57,Monday,Fog,Area_B,7.39,40.85,Area_B,0.81,Area_F
MP-2026-00901,P0901,36-45,Male,23.256647,77.410525,07:55,Monday,Rain,Area_B,8.51,11.34,Area_C,2.54,Area_G
MP-2026-00902,P0902,46-55,Male,23.186112,77.345479,13:40,Wednesday,Clear,Area_A,7.5,52.99,Area_H,0.74,Area_E
MP-2026-00903,P0903,26-35,Male,23.2541,77.342446,22:22,Monday,Clear,Area_B,3.71,1.4,Area_C,0.37,Area_B
MP-2026-00904,P0904,18-25,Female,23.323622,77.335188,18:52,Wednesday,Rain,Area_I,9.9,28.21,Area_H,12.39,Area_B
MP-2026-00905,P0905,56+,Female,23.248021,77.475661,11:48,Friday,Cloudy,Area_B,9.77,20.42,Area_F,7.89,Area_E
MP-2026-00906,P0906,26-35,Male,23.256863,77.418559,17:47,Friday,Rain,Area_H,13.63,12.24,Area_F,0.98,Area_H
MP-2026-00907,P0907,26-35,Male,23.327484,77.400802,13:44,Friday,Clear,Area_F,9.51,21.69,Area_C,4.21,Area_C
MP-2026-00908,P0908,56+,Male,23.252454,77.337289,19:29,Saturday,Clear,Area_D,12.42,52.25,Area_G,1.12,Area_G
MP-2026-00909,P0909,36-45,Female,23.249197,77.348398,06:25,Saturday,Clear,Area_H,3.37,31.53,Area_G,8.41,Area_H
MP-2026-00910,P0910,18-25,Male,23.305954,77.479828,16:14,Friday,Clear,Area_D,5.99,8.3,Area_A,4.88,Area_G
MP-2026-00911,P0911,26-35,Female,23.320054,77.421943,10:49,Saturday,Cloudy,Area_C,14.62,74.94,Area_D,2.34,Area_E
MP-2026-00912,P0912,46-55,Female,23.191574,77.387325,16:47,Monday,Clear,Area_F,4.19,9.03,Area_I,0.59,Area_F
MP-2026-00913,P0913,26-35,Female,23.24727,77.493828,12:16,Saturday,Cloudy,Area_F,7.01,13.61,Area_E,3.96,Area_F
MP-2026-00914,P0914,26-35,Other,23.256474,77.473564,15:22,Saturday,Rain,Area_D,6.06,65.72,Area_I,0.1,Area_F
MP-2026-00915,P0915,36-45,Other,23.234326,77.40664,18:43,Monday,Rain,Area_A,20.79,25.63,Area_H,14.1,Area_D
MP-2026-00916,P0916,56+,Female,23.260863,77.404807,18:04,Thursday,Clear,Area_B,13.52,24.9,Area_D,0.92,Area_B
MP-2026-00917,P0917,26-35,Female,23.324589,77.489408,09:10,Wednesday,Clear,Area_A,26.42,8.61,Area_B,1.39,Area_A
MP-2026-00918,P0918,36-45,Male,23.177865,77.409546,02:33,Saturday,Cloudy,Area_A,9.17,10.14,Area_D,1.62,Area_A
MP-2026-00919,P0919,36-45,Female,23.310479,77.3357,21:02,Monday,Rain,Area_B,10.86,14.89,Area_D,2.72,Area_B
MP-2026-00920,P0920,26-35,Male,23.194489,77.467805,08:44,Monday,Clear,Area_H,5.87,22.94,Area_G,1.47,Area_G
MP-2026-00921,P0921,26-35,Female,23.179897,77.415692,07:16,Tuesday,Cloudy,Area_A,7.56,16.48,Area_G,3.9,Area_A
MP-2026-00922,P0922,56+,Male,23.257597,77.326205,16:18,Tuesday,Clear,Area_H,3.89,4.74,Area_G,5.58,Area_D
MP-2026-00923,P0923,18-25,Male,23.31738,77.328021,12:34,Monday,Clear,Area_B,15.1,38.67,Area_E,9.8,Area_D
MP-2026-00924,P0924,46-55,Female,23.303041,77.470083,13:25,Sunday,Cloudy,Area_B,16.86,21.33,Area_C,0.18,Area_B
MP-2026-00925,P0925,36-45,Male,23.25116,77.418842,19:52,Monday,Clear,Area_F,5.74,9.37,Area_B,8.67,Area_F
MP-2026-00926,P0926,56+,Male,23.316796,77.415011,18:45,Friday,Cloudy,Area_D,9.12,3.39,Area_A,0.1,Area_D
MP-2026-00927,P0927,26-35,Male,23.065295,77.616303,19:28,Sunday,Clear,Area_H,12.98,57.06,Area_J,4.97,Area_J
MP-2026-00928,P0928,36-45,Male,23.175317,77.329664,12:44,Thursday,Cloudy,Area_E,6.9,8.7,Area_G,2.27,Area_H
MP-2026-00929,P0929,26-35,Male,23.327257,77.390525,13:26,Wednesday,Clear,Area_A,14.84,54.54,Area_D,2.16,Area_F
MP-2026-00930,P0930,26-35,Female,23.259114,77.489209,06:37,Wednesday,Rain,Area_F,9.91,24.52,Area_E,0.62,Area_A
MP-2026-00931,P0931,36-45,Male,23.258725,77.342089,07:41,Tuesday,Clear,Area_F,9.06,17.55,Area_E,3.21,Area_B
MP-2026-00932,P0932,26-35,Male,23.173644,77.40172,18:12,Tuesday,Cloudy,Area_D,12.72,64.3,Area_E,5.03,Area_B
MP-2026-00933,P0933,26-35,Female,23.322523,77.488863,08:21,Monday,Cloudy,Area_D,14.12,58.84,Area_H,0.76,Area_E
MP-2026-00934,P0934,36-45,Female,23.262942,77.346643,18:24,Friday,Clear,Area_B,10.61,6.42,Area_F,1.67,Area_B
MP-2026-00935,P0935,26-35,Male,23.325907,77.48304,23:06,Friday,Fog,Area_F,8.53,22.73,Area_C,8.93,Area_F
MP-2026-00936,P0936,26-35,Male,23.307973,77.405708,12:03,Wednesday,Rain,Area_C,7.59,78.9,Area_E,0.29,Area_E
MP-2026-00937,P0937,36-45,Female,23.243591,77.484939,17:33,Saturday,Clear,Area_J,12.34,39.49,Area_I,3.32,Area_C
MP-2026-00938,P0938,36-45,Female,23.187618,77.408623,16:02,Friday,Clear,Area_D,11.44,50.08,Area_I,0.54,Area_F
MP-2026-00939,P0939,36-45,Female,23.257366,77.347644,12:21,Thursday,Cloudy,Area_A,6.46,41.07,Area_G,0.84,Area_D
MP-2026-00940,P0940,36-45,Male,23.326009,77.341858,10:33,Saturday,Cloudy,Area_A,14.68,3.96,Area_B,0.12,Area_E
MP-2026-00941,P0941,26-35,Male,23.241012,77.409827,17:36,Thursday,Clear,Area_A,3.52,13.59,Area_G,5.57,Area_A
MP-2026-00942,P0942,36-45,Female,23.323051,77.415263,14:14,Friday,Clear,Area_C,8.0,70.99,Area_E,0.19,Area_C
MP-2026-00943,P0943,36-45,Male,23.260549,77.474393,20:38,Friday,Clear,Area_B,3.78,1.28,Area_C,0.44,Area_B
MP-2026-00944,P0944,36-45,Male,23.170098,77.399371,21:01,Monday,Clear,Area_F,5.24,79.02,Area_I,6.5,Area_E
MP-2026-00945,P0945,18-25,Male,23.17091,77.413434,07:50,Thursday,Clear,Area_E,12.2,60.71,Area_E,6.33,Area_D
MP-2026-00946,P0946,26-35,Male,23.243352,77.474564,19:39,Sunday,Clear,Area_B,11.75,21.61,Area_B,9.83,Area_B
MP-2026-00947,P0947,46-55,Male,23.252491,77.48943,08:49,Sunday,Cloudy,Area_F,16.99,47.46,Area_H,6.87,Area_E
MP-2026-00948,P0948,26-35,Female,23.319694,77.346909,13:17,Monday,Rain,Area_F,4.99,59.68,Area_C,0.82,Area_B
MP-2026-00949,P0949,36-45,Male,23.310305,77.436368,17:29,Sunday,Cloudy,Area_C,7.92,16.09,Area_A,5.53,Area_C
MP-2026-00950,P0950,18-25,Female,23.320999,77.455494,18:00,Thursday,Clear,Area_A,7.42,75.0,Area_B,0.27,Area_A
MP-2026-00951,P0951,36-45,Female,23.181238,77.475571,17:33,Saturday,Rain,Area_E,17.94,22.09,Area_F,0.7,Area_E
MP-2026-00952,P0952,26-35,Male,23.311521,77.417901,08:08,Saturday,Cloudy,Area_E,8.21,12.88,Area_C,8.72,Area_E
MP-2026-00953,P0953,36-45,Male,23.181573,77.333093,16:39,Sunday,Clear,Area_B,8.81,24.91,Area_B,5.38,Area_E
MP-2026-00954,P0954,46-55,Female,23.178788,77.493077,10:13,Wednesday,Clear,Area_E,18.73,50.26,Area_C,8.04,Area_E
MP-2026-00955,P0955,18-25,Male,23.06964,77.606125,13:33,Tuesday,Rain,Area_F,10.4,58.45,Area_J,0.55,Area_J
MP-2026-00956,P0956,46-55,Male,23.315771,77.493994,13:23,Tuesday,Clear,Area_E,8.11,66.49,Area_F,1.86,Area_E
MP-2026-00957,P0957,36-45,Male,23.182205,77.344875,12:33,Friday,Cloudy,Area_B,19.14,51.84,Area_E,19.05,Area_I
MP-2026-00958,P0958,26-35,Female,23.317255,77.337158,19:04,Thursday,Clear,Area_A,8.76,17.5,Area_A,6.89,Area_A
MP-2026-00959,P0959,18-25,Male,23.171551,77.407928,18:53,Sunday,Cloudy,Area_G,7.74,21.71,Area_H,3.77,Area_G
MP-2026-00960,P0960,56+,Female,23.253789,77.337847,08:10,Monday,Clear,Area_A,8.54,72.57,Area_B,13.53,Area_E
MP-2026-00961,P0961,46-55,Female,23.307032,77.369361,09:04,Wednesday,Clear,Area_A,6.86,33.55,Area_B,3.4,Area_D
MP-2026-00962,P0962,18-25,Female,23.255329,77.419703,07:05,Sunday,Cloudy,Area_H,9.06,24.98,Area_E,0.47,Area_F
MP-2026-00963,P0963,26-35,Female,23.256199,77.406812,22:44,Thursday,Clear,Area_A,10.89,22.05,Area_B,6.27,Area_F
MP-2026-00964,P0964,36-45,Other,23.326057,77.467347,11:29,Friday,Rain,Area_A,7.77,55.64,Area_E,4.68,Area_I
MP-2026-00965,P0965,18-25,Male,23.180401,77.423799,08:00,Sunday,Clear,Area_C,24.41,35.66,Area_C,1.04,Area_G
MP-2026-00966,P0966,36-45,Male,23.241495,77.340951,03:23,Saturday,Clear,Area_B,7.57,46.16,Area_A,15.23,Area_A
MP-2026-00967,P0967,26-35,Male,23.175068,77.484426,08:11,Monday,Cloudy,Area_G,28.9,61.04,Area_I,7.36,Area_I
MP-2026-00968,P0968,46-55,Female,23.2477,77.470984,07:49,Monday,Cloudy,Area_F,5.2,47.52,Area_B,23.57,Area_A
MP-2026-00969,P0969,36-45,Female,23.174514,77.490166,12:39,Monday,Cloudy,Area_E,4.7,1.99,Area_I,4.01,Area_E
MP-2026-00970,P0970,26-35,Female,23.253357,77.338065,19:10,Tuesday,Fog,Area_E,3.77,23.73,Area_B,6.01,Area_E
MP-2026-00971,P0971,46-55,Female,23.174574,77.472971,20:31,Thursday,Clear,Area_B,7.54,12.98,Area_I,1.55,Area_B
MP-2026-00972,P0972,36-45,Male,23.177766,77.472571,18:35,Thursday,Clear,Area_H,14.41,69.02,Area_I,1.8,Area_H
MP-2026-00973,P0973,18-25,Female,23.255738,77.409839,10:23,Monday,Clear,Area_A,22.09,42.73,Area_C,6.94,Area_B
MP-2026-00974,P0974,26-35,Female,23.329721,77.416503,15:43,Sunday,Clear,Area_D,10.49,50.95,Area_B,3.05,Area_D
MP-2026-00975,P0975,18-25,Female,23.305404,77.480342,18:12,Tuesday,Clear,Area_A,6.86,59.06,Area_E,8.47,Area_B
MP-2026-00976,P0976,18-25,Female,23.29994,77.469731,16:53,Monday,Clear,Area_B,17.7,58.98,Area_B,11.35,Area_B
MP-2026-00977,P0977,46-55,Female,23.315179,77.343469,10:19,Monday,Cloudy,Area_B,4.14,23.98,Area_F,7.92,Area_B
MP-2026-00978,P0978,36-45,Male,23.322958,77.393544,11:31,Monday,Rain,Area_H,9.5,2.49,Area_E,6.33,Area_B
MP-2026-00979,P0979,18-25,Female,23.190029,77.351733,02:34,Tuesday,Clear,Area_G,24.67,29.39,Area_B,5.29,Area_G
MP-2026-00980,P0980,18-25,Female,23.257326,77.409811,16:06,Monday,Clear,Area_E,15.86,50.12,Area_B,0.14,Area_B
MP-2026-00981,P0981,26-35,Female,23.259591,77.411467,20:03,Wednesday,Clear,Area_B,5.47,9.75,Area_F,2.28,Area_B
MP-2026-00982,P0982,36-45,Male,23.312486,77.412477,11:57,Tuesday,Clear,Area_D,4.27,23.08,Area_E,18.01,Area_E
MP-2026-00983,P0983,46-55,Male,23.185964,77.347387,23:49,Thursday,Cloudy,Area_E,16.27,11.88,Area_D,3.44,Area_E
MP-2026-00984,P0984,26-35,Female,23.257084,77.404054,17:50,Monday,Clear,Area_B,26.71,37.04,Area_E,0.66,Area_B
MP-2026-00985,P0985,26-35,Male,23.320173,77.401977,08:19,Tuesday,Cloudy,Area_D,13.75,5.45,Area_A,0.1,Area_E
MP-2026-00986,P0986,26-35,Female,23.313349,77.405929,19:32,Friday,Rain,Area_D,10.81,60.85,Area_A,2.22,Area_D
MP-2026-00987,P0987,36-45,Female,23.173867,77.477444,12:16,Tuesday,Clear,Area_A,7.22,17.34,Area_F,5.33,Area_I
MP-2026-00988,P0988,36-45,Male,23.252109,77.423663,11:37,Wednesday,Rain,Area_I,10.3,64.05,Area_J,0.54,Area_E
MP-2026-00989,P0989,36-45,Female,23.244525,77.419105,00:10,Monday,Cloudy,Area_A,10.47,8.5,Area_E,0.1,Area_A
MP-2026-00990,P0990,18-25,Female,23.309387,77.410034,11:18,Sunday,Cloudy,Area_C,19.69,39.84,Area_A,5.5,Area_A
MP-2026-00991,P0991,56+,Male,23.270136,77.408564,17:20,Thursday,Rain,Area_E,12.58,64.58,Area_E,0.91,Area_I
MP-2026-00992,P0992,26-35,Female,23.253789,77.472849,07:41,Saturday,Clear,Area_I,11.14,20.21,Area_C,0.83,Area_B
MP-2026-00993,P0993,46-55,Male,23.255684,77.414587,08:00,Saturday,Rain,Area_F,6.76,35.74,Area_F,1.35,Area_F
MP-2026-00994,P0994,26-35,Female,23.169233,77.3413,07:29,Friday,Cloudy,Area_H,3.24,4.11,Area_G,14.69,Area_H
MP-2026-00995,P0995,36-45,Female,23.179821,77.344004,16:22,Wednesday,Cloudy,Area_D,8.16,20.41,Area_E,0.72,Area_C
MP-2026-00996,P0996,36-45,Male,23.249859,77.465572,16:07,Sunday,Cloudy,Area_G,14.85,61.21,Area_G,0.92,Area_H
MP-2026-00997,P0997,36-45,Female,23.318099,77.412437,17:20,Tuesday,Clear,Area_H,7.58,37.22,Area_A,2.51,Area_G
MP-2026-00998,P0998,56+,Male,23.238321,77.417685,08:15,Saturday,Cloudy,Area_E,7.18,40.03,Area_F,3.34,Area_E
MP-2026-00999,P0999,46-55,Female,23.31147,77.402789,10:26,Thursday,Clear,Area_E,13.92,23.17,Area_E,2.42,Area_E
MP-2026-01000,P1000,18-25,Male,23.176154,77.476044,15:56,Wednesday,Clear,Area_C,5.29,14.22,Area_I,4.03,Area_H
MP-2026-01001,P1001,26-35,Other,23.259325,77.485039,15:04,Friday,Cloudy,Area_E,7.18,20.28,Area_I,3.53,Area_B
MP-2026-01002,P1002,56+,Male,23.246923,77.411776,19:09,Saturday,Cloudy,Area_E,13.2,12.56,Area_H,5.16,Area_E
MP-2026-01003,P1003,46-55,Female,23.315125,77.32968,09:10,Monday,Clear,Area_D,10.48,34.32,Area_E,10.86,Area_B
MP-2026-01004,P1004,18-25,Male,23.329533,77.484093,20:24,Friday,Clear,Area_E,13.35,21.04,Area_D,0.85,Area_B
MP-2026-01005,P1005,18-25,Male,23.313131,77.418627,10:27,Monday,Cloudy,Area_A,30.0,56.77,Area_B,0.61,Area_A
MP-2026-01006,P1006,36-45,Female,23.317315,77.413007,14:26,Tuesday,Rain,Area_I,10.45,67.02,Area_C,1.2,Area_E
MP-2026-01007,P1007,56+,Other,23.32967,77.337642,19:37,Sunday,Clear,Area_F,4.2,15.7,Area_B,1.38,Area_F
MP-2026-01008,P1008,46-55,Male,23.180609,77.332266,18:08,Saturday,Clear,Area_E,5.45,68.5,Area_C,0.61,Area_B
MP-2026-01009,P1009,46-55,Female,23.31907,77.342988,19:18,Sunday,Cloudy,Area_E,8.77,5.66,Area_G,15.43,Area_D
MP-2026-01010,P1010,26-35,Female,23.172937,77.476172,23:38,Monday,Cloudy,Area_F,8.24,23.47,Area_E,4.28,Area_F
MP-2026-01011,P1011,26-35,Male,23.25373,77.337527,10:47,Monday,Rain,Area_J,7.43,4.87,Area_E,8.39,Area_D
MP-2026-01012,P1012,26-35,Female,23.266407,77.490025,08:14,Thursday,Cloudy,Area_B,7.66,22.88,Area_B,4.05,Area_E
MP-2026-01013,P1013,36-45,Female,23.312674,77.480692,15:39,Thursday,Clear,Area_B,6.77,12.77,Area_A,4.04,Area_B
MP-2026-01014,P1014,36-45,Male,23.264894,77.400662,06:56,Saturday,Clear,Area_D,11.92,4.56,Area_E,4.25,Area_D
MP-2026-01015,P1015,18-25,Male,23.330817,77.468587,12:06,Thursday,Rain,Area_G,19.06,22.76,Area_G,0.91,Area_F
MP-2026-01016,P1016,56+,Male,23.246902,77.391602,14:01,Monday,Clear,Area_D,3.84,5.06,Area_D,14.24,Area_D
MP-2026-01017,P1017,56+,Female,23.186883,77.339797,18:54,Sunday,Fog,Area_G,2.45,7.99,Area_A,0.62,Area_D
MP-2026-01018,P1018,36-45,Male,23.252505,77.344019,09:39,Friday,Rain,Area_E,4.05,75.36,Area_A,1.79,Area_B
MP-2026-01019,P1019,36-45,Male,23.260435,77.354867,07:40,Monday,Clear,Area_B,12.59,30.04,Area_H,1.67,Area_B
MP-2026-01020,P1020,46-55,Male,23.175741,77.328151,18:12,Wednesday,Clear,Area_B,25.51,24.18,Area_D,0.89,Area_G
MP-2026-01021,P1021,56+,Male,23.186058,77.320699,11:14,Thursday,Clear,Area_F,3.55,21.88,Area_E,20.38,Area_E
MP-2026-01022,P1022,18-25,Male,23.335035,77.410472,12:37,Tuesday,Clear,Area_G,3.97,7.6,Area_F,6.93,Area_C
MP-2026-01023,P1023,26-35,Female,23.239292,77.390004,18:35,Saturday,Clear,Area_D,7.23,28.13,Area_E,3.8,Area_B
MP-2026-01024,P1024,36-45,Male,23.194337,77.418899,09:04,Tuesday,Clear,Area_B,14.91,17.63,Area_E,3.31,Area_E
MP-2026-01025,P1025,18-25,Male,23.243423,77.409145,17:58,Friday,Cloudy,Area_C,9.27,24.69,Area_F,2.51,Area_C
MP-2026-01026,P1026,46-55,Female,23.312062,77.349591,13:45,Thursday,Rain,Area_G,11.59,73.87,Area_G,1.86,Area_D
MP-2026-01027,P1027,36-45,Male,23.176424,77.344453,13:19,Monday,Clear,Area_D,7.49,13.81,Area_D,5.94,Area_H
MP-2026-01028,P1028,18-25,Male,23.256112,77.344704,09:24,Thursday,Clear,Area_E,18.27,76.84,Area_H,1.6,Area_G
MP-2026-01029,P1029,26-35,Female,23.325439,77.407612,18:34,Sunday,Clear,Area_F,7.6,3.28,Area_H,1.75,Area_C
MP-2026-01030,P1030,26-35,Other,23.183232,77.47746,22:13,Wednesday,Clear,Area_C,13.36,74.43,Area_I,1.61,Area_F
MP-2026-01031,P1031,36-45,Male,23.304166,77.33897,23:23,Wednesday,Clear,Area_A,13.72,29.27,Area_D,2.66,Area_A
MP-2026-01032,P1032,26-35,Male,23.18447,77.420262,14:17,Thursday,Clear,Area_G,7.77,14.99,Area_D,3.38,Area_G
MP-2026-01033,P1033,36-45,Female,23.179782,77.352591,11:18,Thursday,Clear,Area_J,5.35,17.68,Area_I,9.33,Area_E
MP-2026-01034,P1034,18-25,Female,23.328858,77.338882,21:42,Tuesday,Cloudy,Area_H,8.6,5.21,Area_B,1.89,Area_H
MP-2026-01035,P1035,26-35,Male,23.323595,77.404155,14:25,Saturday,Cloudy,Area_B,15.75,25.4,Area_B,2.22,Area_B
MP-2026-01036,P1036,36-45,Female,23.339311,77.4626,17:51,Friday,Clear,Area_E,5.49,4.98,Area_F,5.42,Area_F
MP-2026-01037,P1037,26-35,Female,23.182722,77.343037,04:55,Thursday,Clear,Area_F,7.88,36.58,Area_H,0.5,Area_E
MP-2026-01038,P1038,18-25,Male,23.247723,77.342948,17:19,Saturday,Clear,Area_D,9.68,24.03,Area_G,6.08,Area_D
MP-2026-01039,P1039,26-35,Male,23.318527,77.322964,20:51,Saturday,Cloudy,Area_C,17.33,62.45,Area_B,3.52,Area_E
MP-2026-01040,P1040,18-25,Female,23.330616,77.346977,16:44,Thursday,Clear,Area_H,9.62,68.14,Area_B,3.89,Area_H
MP-2026-01041,P1041,36-45,Female,23.328382,77.407774,21:58,Thursday,Cloudy,Area_C,11.11,74.85,Area_C,1.24,Area_C
MP-2026-01042,P1042,18-25,Female,23.245082,77.332203,01:29,Friday,Clear,Area_B,16.97,38.83,Area_A,3.62,Area_B
MP-2026-01043,P1043,26-35,Female,23.254568,77.479326,18:15,Sunday,Clear,Area_B,5.01,78.05,Area_I,1.2,Area_F
MP-2026-01044,P1044,36-45,Male,23.303551,77.481025,12:50,Monday,Clear,Area_A,10.67,7.35,Area_H,0.2,Area_F
MP-2026-01045,P1045,56+,Male,23.171282,77.407653,08:12,Tuesday,Rain,Area_H,7.98,11.93,Area_A,4.21,Area_B
MP-2026-01046,P1046,18-25,Male,23.248668,77.421385,17:45,Friday,Rain,Area_C,13.79,54.62,Area_B,1.12,Area_H
MP-2026-01047,P1047,56+,Female,23.178139,77.493152,15:08,Tuesday,Clear,Area_E,11.53,78.76,Area_A,2.2,Area_E
MP-2026-01048,P1048,26-35,Male,23.241413,77.489279,08:00,Sunday,Clear,Area_G,12.08,3.64,Area_I,2.47,Area_E
MP-2026-01049,P1049,46-55,Male,23.32193,77.330892,11:09,Wednesday,Clear,Area_A,30.0,3.77,Area_E,2.65,Area_D
MP-2026-01050,P1050,18-25,Male,23.245802,77.490377,16:37,Thursday,Cloudy,Area_A,12.78,76.97,Area_B,0.54,Area_H
MP-2026-01051,P1051,36-45,Female,23.176911,77.421579,13:34,Monday,Cloudy,Area_F,5.81,16.08,Area_J,5.66,Area_F
MP-2026-01052,P1052,18-25,Male,23.255989,77.492526,18:43,Monday,Rain,Area_E,6.12,48.14,Area_H,2.49,Area_H
MP-2026-01053,P1053,26-35,Female,23.311372,77.347855,12:20,Tuesday,Clear,Area_B,12.82,11.0,Area_B,0.61,Area_B
MP-2026-01054,P1054,56+,Male,23.267386,77.409785,14:07,Friday,Clear,Area_A,7.32,4.44,Area_G,4.46,Area_A
MP-2026-01055,P1055,56+,Female,23.32262,77.47886,09:21,Friday,Cloudy,Area_E,5.2,50.25,Area_F,5.09,Area_B
MP-2026-01056,P1056,46-55,Male,23.311473,77.354123,10:36,Sunday,Clear,Area_D,6.36,3.82,Area_A,1.9,Area_B
MP-2026-01057,P1057,36-45,Female,23.245125,77.34116,16:18,Thursday,Clear,Area_D,9.32,43.48,Area_E,0.48,Area_D
MP-2026-01058,P1058,36-45,Female,23.247829,77.420386,07:10,Friday,Fog,Area_A,10.4,5.95,Area_B,5.77,Area_A
MP-2026-01059,P1059,18-25,Male,23.326661,77.486998,19:05,Wednesday,Rain,Area_E,8.04,72.36,Area_C,6.04,Area_E
MP-2026-01060,P1060,26-35,Female,23.332096,77.411122,07:57,Thursday,Clear,Area_E,5.28,53.42,Area_C,1.64,Area_E
MP-2026-01061,P1061,46-55,Male,23.340562,77.405802,17:27,Friday,Cloudy,Area_E,8.41,4.25,Area_A,10.0,Area_G
MP-2026-01062,P1062,18-25,Male,23.310549,77.486361,12:52,Wednesday,Cloudy,Area_B,30.0,57.82,Area_E,0.55,Area_B
MP-2026-01063,P1063,36-45,Female,23.252341,77.33837,18:43,Friday,Clear,Area_G,9.95,10.78,Area_G,4.64,Area_D
MP-2026-01064,P1064,26-35,Male,23.325976,77.404855,05:23,Monday,Clear,Area_E,9.37,18.53,Area_F,2.0,Area_E
MP-2026-01065,P1065,56+,Male,23.312201,77.348305,13:47,Thursday,Rain,Area_G,13.82,68.98,Area_A,4.09,Area_E
MP-2026-01066,P1066,36-45,Male,23.250405,77.482624,16:55,Sunday,Clear,Area_D,7.41,9.06,Area_G,0.2,Area_D
MP-2026-01067,P1067,18-25,Female,23.238734,77.33454,06:46,Friday,Clear,Area_A,19.93,46.47,Area_B,2.18,Area_A
MP-2026-01068,P1068,56+,Female,23.185211,77.480489,07:58,Thursday,Cloudy,Area_C,16.79,67.56,Area_C,0.4,Area_E
MP-2026-01069,P1069,56+,Male,23.241329,77.400962,18:21,Friday,Clear,Area_E,8.46,53.23,Area_F,2.15,Area_I
MP-2026-01070,P1070,36-45,Male,23.265288,77.487125,14:11,Saturday,Clear,Area_C,9.5,2.85,Area_C,1.87,Area_B
MP-2026-01071,P1071,56+,Female,23.181729,77.408543,10:02,Friday,Cloudy,Area_G,13.04,14.0,Area_D,12.37,Area_E
MP-2026-01072,P1072,36-45,Female,23.323126,77.336794,22:51,Saturday,Clear,Area_B,6.4,26.32,Area_F,4.34,Area_B
MP-2026-01073,P1073,26-35,Male,23.076804,77.621666,08:10,Friday,Clear,Area_A,16.04,61.41,Area_I,5.76,Area_E
MP-2026-01074,P1074,36-45,Other,23.325916,77.473648,17:45,Friday,Cloudy,Area_A,10.14,47.13,Area_F,2.03,Area_B
MP-2026-01075,P1075,26-35,Male,23.195241,77.411282,19:10,Wednesday,Clear,Area_E,11.93,69.77,Area_H,1.55,Area_E
MP-2026-01076,P1076,36-45,Female,23.169973,77.402922,06:47,Monday,Cloudy,Area_I,5.64,27.5,Area_I,1.47,Area_I
MP-2026-01077,P1077,46-55,Male,23.328301,77.407329,10:23,Wednesday,Cloudy,Area_A,5.51,48.31,Area_D,15.82,Area_A
MP-2026-01078,P1078,18-25,Female,23.259882,77.343895,06:40,Monday,Clear,Area_C,14.06,45.02,Area_A,7.08,Area_D
MP-2026-01079,P1079,46-55,Female,23.245782,77.481565,11:01,Monday,Cloudy,Area_A,12.07,55.77,Area_E,0.42,Area_H
MP-2026-01080,P1080,26-35,Male,23.262091,77.405943,13:53,Wednesday,Clear,Area_A,7.89,13.9,Area_C,2.54,Area_E
MP-2026-01081,P1081,36-45,Female,23.18613,77.462617,18:01,Wednesday,Clear,Area_B,7.24,9.67,Area_D,5.11,Area_G
MP-2026-01082,P1082,46-55,Male,23.185964,77.4908,07:41,Sunday,Clear,Area_E,2.33,2.47,Area_F,16.85,Area_I
MP-2026-01083,P1083,26-35,Other,23.32574,77.333364,16:23,Sunday,Rain,Area_A,15.89,31.7,Area_B,0.19,Area_A
MP-2026-01084,P1084,36-45,Female,23.257415,77.471978,16:17,Saturday,Cloudy,Area_A,9.41,78.75,Area_B,0.92,Area_B
MP-2026-01085,P1085,36-45,Male,23.252155,77.33463,18:14,Tuesday,Cloudy,Area_B,13.76,51.04,Area_A,0.53,Area_D
MP-2026-01086,P1086,26-35,Female,23.333098,77.32819,09:34,Monday,Clear,Area_D,12.75,68.13,Area_G,6.75,Area_D
MP-2026-01087,P1087,26-35,Female,23.343352,77.463452,06:54,Wednesday,Cloudy,Area_D,7.4,64.18,Area_B,1.19,Area_A
MP-2026-01088,P1088,56+,Male,23.255227,77.40021,08:23,Sunday,Fog,Area_C,7.62,58.51,Area_I,0.65,Area_F
MP-2026-01089,P1089,26-35,Female,23.200482,77.489652,08:52,Friday,Cloudy,Area_A,12.37,35.01,Area_F,2.9,Area_H
MP-2026-01090,P1090,18-25,Male,23.247396,77.347494,07:38,Tuesday,Rain,Area_G,19.16,68.74,Area_G,4.62,Area_G
MP-2026-01091,P1091,56+,Female,23.263665,77.411013,18:56,Tuesday,Fog,Area_E,4.25,7.84,Area_B,1.95,Area_E
MP-2026-01092,P1092,36-45,Female,23.317082,77.413255,11:16,Tuesday,Rain,Area_F,14.01,47.98,Area_A,6.09,Area_E
MP-2026-01093,P1093,46-55,Female,23.185559,77.42412,12:21,Sunday,Clear,Area_B,9.06,16.34,Area_E,0.49,Area_F
MP-2026-01094,P1094,36-45,Female,23.238365,77.420796,07:21,Saturday,Rain,Area_C,20.51,56.01,Area_C,7.69,Area_I
MP-2026-01095,P1095,36-45,Female,23.295646,77.338029,14:25,Thursday,Cloudy,Area_E,4.71,1.05,Area_A,0.62,Area_E
MP-2026-01096,P1096,26-35,Female,23.186348,77.336717,10:10,Wednesday,Cloudy,Area_F,10.59,18.33,Area_E,3.76,Area_D
MP-2026-01097,P1097,46-55,Male,23.067146,77.605628,07:37,Thursday,Fog,Area_H,13.55,7.9,Area_I,0.62,Area_I
MP-2026-01098,P1098,46-55,Female,23.321099,77.345592,22:52,Wednesday,Cloudy,Area_D,7.77,35.8,Area_B,3.84,Area_D
MP-2026-01099,P1099,18-25,Female,23.086012,77.622031,21:39,Monday,Clear,Area_A,19.43,22.92,Area_I,0.97,Area_I
MP-2026-01100,P1100,26-35,Other,23.319556,77.397499,13:06,Thursday,Fog,Area_B,5.83,9.69,Area_F,0.1,Area_C
MP-2026-01101,P1101,26-35,Female,23.177753,77.397154,17:41,Wednesday,Fog,Area_E,21.95,58.64,Area_H,0.94,Area_E
MP-2026-01102,P1102,56+,Female,23.325045,77.327739,15:29,Monday,Cloudy,Area_H,4.95,35.06,Area_E,11.2,Area_E
MP-2026-01103,P1103,46-55,Male,23.178874,77.473304,16:44,Sunday,Rain,Area_B,14.55,20.16,Area_D,4.73,Area_B
MP-2026-01104,P1104,26-35,Female,23.329758,77.350338,18:05,Tuesday,Cloudy,Area_C,10.65,8.51,Area_B,0.57,Area_C
MP-2026-01105,P1105,36-45,Female,23.255182,77.4132,05:25,Thursday,Cloudy,Area_E,13.57,65.33,Area_D,15.08,Area_E
MP-2026-01106,P1106,56+,Female,23.251675,77.345327,12:38,Sunday,Clear,Area_A,4.61,47.7,Area_H,24.0,Area_E
MP-2026-01107,P1107,26-35,Female,23.187227,77.414952,09:20,Monday,Clear,Area_C,14.04,19.5,Area_E,5.16,Area_A
MP-2026-01108,P1108,36-45,Male,23.172645,77.403133,18:19,Wednesday,Clear,Area_F,9.95,2.02,Area_I,7.88,Area_E
MP-2026-01109,P1109,36-45,Female,23.318388,77.342433,06:05,Tuesday,Rain,Area_A,9.76,13.92,Area_H,8.87,Area_D
MP-2026-01110,P1110,26-35,Male,23.254301,77.406007,12:33,Thursday,Clear,Area_H,9.43,30.97,Area_I,1.68,Area_E
MP-2026-01111,P1111,46-55,Male,23.327173,77.394504,08:12,Thursday,Cloudy,Area_G,12.69,43.92,Area_D,1.25,Area_G
MP-2026-01112,P1112,36-45,Male,23.318325,77.484421,08:02,Friday,Clear,Area_E,6.57,70.11,Area_C,2.9,Area_C
MP-2026-01113,P1113,26-35,Male,23.324646,77.474979,07:53,Wednesday,Rain,Area_E,4.85,24.11,Area_A,1.78,Area_B
MP-2026-01114,P1114,36-45,Female,23.308165,77.487947,07:28,Wednesday,Cloudy,Area_C,8.65,11.53,Area_C,0.82,Area_C
MP-2026-01115,P1115,26-35,Female,23.322118,77.403539,15:14,Saturday,Rain,Area_E,15.37,40.64,Area_C,6.91,Area_F
MP-2026-01116,P1116,18-25,Female,23.183752,77.400087,07:47,Friday,Clear,Area_F,13.61,42.63,Area_A,0.37,Area_H
MP-2026-01117,P1117,36-45,Female,23.236817,77.340521,16:19,Sunday,Rain,Area_E,6.78,4.64,Area_H,5.55,Area_E
MP-2026-01118,P1118,36-45,Female,23.181969,77.353719,12:07,Tuesday,Clear,Area_F,13.75,8.28,Area_H,2.78,Area_D
MP-2026-01119,P1119,18-25,Female,23.237465,77.493719,08:20,Wednesday,Cloudy,Area_J,12.65,34.39,Area_I,1.32,Area_D
MP-2026-01120,P1120,26-35,Female,23.241979,77.343235,18:13,Thursday,Cloudy,Area_D,10.05,30.5,Area_H,1.44,Area_D
MP-2026-01121,P1121,56+,Male,23.323983,77.476708,15:09,Monday,Clear,Area_I,7.85,30.32,Area_C,3.96,Area_E
MP-2026-01122,P1122,18-25,Female,23.325419,77.41678,09:03,Thursday,Clear,Area_D,9.18,32.33,Area_A,5.89,Area_G
MP-2026-01123,P1123,26-35,Female,23.323806,77.414507,13:06,Saturday,Cloudy,Area_B,8.76,44.34,Area_C,8.51,Area_B
MP-2026-01124,P1124,36-45,Male,23.2562,77.345886,09:12,Wednesday,Cloudy,Area_D,10.57,33.11,Area_G,2.26,Area_E
MP-2026-01125,P1125,26-35,Male,23.246959,77.482998,08:39,Monday,Clear,Area_B,4.44,1.6,Area_H,5.59,Area_E
MP-2026-01126,P1126,36-45,Male,23.250347,77.497632,08:22,Thursday,Clear,Area_B,8.47,2.37,Area_C,0.75,Area_F
MP-2026-01127,P1127,36-45,Male,23.310529,77.403836,21:10,Wednesday,Clear,Area_C,14.34,20.29,Area_C,0.41,Area_F
MP-2026-01128,P1128,56+,Male,23.179457,77.477039,07:12,Thursday,Rain,Area_E,3.83,4.17,Area_D,5.75,Area_I
MP-2026-01129,P1129,36-45,Other,23.235165,77.488412,16:14,Saturday,Clear,Area_A,16.52,29.61,Area_A,2.24,Area_A
MP-2026-01130,P1130,56+,Female,23.31994,77.41943,13:27,Friday,Cloudy,Area_D,4.09,22.27,Area_I,1.02,Area_F
MP-2026-01131,P1131,26-35,Female,23.254458,77.496404,06:43,Tuesday,Clear,Area_H,11.3,8.48,Area_I,1.6,Area_E
MP-2026-01132,P1132,26-35,Male,23.251476,77.405903,13:29,Friday,Clear,Area_F,10.08,34.95,Area_A,4.62,Area_D
MP-2026-01133,P1133,26-35,Male,23.175635,77.419061,13:44,Tuesday,Clear,Area_D,5.99,24.21,Area_D,1.18,Area_D
MP-2026-01134,P1134,26-35,Male,23.174031,77.40997,02:39,Tuesday,Clear,Area_J,15.28,63.74,Area_F,0.63,Area_B
MP-2026-01135,P1135,26-35,Male,23.30802,77.399967,17:18,Thursday,Clear,Area_H,11.51,12.97,Area_D,1.05,Area_D
MP-2026-01136,P1136,26-35,Female,23.066151,77.613785,08:26,Wednesday,Rain,Area_D,14.95,26.82,Area_E,2.1,Area_I
MP-2026-01137,P1137,36-45,Female,23.320467,77.334324,16:35,Thursday,Clear,Area_C,19.14,46.61,Area_B,0.98,Area_C
MP-2026-01138,P1138,46-55,Female,23.251076,77.328917,07:28,Thursday,Cloudy,Area_B,8.34,46.4,Area_H,4.69,Area_E
MP-2026-01139,P1139,26-35,Female,23.280223,77.419438,09:27,Sunday,Clear,Area_F,5.94,71.51,Area_I,0.18,Area_F
MP-2026-01140,P1140,46-55,Male,23.32366,77.333042,19:10,Tuesday,Cloudy,Area_B,14.27,27.83,Area_E,10.32,Area_F
MP-2026-01141,P1141,36-45,Male,23.177482,77.449324,15:51,Tuesday,Clear,Area_D,10.35,62.69,Area_E,0.1,Area_F
MP-2026-01142,P1142,46-55,Male,23.307664,77.345357,12:58,Sunday,Cloudy,Area_D,4.26,40.21,Area_C,12.24,Area_D
MP-2026-01143,P1143,56+,Male,23.178728,77.478933,06:34,Tuesday,Rain,Area_H,10.03,50.74,Area_D,6.33,Area_H
MP-2026-01144,P1144,56+,Male,23.319934,77.342448,07:31,Thursday,Clear,Area_C,12.3,64.49,Area_B,5.18,Area_C
MP-2026-01145,P1145,26-35,Female,23.322962,77.423158,18:17,Sunday,Fog,Area_C,5.74,10.57,Area_E,0.11,Area_C
MP-2026-01146,P1146,26-35,Male,23.239079,77.407019,13:41,Monday,Clear,Area_G,10.27,17.2,Area_B,1.98,Area_E
MP-2026-01147,P1147,46-55,Female,23.314914,77.472214,13:23,Thursday,Clear,Area_B,15.3,54.15,Area_C,2.7,Area_B
MP-2026-01148,P1148,36-45,Male,23.251014,77.475095,18:33,Saturday,Clear,Area_F,7.47,24.9,Area_B,5.21,Area_F
MP-2026-01149,P1149,26-35,Female,23.322287,77.421263,17:03,Monday,Rain,Area_A,12.68,61.58,Area_A,9.68,Area_A
MP-2026-01150,P1150,36-45,Female,23.170397,77.480033,06:37,Sunday,Clear,Area_F,11.25,5.75,Area_F,2.82,Area_I
MP-2026-01151,P1151,18-25,Female,23.317121,77.344272,13:03,Tuesday,Clear,Area_A,9.67,10.55,Area_A,5.8,Area_A
MP-2026-01152,P1152,26-35,Female,23.18948,77.487398,16:59,Tuesday,Clear,Area_I,24.95,39.56,Area_C,15.63,Area_H
MP-2026-01153,P1153,26-35,Male,23.239416,77.482426,17:15,Tuesday,Clear,Area_A,2.22,2.14,Area_D,4.49,Area_E
MP-2026-01154,P1154,46-55,Other,23.336779,77.498392,15:51,Friday,Clear,Area_B,11.2,9.15,Area_D,6.94,Area_B
MP-2026-01155,P1155,26-35,Male,23.323673,77.329539,07:20,Tuesday,Rain,Area_B,13.52,21.98,Area_D,2.38,Area_B
MP-2026-01156,P1156,26-35,Male,23.249185,77.346986,10:43,Sunday,Clear,Area_C,8.98,1.06,Area_C,0.36,Area_A
MP-2026-01157,P1157,46-55,Male,23.182482,77.482677,09:13,Friday,Clear,Area_C,14.6,15.86,Area_C,9.81,Area_B
MP-2026-01158,P1158,18-25,Male,23.322187,77.392264,06:14,Saturday,Rain,Area_A,10.23,10.94,Area_D,1.63,Area_A
MP-2026-01159,P1159,36-45,Male,23.18652,77.411208,20:58,Wednesday,Clear,Area_G,8.76,3.36,Area_A,0.71,Area_H
MP-2026-01160,P1160,18-25,Female,23.326137,77.416225,09:57,Wednesday,Fog,Area_F,7.87,11.88,Area_E,4.36,Area_F
MP-2026-01161,P1161,36-45,Female,23.313193,77.342789,18:42,Wednesday,Fog,Area_B,11.64,54.34,Area_A,1.3,Area_D
MP-2026-01162,P1162,26-35,Male,23.248448,77.33815,09:02,Thursday,Clear,Area_G,16.2,63.51,Area_H,0.23,Area_E
MP-2026-01163,P1163,46-55,Male,23.251194,77.337438,08:33,Sunday,Clear,Area_D,4.83,12.64,Area_C,11.11,Area_D
MP-2026-01164,P1164,26-35,Female,23.176093,77.488066,19:02,Tuesday,Fog,Area_E,5.28,23.99,Area_I,0.68,Area_H
MP-2026-01165,P1165,18-25,Female,23.318733,77.473363,08:03,Wednesday,Cloudy,Area_B,8.78,11.44,Area_C,0.93,Area_A
MP-2026-01166,P1166,36-45,Female,23.257274,77.41839,17:21,Monday,Clear,Area_E,8.88,43.36,Area_F,6.17,Area_E
MP-2026-01167,P1167,18-25,Male,23.260021,77.400714,16:36,Friday,Cloudy,Area_G,5.7,12.89,Area_G,8.84,Area_H
MP-2026-01168,P1168,36-45,Male,23.076616,77.619038,13:19,Wednesday,Clear,Area_A,15.22,23.69,Area_I,2.27,Area_I
MP-2026-01169,P1169,26-35,Female,23.319971,77.346648,09:42,Sunday,Clear,Area_B,13.4,63.91,Area_D,2.47,Area_B
MP-2026-01170,P1170,26-35,Male,23.173149,77.342701,03:05,Thursday,Clear,Area_B,10.87,7.1,Area_H,0.62,Area_G
MP-2026-01171,P1171,46-55,Female,23.331744,77.35207,18:13,Friday,Clear,Area_B,15.18,10.92,Area_E,2.99,Area_G
MP-2026-01172,P1172,36-45,Female,23.25665,77.340576,12:09,Wednesday,Clear,Area_A,13.75,44.66,Area_G,0.54,Area_D
MP-2026-01173,P1173,36-45,Female,23.260405,77.336747,21:33,Sunday,Clear,Area_B,10.41,24.66,Area_B,16.41,Area_B
MP-2026-01174,P1174,18-25,Female,23.267208,77.409091,19:21,Saturday,Clear,Area_E,17.98,68.32,Area_A,0.85,Area_B
MP-2026-01175,P1175,26-35,Female,23.316805,77.489142,17:35,Friday,Clear,Area_A,13.74,32.55,Area_B,2.07,Area_H
MP-2026-01176,P1176,36-45,Other,23.326146,77.40077,14:12,Wednesday,Clear,Area_A,18.84,68.18,Area_F,4.89,Area_C
MP-2026-01177,P1177,26-35,Female,23.245474,77.338282,17:18,Friday,Clear,Area_I,10.64,1.33,Area_J,0.1,Area_H
MP-2026-01178,P1178,56+,Female,23.185641,77.424999,08:19,Thursday,Cloudy,Area_E,3.52,13.5,Area_H,0.67,Area_E
MP-2026-01179,P1179,26-35,Female,23.186784,77.465323,19:50,Wednesday,Clear,Area_D,6.57,10.6,Area_H,0.99,Area_F
MP-2026-01180,P1180,26-35,Male,23.181943,77.403935,17:27,Sunday,Clear,Area_F,4.11,78.67,Area_H,1.38,Area_F
MP-2026-01181,P1181,26-35,Male,23.181406,77.407745,14:41,Friday,Cloudy,Area_C,7.64,66.22,Area_A,0.41,Area_C
MP-2026-01182,P1182,18-25,Female,23.172837,77.480714,08:00,Thursday,Cloudy,Area_C,4.75,44.05,Area_I,1.87,Area_F
MP-2026-01183,P1183,46-55,Other,23.242662,77.479015,06:57,Wednesday,Cloudy,Area_I,7.08,47.43,Area_F,1.19,Area_H
MP-2026-01184,P1184,36-45,Female,23.333242,77.420201,09:08,Sunday,Clear,Area_A,9.6,50.35,Area_B,0.3,Area_D
MP-2026-01185,P1185,46-55,Male,23.168586,77.350758,07:22,Tuesday,Clear,Area_D,4.66,19.51,Area_D,2.34,Area_D
MP-2026-01186,P1186,26-35,Male,23.174659,77.336023,13:42,Monday,Cloudy,Area_A,9.94,19.44,Area_D,1.1,Area_A
MP-2026-01187,P1187,46-55,Female,23.262613,77.415824,09:40,Monday,Clear,Area_F,6.04,18.74,Area_C,4.31,Area_B
MP-2026-01188,P1188,26-35,Male,23.331286,77.39498,09:16,Tuesday,Cloudy,Area_G,8.48,17.26,Area_C,1.52,Area_E
MP-2026-01189,P1189,18-25,Female,23.186583,77.461082,17:59,Monday,Cloudy,Area_A,23.01,14.36,Area_F,5.18,Area_F
MP-2026-01190,P1190,18-25,Female,23.30965,77.410312,14:06,Wednesday,Clear,Area_A,17.2,41.41,Area_E,1.27,Area_D
MP-2026-01191,P1191,26-35,Female,23.320996,77.394608,00:59,Thursday,Rain,Area_E,10.93,18.17,Area_F,0.11,Area_H
MP-2026-01192,P1192,36-45,Female,23.319479,77.479831,17:54,Sunday,Cloudy,Area_E,21.82,65.8,Area_B,0.43,Area_F
MP-2026-01193,P1193,46-55,Female,23.168861,77.400089,18:00,Thursday,Clear,Area_B,15.59,1.03,Area_F,16.92,Area_E
MP-2026-01194,P1194,18-25,Male,23.255403,77.47622,15:22,Friday,Clear,Area_B,10.78,21.2,Area_F,2.27,Area_C
MP-2026-01195,P1195,26-35,Male,23.322223,77.335796,18:43,Wednesday,Clear,Area_B,11.1,1.31,Area_B,15.67,Area_B
MP-2026-01196,P1196,18-25,Female,23.171079,77.413249,17:39,Thursday,Clear,Area_D,15.97,12.39,Area_G,5.9,Area_E
MP-2026-01197,P1197,26-35,Male,23.191646,77.490273,08:29,Friday,Cloudy,Area_C,8.87,48.63,Area_C,2.65,Area_C
MP-2026-01198,P1198,36-45,Male,23.240585,77.482965,08:07,Saturday,Clear,Area_E,14.43,72.9,Area_F,2.83,Area_G
MP-2026-01199,P1199,26-35,Male,23.300299,77.464857,08:17,Thursday,Cloudy,Area_C,22.25,69.43,Area_I,4.36,Area_A
MP-2026-01200,P1200,18-25,Female,23.319981,77.401275,08:15,Tuesday,Clear,Area_C,29.11,57.26,Area_C,5.11,Area_C
MP-2026-01201,P1201,26-35,Male,23.19369,77.407334,08:43,Saturday,Rain,Area_D,14.09,52.36,Area_A,6.33,Area_E
MP-2026-01202,P1202,26-35,Male,23.329589,77.410097,08:09,Saturday,Clear,Area_H,8.11,7.07,Area_F,7.6,Area_E
MP-2026-01203,P1203,18-25,Other,23.311506,77.418734,14:47,Thursday,Clear,Area_G,24.62,45.28,Area_D,1.14,Area_G
MP-2026-01204,P1204,26-35,Male,23.31317,77.471245,06:44,Tuesday,Cloudy,Area_A,18.05,78.5,Area_A,1.84,Area_B
MP-2026-01205,P1205,18-25,Female,23.24196,77.333062,18:52,Friday,Clear,Area_A,16.1,44.66,Area_A,0.67,Area_A
MP-2026-01206,P1206,46-55,Female,23.263576,77.48648,17:39,Monday,Clear,Area_F,13.15,63.37,Area_E,3.35,Area_B
MP-2026-01207,P1207,26-35,Male,23.254749,77.330611,10:32,Friday,Rain,Area_H,11.01,2.17,Area_H,4.87,Area_F
MP-2026-01208,P1208,18-25,Male,23.254421,77.340669,13:48,Monday,Rain,Area_D,12.49,29.69,Area_E,0.7,Area_H
MP-2026-01209,P1209,18-25,Male,23.309095,77.342373,08:42,Thursday,Cloudy,Area_B,5.42,74.35,Area_B,4.35,Area_B
MP-2026-01210,P1210,36-45,Male,23.188046,77.348949,09:11,Friday,Rain,Area_D,11.57,1.93,Area_G,1.26,Area_D
MP-2026-01211,P1211,36-45,Female,23.319359,77.475628,06:54,Saturday,Clear,Area_D,9.94,18.0,Area_D,0.69,Area_A
MP-2026-01212,P1212,36-45,Female,23.058445,77.599098,16:09,Tuesday,Fog,Area_H,10.1,15.78,Area_B,3.75,Area_C
MP-2026-01213,P1213,26-35,Female,23.251416,77.405012,18:11,Sunday,Rain,Area_A,14.89,75.27,Area_G,3.11,Area_F
MP-2026-01214,P1214,46-55,Male,23.181144,77.41143,18:40,Thursday,Clear,Area_H,27.15,31.65,Area_I,15.28,Area_I
MP-2026-01215,P1215,46-55,Male,23.186482,77.404517,17:36,Thursday,Clear,Area_D,4.05,74.26,Area_H,0.1,Area_G
MP-2026-01216,P1216,26-35,Female,23.171525,77.471796,11:31,Sunday,Rain,Area_C,2.78,5.36,Area_F,9.44,Area_E
MP-2026-01217,P1217,26-35,Female,23.260151,77.418951,17:13,Saturday,Clear,Area_D,4.83,6.92,Area_H,4.57,Area_G
MP-2026-01218,P1218,46-55,Male,23.250806,77.412165,13:18,Monday,Clear,Area_A,19.98,18.6,Area_B,3.51,Area_A
MP-2026-01219,P1219,36-45,Male,23.24493,77.413536,18:04,Sunday,Cloudy,Area_D,7.63,10.17,Area_A,2.38,Area_B
MP-2026-01220,P1220,46-55,Female,23.250659,77.345348,07:30,Friday,Cloudy,Area_A,7.73,13.43,Area_A,9.43,Area_D
MP-2026-01221,P1221,36-45,Male,23.260994,77.492249,14:30,Tuesday,Clear,Area_D,6.27,21.46,Area_E,0.43,Area_E
MP-2026-01222,P1222,18-25,Female,23.180615,77.336633,14:38,Tuesday,Rain,Area_B,23.55,40.8,Area_D,0.27,Area_B
MP-2026-01223,P1223,18-25,Female,23.083998,77.600115,17:45,Saturday,Clear,Area_A,23.14,41.85,Area_B,6.14,Area_F
MP-2026-01224,P1224,26-35,Male,23.169138,77.356742,15:31,Monday,Cloudy,Area_C,9.21,8.23,Area_G,2.03,Area_D
MP-2026-01225,P1225,26-35,Female,23.186558,77.338332,22:01,Saturday,Clear,Area_F,16.35,29.75,Area_C,2.6,Area_E
MP-2026-01226,P1226,36-45,Male,23.25748,77.479313,13:16,Thursday,Rain,Area_E,15.0,7.74,Area_H,4.3,Area_H
MP-2026-01227,P1227,18-25,Female,23.253398,77.33271,19:03,Wednesday,Rain,Area_C,17.94,29.99,Area_F,0.28,Area_E
MP-2026-01228,P1228,36-45,Male,23.24688,77.474829,18:23,Sunday,Cloudy,Area_B,4.85,29.02,Area_I,1.86,Area_F
MP-2026-01229,P1229,18-25,Female,23.250621,77.481552,06:20,Sunday,Rain,Area_B,5.2,14.53,Area_F,6.19,Area_C
MP-2026-01230,P1230,18-25,Male,23.32974,77.43462,19:19,Sunday,Rain,Area_F,10.85,63.97,Area_C,2.54,Area_B
MP-2026-01231,P1231,36-45,Female,23.309574,77.412274,17:17,Monday,Clear,Area_F,8.34,47.07,Area_H,3.33,Area_B
MP-2026-01232,P1232,36-45,Male,23.324153,77.411701,08:51,Sunday,Clear,Area_B,11.35,12.88,Area_A,0.65,Area_B
MP-2026-01233,P1233,56+,Male,23.174165,77.346979,12:46,Friday,Clear,Area_G,4.15,10.23,Area_E,2.52,Area_E
MP-2026-01234,P1234,36-45,Male,23.31989,77.464496,07:51,Sunday,Rain,Area_F,8.86,67.33,Area_C,2.01,Area_E
MP-2026-01235,P1235,46-55,Female,23.256903,77.483304,00:12,Tuesday,Cloudy,Area_D,3.54,3.85,Area_I,2.02,Area_C
MP-2026-01236,P1236,26-35,Other,23.25205,77.415025,15:21,Thursday,Cloudy,Area_E,4.34,44.57,Area_B,4.39,Area_E
MP-2026-01237,P1237,26-35,Female,23.266516,77.348886,20:00,Sunday,Clear,Area_D,4.48,46.04,Area_B,5.12,Area_A
MP-2026-01238,P1238,36-45,Male,23.07219,77.609526,08:18,Monday,Clear,Area_H,3.18,16.48,Area_J,12.95,Area_J
MP-2026-01239,P1239,36-45,Female,23.259767,77.342224,05:50,Friday,Fog,Area_A,11.35,6.0,Area_B,7.16,Area_D
MP-2026-01240,P1240,46-55,Male,23.248361,77.336597,15:21,Friday,Clear,Area_A,3.26,2.88,Area_H,16.35,Area_F
MP-2026-01241,P1241,26-35,Female,23.174783,77.493215,07:12,Monday,Rain,Area_E,16.39,79.96,Area_B,1.06,Area_F
MP-2026-01242,P1242,18-25,Other,23.233267,77.479877,19:23,Tuesday,Cloudy,Area_G,7.31,4.89,Area_E,23.63,Area_H
MP-2026-01243,P1243,26-35,Male,23.307099,77.341217,12:21,Tuesday,Clear,Area_H,11.16,63.69,Area_B,1.09,Area_A
MP-2026-01244,P1244,26-35,Male,23.174349,77.336387,07:07,Monday,Clear,Area_G,11.81,23.71,Area_H,0.24,Area_G
MP-2026-01245,P1245,26-35,Female,23.312066,77.404277,13:27,Friday,Rain,Area_F,13.11,64.68,Area_C,20.44,Area_D
MP-2026-01246,P1246,56+,Male,23.178612,77.39478,18:32,Friday,Cloudy,Area_H,3.2,7.3,Area_A,0.61,Area_H
MP-2026-01247,P1247,46-55,Male,23.206673,77.343282,18:09,Wednesday,Clear,Area_G,3.06,16.46,Area_G,24.0,Area_D
MP-2026-01248,P1248,18-25,Male,23.262164,77.406143,13:11,Tuesday,Clear,Area_H,7.01,8.27,Area_B,3.77,Area_E
MP-2026-01249,P1249,26-35,Male,23.168364,77.392985,17:12,Tuesday,Clear,Area_F,4.12,16.11,Area_E,18.2,Area_H
MP-2026-01250,P1250,46-55,Male,23.181217,77.328351,12:20,Friday,Clear,Area_G,11.96,10.85,Area_D,6.73,Area_E
MP-2026-01251,P1251,26-35,Female,23.267073,77.485187,05:13,Tuesday,Clear,Area_B,16.6,41.56,Area_I,1.3,Area_B
MP-2026-01252,P1252,26-35,Other,23.312654,77.404635,08:56,Sunday,Cloudy,Area_C,12.26,68.59,Area_D,1.15,Area_E
MP-2026-01253,P1253,26-35,Female,23.230584,77.355618,18:21,Tuesday,Clear,Area_D,9.88,35.12,Area_E,22.89,Area_B
MP-2026-01254,P1254,18-25,Male,23.308032,77.332078,07:17,Friday,Clear,Area_G,17.17,1.9,Area_G,1.11,Area_A
MP-2026-01255,P1255,26-35,Female,23.252559,77.471225,11:21,Friday,Cloudy,Area_F,3.77,19.42,Area_C,0.77,Area_B
MP-2026-01256,P1256,46-55,Male,23.313698,77.417895,16:07,Tuesday,Rain,Area_A,6.82,30.51,Area_E,0.11,Area_F
MP-2026-01257,P1257,36-45,Male,23.165314,77.330857,07:50,Tuesday,Clear,Area_E,6.95,65.68,Area_G,2.75,Area_E
MP-2026-01258,P1258,26-35,Female,23.241146,77.476579,17:38,Sunday,Clear,Area_A,10.32,77.77,Area_D,5.57,Area_H
MP-2026-01259,P1259,26-35,Female,23.232411,77.326668,14:37,Tuesday,Rain,Area_D,9.79,18.65,Area_G,8.85,Area_F
MP-2026-01260,P1260,26-35,Male,23.246451,77.469869,12:30,Sunday,Fog,Area_B,12.05,71.89,Area_C,9.63,Area_B
MP-2026-01261,P1261,26-35,Male,23.178465,77.474227,12:06,Friday,Cloudy,Area_G,4.38,1.87,Area_H,11.26,Area_E
MP-2026-01262,P1262,18-25,Male,23.073638,77.606709,16:29,Monday,Cloudy,Area_C,16.47,71.79,Area_H,1.7,Area_H
MP-2026-01263,P1263,26-35,Female,23.313583,77.332288,07:32,Friday,Cloudy,Area_A,8.34,6.1,Area_G,4.47,Area_D
MP-2026-01264,P1264,36-45,Male,23.236633,77.453912,08:38,Monday,Fog,Area_I,10.98,14.51,Area_I,6.1,Area_I
MP-2026-01265,P1265,26-35,Male,23.322688,77.390669,20:04,Monday,Clear,Area_F,8.54,62.63,Area_H,1.38,Area_I
MP-2026-01266,P1266,46-55,Female,23.246562,77.342298,18:48,Tuesday,Clear,Area_B,9.01,29.85,Area_C,1.96,Area_B
MP-2026-01267,P1267,18-25,Female,23.314497,77.485058,14:22,Sunday,Cloudy,Area_E,11.89,1.9,Area_C,5.39,Area_E
MP-2026-01268,P1268,46-55,Female,23.189253,77.342647,17:33,Saturday,Clear,Area_G,12.38,43.5,Area_G,0.81,Area_H
MP-2026-01269,P1269,36-45,Female,23.32736,77.498092,19:44,Monday,Clear,Area_D,14.07,28.14,Area_A,3.4,Area_B
MP-2026-01270,P1270,18-25,Male,23.311439,77.41978,18:12,Thursday,Clear,Area_F,9.81,57.94,Area_I,5.62,Area_C
MP-2026-01271,P1271,36-45,Female,23.190936,77.401927,17:26,Monday,Clear,Area_C,8.93,19.23,Area_B,6.0,Area_H
MP-2026-01272,P1272,26-35,Female,23.247888,77.478042,06:25,Tuesday,Clear,Area_B,4.25,16.22,Area_E,2.88,Area_C
MP-2026-01273,P1273,46-55,Male,23.176197,77.481338,22:18,Sunday,Clear,Area_E,10.58,77.52,Area_H,2.89,Area_F
MP-2026-01274,P1274,36-45,Female,23.238891,77.418151,15:13,Wednesday,Clear,Area_J,9.21,20.76,Area_I,1.38,Area_G
MP-2026-01275,P1275,18-25,Male,23.200475,77.415809,06:34,Sunday,Fog,Area_H,14.25,75.77,Area_E,5.53,Area_H
MP-2026-01276,P1276,18-25,Female,23.179838,77.399203,21:20,Friday,Clear,Area_A,9.32,21.14,Area_B,0.77,Area_D
MP-2026-01277,P1277,46-55,Female,23.178348,77.479889,08:40,Wednesday,Cloudy,Area_A,16.1,18.98,Area_H,10.26,Area_I
MP-2026-01278,P1278,56+,Female,23.329494,77.403174,14:59,Sunday,Clear,Area_A,4.78,57.63,Area_E,4.21,Area_A
MP-2026-01279,P1279,46-55,Male,23.222971,77.406996,21:44,Friday,Clear,Area_I,14.56,13.16,Area_F,1.72,Area_F
MP-2026-01280,P1280,18-25,Female,23.260296,77.464977,18:23,Thursday,Clear,Area_E,11.88,9.98,Area_A,2.36,Area_B
MP-2026-01281,P1281,46-55,Female,23.312721,77.492355,13:37,Thursday,Clear,Area_F,10.08,20.48,Area_E,0.24,Area_I
MP-2026-01282,P1282,26-35,Female,23.176421,77.416663,08:33,Friday,Clear,Area_G,9.68,65.45,Area_H,1.37,Area_G
MP-2026-01283,P1283,26-35,Male,23.177562,77.421201,09:10,Monday,Clear,Area_A,16.62,47.36,Area_D,1.09,Area_G
MP-2026-01284,P1284,36-45,Male,23.179496,77.460471,09:10,Saturday,Clear,Area_J,11.03,43.36,Area_J,16.66,Area_I
MP-2026-01285,P1285,26-35,Male,23.248707,77.472985,18:44,Saturday,Fog,Area_H,10.08,43.14,Area_F,7.18,Area_E
MP-2026-01286,P1286,26-35,Female,23.185854,77.490289,13:18,Friday,Cloudy,Area_E,14.14,4.22,Area_G,2.75,Area_D
MP-2026-01287,P1287,46-55,Male,23.204509,77.317811,06:40,Tuesday,Clear,Area_F,4.75,10.58,Area_E,3.77,Area_A
MP-2026-01288,P1288,26-35,Female,23.314816,77.356293,13:00,Thursday,Rain,Area_C,11.75,3.98,Area_I,2.99,Area_A
MP-2026-01289,P1289,26-35,Male,23.246075,77.416055,19:09,Sunday,Clear,Area_C,14.77,23.56,Area_C,0.1,Area_A
MP-2026-01290,P1290,36-45,Male,23.179615,77.399696,08:24,Tuesday,Clear,Area_G,13.46,46.25,Area_G,3.58,Area_G
MP-2026-01291,P1291,56+,Male,23.246512,77.487266,10:24,Sunday,Clear,Area_D,5.76,5.32,Area_C,5.84,Area_B
MP-2026-01292,P1292,56+,Male,23.31703,77.488862,12:20,Thursday,Clear,Area_C,10.86,23.37,Area_C,0.83,Area_C
MP-2026-01293,P1293,26-35,Male,23.255,77.348859,04:22,Thursday,Clear,Area_E,7.04,68.72,Area_D,4.58,Area_E
MP-2026-01294,P1294,18-25,Other,23.255445,77.342398,03:04,Monday,Cloudy,Area_G,18.4,42.26,Area_A,0.1,Area_A
MP-2026-01295,P1295,18-25,Female,23.260325,77.338247,07:14,Tuesday,Rain,Area_A,9.65,26.35,Area_H,0.63,Area_F
MP-2026-01296,P1296,56+,Other,23.335436,77.350798,20:47,Monday,Cloudy,Area_B,9.01,47.78,Area_E,1.21,Area_E
MP-2026-01297,P1297,26-35,Female,23.178672,77.337166,08:52,Tuesday,Clear,Area_B,14.8,6.42,Area_C,2.79,Area_F
MP-2026-01298,P1298,46-55,Female,23.249202,77.408926,21:31,Monday,Clear,Area_G,11.42,11.68,Area_H,4.12,Area_G
MP-2026-01299,P1299,18-25,Female,23.331948,77.40683,18:29,Thursday,Rain,Area_D,18.06,24.18,Area_E,0.66,Area_H
MP-2026-01300,P1300,36-45,Male,23.194657,77.356536,17:49,Thursday,Clear,Area_J,11.06,10.04,Area_D,5.67,Area_E
MP-2026-01301,P1301,26-35,Female,23.236993,77.486301,06:52,Tuesday,Cloudy,Area_B,12.78,61.6,Area_C,3.96,Area_I
MP-2026-01302,P1302,56+,Other,23.256738,77.482024,14:10,Wednesday,Cloudy,Area_B,2.63,5.97,Area_F,16.41,Area_C
MP-2026-01303,P1303,18-25,Male,23.192829,77.467438,20:19,Thursday,Rain,Area_D,17.39,22.98,Area_E,2.02,Area_H
MP-2026-01304,P1304,26-35,Male,23.340371,77.339636,02:45,Sunday,Clear,Area_C,8.18,31.12,Area_F,9.46,Area_B
MP-2026-01305,P1305,36-45,Male,23.255229,77.334269,08:10,Wednesday,Rain,Area_A,14.78,25.72,Area_G,3.36,Area_E
MP-2026-01306,P1306,36-45,Female,23.081562,77.6178,17:39,Friday,Rain,Area_E,19.41,8.48,Area_F,6.46,Area_B
MP-2026-01307,P1307,26-35,Female,23.255119,77.359776,19:26,Wednesday,Clear,Area_A,6.59,19.0,Area_A,7.55,Area_G
MP-2026-01308,P1308,46-55,Male,23.234291,77.49069,19:00,Wednesday,Cloudy,Area_B,7.92,6.59,Area_A,3.37,Area_B
MP-2026-01309,P1309,36-45,Female,23.16689,77.408262,19:02,Monday,Clear,Area_E,6.53,24.34,Area_E,10.69,Area_F
MP-2026-01310,P1310,26-35,Female,23.157903,77.424848,11:10,Friday,Rain,Area_G,6.09,16.58,Area_D,4.87,Area_D
MP-2026-01311,P1311,46-55,Female,23.334478,77.487582,05:27,Wednesday,Cloudy,Area_C,9.11,24.16,Area_F,1.95,Area_E
MP-2026-01312,P1312,18-25,Male,23.332486,77.401172,21:44,Tuesday,Rain,Area_G,21.42,68.07,Area_E,3.88,Area_D
MP-2026-01313,P1313,36-45,Female,23.30615,77.352718,03:09,Saturday,Clear,Area_C,10.04,16.39,Area_J,3.77,Area_J
MP-2026-01314,P1314,36-45,Male,23.251706,77.403903,18:45,Thursday,Clear,Area_G,7.01,61.57,Area_H,6.8,Area_C
MP-2026-01315,P1315,46-55,Other,23.176565,77.341709,16:14,Wednesday,Clear,Area_C,11.81,54.53,Area_G,2.77,Area_E
MP-2026-01316,P1316,46-55,Male,23.259448,77.346639,03:22,Tuesday,Clear,Area_H,10.3,24.54,Area_I,4.6,Area_F
MP-2026-01317,P1317,26-35,Male,23.244983,77.488045,13:20,Friday,Cloudy,Area_H,20.93,23.32,Area_B,1.64,Area_H
MP-2026-01318,P1318,36-45,Female,23.252362,77.342027,16:22,Tuesday,Rain,Area_A,5.08,12.76,Area_C,6.26,Area_A
MP-2026-01319,P1319,18-25,Female,23.065818,77.612792,01:55,Saturday,Clear,Area_C,6.28,24.54,Area_C,2.35,Area_F
MP-2026-01320,P1320,18-25,Female,23.31483,77.417218,20:36,Monday,Clear,Area_A,15.64,13.12,Area_A,3.92,Area_A
MP-2026-01321,P1321,36-45,Female,23.24026,77.406713,13:01,Saturday,Clear,Area_B,27.56,57.84,Area_F,9.41,Area_B
MP-2026-01322,P1322,46-55,Female,23.322136,77.350093,09:33,Wednesday,Clear,Area_A,11.65,22.23,Area_A,0.9,Area_B
MP-2026-01323,P1323,56+,Female,23.252991,77.40778,18:13,Tuesday,Clear,Area_I,12.14,24.04,Area_F,4.35,Area_I
MP-2026-01324,P1324,56+,Male,23.266905,77.399726,13:03,Monday,Rain,Area_F,5.43,9.77,Area_J,9.44,Area_F
MP-2026-01325,P1325,18-25,Female,23.303675,77.403584,12:49,Monday,Clear,Area_A,6.91,71.55,Area_D,3.0,Area_A
MP-2026-01326,P1326,26-35,Female,23.184576,77.346307,18:08,Tuesday,Clear,Area_D,5.4,41.33,Area_H,1.52,Area_F
MP-2026-01327,P1327,26-35,Female,23.334694,77.327394,07:52,Sunday,Fog,Area_B,7.4,21.65,Area_B,3.32,Area_A
MP-2026-01328,P1328,46-55,Male,23.251144,77.400306,17:20,Tuesday,Clear,Area_A,9.62,29.07,Area_E,1.71,Area_F
MP-2026-01329,P1329,26-35,Male,23.260632,77.332194,17:35,Friday,Cloudy,Area_C,17.66,1.52,Area_G,1.02,Area_C
MP-2026-01330,P1330,26-35,Female,23.332151,77.492052,11:05,Sunday,Clear,Area_F,4.78,10.9,Area_H,1.35,Area_B
MP-2026-01331,P1331,26-35,Male,23.249377,77.471493,19:23,Tuesday,Cloudy,Area_A,17.36,23.02,Area_F,0.86,Area_F
MP-2026-01332,P1332,26-35,Female,23.261412,77.487079,07:36,Sunday,Cloudy,Area_A,20.88,55.5,Area_C,2.08,Area_C
MP-2026-01333,P1333,26-35,Female,23.178062,77.488367,19:10,Friday,Cloudy,Area_C,10.21,14.78,Area_H,12.24,Area_D
MP-2026-01334,P1334,36-45,Male,23.336598,77.485814,17:03,Sunday,Cloudy,Area_D,13.39,72.0,Area_E,0.76,Area_E
MP-2026-01335,P1335,36-45,Male,23.23639,77.41146,15:54,Friday,Cloudy,Area_D,6.66,5.64,Area_C,1.23,Area_D
MP-2026-01336,P1336,18-25,Female,23.320559,77.422694,10:24,Thursday,Cloudy,Area_F,6.37,22.62,Area_E,9.07,Area_B
MP-2026-01337,P1337,36-45,Male,23.24924,77.348436,06:21,Tuesday,Clear,Area_I,4.31,20.87,Area_G,1.21,Area_G
MP-2026-01338,P1338,46-55,Male,23.249266,77.480193,21:16,Saturday,Cloudy,Area_B,6.44,10.18,Area_H,1.1,Area_B
MP-2026-01339,P1339,26-35,Female,23.174559,77.406335,17:22,Friday,Clear,Area_H,13.14,9.3,Area_I,0.69,Area_I
MP-2026-01340,P1340,18-25,Other,23.248444,77.332699,15:51,Thursday,Cloudy,Area_C,26.89,50.73,Area_B,5.26,Area_A
MP-2026-01341,P1341,18-25,Male,23.204729,77.408754,12:28,Wednesday,Clear,Area_E,17.31,71.51,Area_G,6.09,Area_H
MP-2026-01342,P1342,56+,Male,23.234507,77.333352,09:20,Sunday,Clear,Area_B,4.24,19.87,Area_E,4.09,Area_D
MP-2026-01343,P1343,26-35,Female,23.243109,77.4755,09:12,Friday,Clear,Area_A,6.04,20.17,Area_E,0.33,Area_A
MP-2026-01344,P1344,36-45,Female,23.318887,77.342883,17:35,Tuesday,Clear,Area_D,8.99,61.79,Area_E,19.31,Area_B
MP-2026-01345,P1345,36-45,Female,23.309341,77.334139,14:48,Friday,Clear,Area_B,8.01,1.85,Area_E,1.17,Area_D
MP-2026-01346,P1346,56+,Female,23.262187,77.345502,12:41,Sunday,Cloudy,Area_E,4.08,79.82,Area_E,3.25,Area_D
MP-2026-01347,P1347,46-55,Female,23.336625,77.493162,07:58,Sunday,Clear,Area_B,6.59,48.71,Area_F,5.71,Area_C
MP-2026-01348,P1348,46-55,Male,23.190521,77.41183,00:20,Saturday,Clear,Area_A,12.7,22.7,Area_G,0.74,Area_H
MP-2026-01349,P1349,46-55,Female,23.255425,77.403746,20:55,Wednesday,Clear,Area_C,17.71,47.2,Area_A,9.41,Area_B
MP-2026-01350,P1350,18-25,Female,23.178907,77.407173,18:21,Thursday,Cloudy,Area_D,8.03,14.19,Area_H,0.91,Area_F
MP-2026-01351,P1351,46-55,Male,23.254007,77.325564,16:22,Friday,Rain,Area_F,8.24,39.49,Area_B,2.92,Area_B
MP-2026-01352,P1352,26-35,Male,23.180574,77.332662,07:01,Sunday,Rain,Area_D,6.99,13.28,Area_D,13.99,Area_A
MP-2026-01353,P1353,56+,Male,23.238762,77.407102,03:44,Saturday,Rain,Area_D,5.26,78.69,Area_E,2.36,Area_D
MP-2026-01354,P1354,18-25,Male,23.171098,77.470147,08:09,Thursday,Clear,Area_A,7.76,17.74,Area_F,5.97,Area_H
MP-2026-01355,P1355,18-25,Female,23.257677,77.358795,07:30,Wednesday,Clear,Area_A,19.52,54.63,Area_A,1.76,Area_A
MP-2026-01356,P1356,36-45,Female,23.179013,77.475211,21:32,Sunday,Clear,Area_E,11.0,18.5,Area_H,0.52,Area_F
MP-2026-01357,P1357,26-35,Female,23.198663,77.397746,08:27,Tuesday,Clear,Area_F,30.0,27.29,Area_G,5.28,Area_G
MP-2026-01358,P1358,26-35,Female,23.258537,77.417042,17:59,Thursday,Fog,Area_A,6.69,2.16,Area_C,1.56,Area_B
MP-2026-01359,P1359,36-45,Female,23.251081,77.395702,18:26,Monday,Cloudy,Area_D,3.57,4.77,Area_B,1.82,Area_B
MP-2026-01360,P1360,26-35,Male,23.17458,77.406079,21:14,Friday,Fog,Area_D,11.68,7.83,Area_E,2.68,Area_F
MP-2026-01361,P1361,26-35,Male,23.167564,77.487488,20:51,Thursday,Cloudy,Area_G,12.36,30.26,Area_I,1.43,Area_F
MP-2026-01362,P1362,36-45,Female,23.243043,77.339917,09:30,Saturday,Cloudy,Area_C,8.99,16.58,Area_A,2.01,Area_A
MP-2026-01363,P1363,26-35,Female,23.181161,77.480429,10:10,Monday,Clear,Area_E,6.08,11.08,Area_I,4.5,Area_E
MP-2026-01364,P1364,56+,Female,23.244611,77.48519,17:24,Sunday,Fog,Area_D,4.3,21.77,Area_I,3.92,Area_F
MP-2026-01365,P1365,36-45,Female,23.311008,77.473531,11:03,Sunday,Clear,Area_F,7.67,61.65,Area_H,1.99,Area_E
MP-2026-01366,P1366,46-55,Male,23.319228,77.340717,10:02,Saturday,Rain,Area_H,4.09,10.23,Area_B,0.85,Area_D
MP-2026-01367,P1367,18-25,Other,23.231261,77.487615,23:55,Wednesday,Clear,Area_C,12.61,32.67,Area_E,1.47,Area_C
MP-2026-01368,P1368,56+,Male,23.334124,77.478341,09:45,Friday,Rain,Area_A,14.0,23.41,Area_F,8.12,Area_E
MP-2026-01369,P1369,36-45,Female,23.331566,77.346488,18:09,Tuesday,Rain,Area_H,9.66,79.81,Area_F,8.45,Area_B
MP-2026-01370,P1370,56+,Male,23.167737,77.34044,19:08,Wednesday,Rain,Area_I,9.38,21.52,Area_B,8.36,Area_B
MP-2026-01371,P1371,18-25,Female,23.323102,77.35135,19:56,Sunday,Fog,Area_A,15.27,50.15,Area_C,1.58,Area_B
MP-2026-01372,P1372,46-55,Female,23.322073,77.475439,12:36,Thursday,Clear,Area_E,16.27,40.55,Area_C,8.3,Area_E
MP-2026-01373,P1373,46-55,Male,23.324196,77.407037,06:46,Wednesday,Rain,Area_G,6.18,43.92,Area_I,2.05,Area_C
MP-2026-01374,P1374,18-25,Male,23.184925,77.410285,02:25,Monday,Clear,Area_H,8.53,22.34,Area_G,2.71,Area_G
MP-2026-01375,P1375,36-45,Male,23.249469,77.476225,19:03,Tuesday,Clear,Area_E,8.68,15.31,Area_G,10.46,Area_F
MP-2026-01376,P1376,26-35,Female,23.243614,77.416914,16:13,Thursday,Clear,Area_B,13.71,23.35,Area_F,1.58,Area_E
MP-2026-01377,P1377,18-25,Female,23.190293,77.397972,03:53,Wednesday,Clear,Area_B,9.37,13.69,Area_C,8.31,Area_B
MP-2026-01378,P1378,18-25,Male,23.244588,77.410729,23:03,Thursday,Clear,Area_B,24.86,12.79,Area_C,11.92,Area_F
MP-2026-01379,P1379,36-45,Male,23.246645,77.332313,18:40,Sunday,Clear,Area_B,23.48,77.69,Area_I,9.91,Area_E
MP-2026-01380,P1380,56+,Male,23.184687,77.486186,15:31,Tuesday,Clear,Area_C,4.57,62.74,Area_A,3.21,Area_C
MP-2026-01381,P1381,36-45,Male,23.178419,77.339986,14:48,Sunday,Clear,Area_E,3.37,24.46,Area_H,3.24,Area_G
MP-2026-01382,P1382,56+,Female,23.312742,77.482573,16:42,Sunday,Clear,Area_B,3.83,2.99,Area_B,6.36,Area_C
MP-2026-01383,P1383,26-35,Female,23.24304,77.329031,17:44,Sunday,Rain,Area_A,7.54,30.78,Area_G,9.4,Area_G
MP-2026-01384,P1384,36-45,Female,23.259525,77.406981,17:52,Saturday,Clear,Area_D,7.93,58.77,Area_F,10.38,Area_I
MP-2026-01385,P1385,26-35,Female,23.257405,77.485091,12:10,Saturday,Clear,Area_F,7.5,24.04,Area_E,1.33,Area_I
MP-2026-01386,P1386,56+,Female,23.231411,77.422909,18:58,Monday,Clear,Area_D,8.46,22.06,Area_G,0.24,Area_F
MP-2026-01387,P1387,26-35,Male,23.163098,77.417007,19:40,Thursday,Clear,Area_A,10.36,38.15,Area_C,4.18,Area_H
MP-2026-01388,P1388,36-45,Male,23.182933,77.412505,12:44,Friday,Clear,Area_H,9.71,13.83,Area_F,1.66,Area_G
MP-2026-01389,P1389,56+,Male,23.336127,77.474435,18:17,Friday,Clear,Area_A,6.03,36.71,Area_C,3.96,Area_B
MP-2026-01390,P1390,18-25,Female,23.250635,77.396329,12:46,Tuesday,Clear,Area_G,12.57,22.14,Area_H,5.57,Area_A
MP-2026-01391,P1391,36-45,Female,23.175065,77.485054,16:55,Thursday,Clear,Area_I,5.45,14.67,Area_G,0.61,Area_D
MP-2026-01392,P1392,46-55,Male,23.334609,77.487891,14:49,Sunday,Rain,Area_D,8.49,65.57,Area_A,2.44,Area_C
MP-2026-01393,P1393,46-55,Female,23.190952,77.409067,16:02,Saturday,Clear,Area_B,28.38,21.18,Area_F,0.51,Area_F
MP-2026-01394,P1394,56+,Male,23.313914,77.47739,12:13,Monday,Clear,Area_B,4.72,65.06,Area_G,5.69,Area_B
MP-2026-01395,P1395,18-25,Female,23.242615,77.340239,15:33,Thursday,Clear,Area_A,17.46,53.93,Area_C,4.18,Area_C
MP-2026-01396,P1396,26-35,Female,23.258152,77.489154,16:40,Monday,Clear,Area_A,16.19,53.96,Area_D,0.4,Area_E
MP-2026-01397,P1397,18-25,Female,23.335924,77.344163,06:42,Saturday,Fog,Area_A,25.33,75.79,Area_C,1.87,Area_A
MP-2026-01398,P1398,26-35,Female,23.180789,77.486232,20:11,Tuesday,Cloudy,Area_F,10.55,70.21,Area_E,5.65,Area_F
MP-2026-01399,P1399,18-25,Female,23.176186,77.333642,18:47,Tuesday,Clear,Area_G,23.31,58.52,Area_H,1.23,Area_E
MP-2026-01400,P1400,18-25,Male,23.247333,77.336216,16:10,Sunday,Clear,Area_I,17.72,48.58,Area_G,1.62,Area_E
MP-2026-01401,P1401,26-35,Female,23.235807,77.482448,08:29,Tuesday,Clear,Area_A,7.16,21.88,Area_C,2.37,Area_A
MP-2026-01402,P1402,18-25,Male,23.259754,77.472905,11:58,Thursday,Cloudy,Area_A,8.26,13.21,Area_D,6.28,Area_C
MP-2026-01403,P1403,18-25,Male,23.320206,77.487316,18:33,Wednesday,Clear,Area_D,10.92,24.89,Area_C,1.32,Area_B
MP-2026-01404,P1404,46-55,Other,23.23913,77.336663,09:57,Friday,Clear,Area_D,5.44,49.35,Area_D,5.03,Area_G
MP-2026-01405,P1405,26-35,Male,23.260599,77.494573,12:31,Monday,Fog,Area_A,11.7,69.95,Area_B,0.29,Area_E
MP-2026-01406,P1406,26-35,Male,23.317441,77.352175,12:10,Monday,Clear,Area_B,8.34,22.02,Area_A,9.92,Area_G
MP-2026-01407,P1407,18-25,Male,23.166773,77.480569,13:25,Saturday,Cloudy,Area_F,17.47,44.83,Area_I,4.47,Area_I
MP-2026-01408,P1408,56+,Male,23.329199,77.33701,09:39,Saturday,Cloudy,Area_A,8.13,4.01,Area_A,2.83,Area_A
MP-2026-01409,P1409,26-35,Male,23.187474,77.325682,19:17,Sunday,Clear,Area_B,20.44,16.5,Area_A,1.08,Area_E
MP-2026-01410,P1410,26-35,Female,23.184818,77.487287,15:29,Monday,Clear,Area_B,20.06,72.32,Area_C,0.18,Area_E
MP-2026-01411,P1411,36-45,Female,23.192644,77.414494,08:08,Friday,Clear,Area_A,12.35,42.24,Area_D,0.33,Area_I
MP-2026-01412,P1412,26-35,Female,23.241505,77.420229,13:53,Saturday,Clear,Area_B,12.07,1.58,Area_E,1.12,Area_H
MP-2026-01413,P1413,46-55,Female,23.260716,77.411859,07:18,Monday,Clear,Area_C,10.09,68.22,Area_B,2.35,Area_C
MP-2026-01414,P1414,18-25,Female,23.186542,77.355367,14:20,Monday,Clear,Area_E,8.38,29.34,Area_H,14.14,Area_D
MP-2026-01415,P1415,26-35,Male,23.252062,77.336717,01:01,Tuesday,Cloudy,Area_A,9.78,20.64,Area_D,1.65,Area_A
MP-2026-01416,P1416,18-25,Female,23.179535,77.483943,12:23,Tuesday,Clear,Area_C,6.37,31.07,Area_A,2.93,Area_B
MP-2026-01417,P1417,26-35,Male,23.31792,77.46793,21:12,Sunday,Clear,Area_B,12.99,26.56,Area_C,2.06,Area_B
MP-2026-01418,P1418,46-55,Female,23.320371,77.479225,14:52,Wednesday,Cloudy,Area_C,6.01,15.63,Area_F,1.78,Area_C
MP-2026-01419,P1419,36-45,Male,23.326067,77.46349,18:57,Sunday,Clear,Area_B,13.49,16.33,Area_D,2.61,Area_B
MP-2026-01420,P1420,46-55,Female,23.260908,77.409563,15:26,Tuesday,Clear,Area_A,23.11,49.56,Area_I,5.68,Area_F
MP-2026-01421,P1421,18-25,Female,23.317894,77.493085,11:35,Thursday,Fog,Area_E,12.13,13.8,Area_D,3.2,Area_D
MP-2026-01422,P1422,36-45,Male,23.322533,77.470467,18:50,Saturday,Cloudy,Area_F,9.04,21.55,Area_E,6.22,Area_H
MP-2026-01423,P1423,36-45,Female,23.182517,77.473912,14:47,Monday,Clear,Area_A,7.37,36.63,Area_C,1.79,Area_E
MP-2026-01424,P1424,26-35,Other,23.251786,77.351055,21:53,Saturday,Clear,Area_D,7.4,31.69,Area_E,1.0,Area_E
MP-2026-01425,P1425,18-25,Female,23.233707,77.470646,04:36,Friday,Rain,Area_B,10.46,29.81,Area_F,1.8,Area_B
MP-2026-01426,P1426,18-25,Other,23.170581,77.469761,16:46,Wednesday,Clear,Area_A,4.44,14.58,Area_I,1.35,Area_F
MP-2026-01427,P1427,46-55,Female,23.25252,77.328409,19:32,Sunday,Clear,Area_B,5.46,16.6,Area_D,0.1,Area_B
MP-2026-01428,P1428,36-45,Male,23.20179,77.350964,14:29,Saturday,Rain,Area_G,15.64,59.3,Area_H,2.24,Area_G
MP-2026-01429,P1429,26-35,Other,23.247962,77.488383,19:38,Saturday,Clear,Area_E,14.14,34.88,Area_C,15.88,Area_C
MP-2026-01430,P1430,36-45,Male,23.301112,77.40863,11:39,Friday,Cloudy,Area_D,6.47,10.85,Area_E,17.57,Area_E
MP-2026-01431,P1431,26-35,Female,23.314557,77.410352,08:32,Saturday,Cloudy,Area_B,26.85,48.01,Area_G,1.71,Area_A
MP-2026-01432,P1432,36-45,Male,23.321339,77.396446,06:34,Thursday,Rain,Area_D,4.9,57.97,Area_E,12.51,Area_C
MP-2026-01433,P1433,26-35,Male,23.25567,77.344548,17:24,Tuesday,Cloudy,Area_I,6.15,12.84,Area_J,12.19,Area_C
MP-2026-01434,P1434,36-45,Other,23.33037,77.473791,12:06,Tuesday,Clear,Area_B,22.46,20.4,Area_D,10.32,Area_A
MP-2026-01435,P1435,56+,Female,23.223647,77.400259,13:58,Wednesday,Clear,Area_D,5.2,1.16,Area_C,5.34,Area_F
MP-2026-01436,P1436,56+,Female,23.252484,77.407431,12:43,Monday,Clear,Area_E,5.36,7.7,Area_F,0.26,Area_E
MP-2026-01437,P1437,26-35,Male,23.31676,77.395861,18:43,Tuesday,Clear,Area_C,24.53,67.97,Area_A,3.11,Area_D
MP-2026-01438,P1438,26-35,Female,23.315767,77.408655,12:37,Sunday,Clear,Area_C,7.4,68.52,Area_I,2.26,Area_E
MP-2026-01439,P1439,26-35,Female,23.31267,77.339484,11:01,Friday,Rain,Area_F,13.98,30.7,Area_D,2.64,Area_D
MP-2026-01440,P1440,36-45,Female,23.162173,77.485466,18:49,Friday,Clear,Area_C,11.13,40.95,Area_F,0.41,Area_C
MP-2026-01441,P1441,26-35,Male,23.178504,77.325103,19:43,Friday,Clear,Area_B,3.04,18.64,Area_B,9.6,Area_B
MP-2026-01442,P1442,56+,Male,23.245346,77.327359,11:20,Friday,Clear,Area_B,4.74,22.85,Area_E,5.06,Area_B
MP-2026-01443,P1443,26-35,Female,23.238016,77.336808,10:34,Wednesday,Clear,Area_B,7.22,14.4,Area_E,3.44,Area_E
MP-2026-01444,P1444,36-45,Female,23.317837,77.339507,06:41,Friday,Clear,Area_D,15.73,23.94,Area_F,0.95,Area_E
MP-2026-01445,P1445,26-35,Male,23.242524,77.34031,18:45,Saturday,Cloudy,Area_A,17.83,44.3,Area_E,1.29,Area_G
MP-2026-01446,P1446,18-25,Female,23.189918,77.470663,16:12,Friday,Clear,Area_A,12.17,51.52,Area_H,0.5,Area_H
MP-2026-01447,P1447,26-35,Male,23.313866,77.39672,06:50,Thursday,Cloudy,Area_C,8.3,79.31,Area_A,7.15,Area_D
MP-2026-01448,P1448,36-45,Other,23.264129,77.48082,18:40,Wednesday,Clear,Area_H,6.42,22.81,Area_G,2.24,Area_B
MP-2026-01449,P1449,46-55,Other,23.261448,77.349133,12:32,Friday,Cloudy,Area_B,21.54,48.22,Area_D,0.9,Area_B
MP-2026-01450,P1450,26-35,Male,23.185274,77.475594,11:55,Monday,Clear,Area_D,10.52,20.91,Area_E,1.42,Area_H
MP-2026-01451,P1451,26-35,Female,23.243708,77.407923,14:37,Wednesday,Clear,Area_A,18.03,25.69,Area_F,6.72,Area_G
MP-2026-01452,P1452,56+,Male,23.239339,77.39993,17:52,Tuesday,Clear,Area_E,5.29,6.31,Area_D,2.07,Area_F
MP-2026-01453,P1453,26-35,Male,23.166158,77.473801,17:57,Wednesday,Clear,Area_C,27.25,18.27,Area_F,24.0,Area_C
MP-2026-01454,P1454,36-45,Female,23.329048,77.482273,09:59,Sunday,Clear,Area_B,11.49,7.49,Area_B,9.39,Area_E
MP-2026-01455,P1455,18-25,Male,23.249056,77.487321,08:18,Saturday,Cloudy,Area_C,18.2,45.15,Area_E,12.39,Area_C
MP-2026-01456,P1456,26-35,Male,23.174277,77.404669,12:13,Friday,Clear,Area_D,4.82,62.4,Area_E,6.3,Area_H
MP-2026-01457,P1457,36-45,Male,23.320398,77.351189,16:59,Thursday,Clear,Area_G,20.1,7.16,Area_C,1.79,Area_B
MP-2026-01458,P1458,18-25,Female,23.313349,77.339268,04:37,Wednesday,Clear,Area_C,14.84,57.25,Area_C,0.73,Area_A
MP-2026-01459,P1459,46-55,Other,23.32443,77.402005,20:55,Monday,Clear,Area_B,13.54,79.08,Area_A,3.06,Area_A
MP-2026-01460,P1460,36-45,Male,23.181895,77.4042,12:26,Tuesday,Rain,Area_E,6.74,52.58,Area_H,4.5,Area_E
MP-2026-01461,P1461,18-25,Male,23.23862,77.398138,07:32,Wednesday,Fog,Area_B,10.82,22.75,Area_F,1.79,Area_B
MP-2026-01462,P1462,26-35,Male,23.304428,77.47128,14:44,Sunday,Clear,Area_B,5.97,8.96,Area_A,0.65,Area_B
MP-2026-01463,P1463,18-25,Female,23.333381,77.404453,08:06,Saturday,Clear,Area_A,29.01,55.83,Area_A,3.72,Area_B
MP-2026-01464,P1464,36-45,Female,23.30265,77.338905,07:38,Saturday,Clear,Area_J,10.11,11.28,Area_A,3.85,Area_D
MP-2026-01465,P1465,26-35,Female,23.324477,77.351201,08:19,Monday,Clear,Area_A,7.43,16.37,Area_E,5.05,Area_D
MP-2026-01466,P1466,26-35,Female,23.248494,77.490042,16:30,Tuesday,Rain,Area_C,5.1,66.77,Area_C,0.43,Area_C
MP-2026-01467,P1467,26-35,Male,23.335316,77.335831,19:34,Sunday,Clear,Area_C,8.04,65.04,Area_D,2.67,Area_D
MP-2026-01468,P1468,36-45,Female,23.253189,77.414002,15:01,Friday,Clear,Area_F,6.93,23.0,Area_D,2.11,Area_G
MP-2026-01469,P1469,36-45,Male,23.246006,77.353456,17:45,Thursday,Clear,Area_J,20.51,63.96,Area_D,0.1,Area_G
MP-2026-01470,P1470,18-25,Female,23.321966,77.326803,18:22,Tuesday,Clear,Area_C,7.97,22.09,Area_G,3.29,Area_A
MP-2026-01471,P1471,36-45,Male,23.175118,77.410146,11:51,Saturday,Rain,Area_A,10.46,24.15,Area_A,5.03,Area_I
MP-2026-01472,P1472,18-25,Female,23.320982,77.418916,10:44,Sunday,Cloudy,Area_C,13.35,56.03,Area_B,4.72,Area_C
MP-2026-01473,P1473,18-25,Female,23.230314,77.476333,17:38,Wednesday,Clear,Area_G,11.64,18.42,Area_H,3.17,Area_C
MP-2026-01474,P1474,36-45,Female,23.263583,77.336825,11:02,Saturday,Rain,Area_C,12.17,60.78,Area_I,0.2,Area_H
MP-2026-01475,P1475,26-35,Male,23.305101,77.342316,14:34,Thursday,Cloudy,Area_B,9.11,73.48,Area_D,2.03,Area_B
MP-2026-01476,P1476,46-55,Female,23.24289,77.343015,21:22,Monday,Clear,Area_H,21.3,26.95,Area_E,1.96,Area_H
MP-2026-01477,P1477,36-45,Other,23.188267,77.475649,13:42,Tuesday,Clear,Area_C,10.45,28.77,Area_H,0.95,Area_I
MP-2026-01478,P1478,26-35,Female,23.173219,77.336682,15:37,Monday,Clear,Area_E,11.35,74.6,Area_A,3.7,Area_E
MP-2026-01479,P1479,46-55,Female,23.309463,77.490175,01:42,Tuesday,Fog,Area_B,11.3,3.15,Area_G,5.06,Area_B
MP-2026-01480,P1480,18-25,Male,23.174476,77.346725,07:33,Monday,Rain,Area_C,18.69,64.65,Area_D,9.44,Area_A
MP-2026-01481,P1481,18-25,Female,23.082061,77.616213,22:55,Tuesday,Clear,Area_J,4.71,15.36,Area_J,10.17,Area_J
MP-2026-01482,P1482,26-35,Male,23.161501,77.340776,06:50,Wednesday,Cloudy,Area_E,23.39,62.61,Area_I,3.81,Area_G
MP-2026-01483,P1483,36-45,Female,23.322951,77.342299,07:59,Thursday,Cloudy,Area_D,11.62,33.34,Area_B,3.74,Area_D
MP-2026-01484,P1484,26-35,Female,23.168718,77.48203,12:33,Monday,Fog,Area_B,6.55,9.88,Area_F,5.19,Area_E
MP-2026-01485,P1485,36-45,Male,23.252989,77.403554,16:34,Sunday,Clear,Area_E,5.73,19.13,Area_D,7.01,Area_G
MP-2026-01486,P1486,26-35,Male,23.330141,77.415643,11:05,Tuesday,Cloudy,Area_D,6.51,9.06,Area_E,0.3,Area_D
MP-2026-01487,P1487,26-35,Female,23.325306,77.40728,08:33,Saturday,Rain,Area_E,13.82,76.04,Area_B,0.62,Area_E
MP-2026-01488,P1488,26-35,Male,23.246502,77.484219,14:59,Friday,Cloudy,Area_G,15.39,37.74,Area_H,7.37,Area_E
MP-2026-01489,P1489,18-25,Male,23.247542,77.334623,07:59,Saturday,Clear,Area_E,15.46,29.34,Area_C,2.8,Area_F
MP-2026-01490,P1490,46-55,Female,23.180298,77.480425,08:14,Monday,Rain,Area_D,4.43,71.83,Area_H,6.46,Area_G
MP-2026-01491,P1491,26-35,Male,23.250815,77.349357,22:01,Saturday,Rain,Area_D,15.54,79.87,Area_A,2.07,Area_B
MP-2026-01492,P1492,26-35,Female,23.177699,77.474583,13:21,Monday,Fog,Area_G,8.46,25.78,Area_H,8.14,Area_H
MP-2026-01493,P1493,18-25,Other,23.326857,77.345386,08:33,Thursday,Clear,Area_F,5.27,22.84,Area_F,0.32,Area_D
MP-2026-01494,P1494,26-35,Female,23.183911,77.494686,12:47,Wednesday,Fog,Area_H,5.79,8.55,Area_E,2.02,Area_F
MP-2026-01495,P1495,26-35,Female,23.319137,77.47873,08:57,Wednesday,Cloudy,Area_C,16.97,21.89,Area_I,8.56,Area_B
MP-2026-01496,P1496,18-25,Female,23.317149,77.358983,07:26,Thursday,Clear,Area_C,15.95,27.35,Area_E,2.89,Area_I
MP-2026-01497,P1497,26-35,Male,23.254746,77.402563,19:24,Monday,Fog,Area_C,6.86,23.46,Area_F,0.68,Area_I
MP-2026-01498,P1498,36-45,Male,23.261351,77.475659,06:51,Tuesday,Rain,Area_B,20.86,21.66,Area_E,0.2,Area_I
MP-2026-01499,P1499,26-35,Female,23.251802,77.34449,15:46,Wednesday,Clear,Area_E,4.87,2.23,Area_G,7.91,Area_E
MP-2026-01500,P1500,46-55,Female,23.253097,77.402438,17:27,Friday,Rain,Area_H,17.14,23.97,Area_I,4.8,Area_C
MP-2026-01501,P1501,26-35,Female,23.260971,77.402954,18:00,Saturday,Clear,Area_F,6.62,59.12,Area_I,3.71,Area_F
MP-2026-01502,P1502,36-45,Other,23.25627,77.334223,21:02,Tuesday,Clear,Area_E,12.79,20.79,Area_B,2.68,Area_A
MP-2026-01503,P1503,26-35,Female,23.26307,77.335152,01:07,Sunday,Cloudy,Area_B,24.6,11.53,Area_E,1.62,Area_B
MP-2026-01504,P1504,56+,Female,23.34064,77.400325,17:35,Saturday,Clear,Area_D,17.4,73.32,Area_G,5.91,Area_D
MP-2026-01505,P1505,46-55,Female,23.255447,77.344553,07:50,Thursday,Rain,Area_E,2.43,5.05,Area_E,0.91,Area_E
MP-2026-01506,P1506,18-25,Other,23.243014,77.46915,21:41,Sunday,Clear,Area_F,8.46,9.25,Area_C,0.93,Area_F
MP-2026-01507,P1507,26-35,Female,23.262823,77.481861,01:55,Wednesday,Clear,Area_C,13.99,1.62,Area_B,1.8,Area_C
MP-2026-01508,P1508,18-25,Female,23.23815,77.344868,03:50,Monday,Clear,Area_I,11.3,72.02,Area_H,0.99,Area_I
MP-2026-01509,P1509,18-25,Female,23.321678,77.387225,17:45,Sunday,Clear,Area_I,6.24,14.81,Area_F,13.73,Area_F
MP-2026-01510,P1510,26-35,Female,23.316028,77.465083,13:09,Friday,Clear,Area_C,14.79,21.17,Area_E,0.49,Area_B
MP-2026-01511,P1511,56+,Female,23.3051,77.411261,12:18,Wednesday,Rain,Area_B,8.22,15.78,Area_C,4.28,Area_B
MP-2026-01512,P1512,18-25,Male,23.250011,77.335502,15:34,Thursday,Clear,Area_C,7.4,6.94,Area_I,3.88,Area_E
MP-2026-01513,P1513,26-35,Female,23.256297,77.488197,19:44,Monday,Cloudy,Area_B,4.8,59.85,Area_E,0.98,Area_B
MP-2026-01514,P1514,46-55,Female,23.246331,77.331932,22:57,Friday,Rain,Area_C,10.88,23.38,Area_D,10.95,Area_D
MP-2026-01515,P1515,26-35,Male,23.183237,77.484628,18:27,Monday,Cloudy,Area_E,6.06,11.54,Area_I,1.46,Area_I
MP-2026-01516,P1516,36-45,Male,23.330981,77.347138,17:49,Tuesday,Cloudy,Area_B,13.27,21.0,Area_B,2.34,Area_B
MP-2026-01517,P1517,26-35,Female,23.183037,77.413265,15:28,Monday,Cloudy,Area_F,7.77,10.37,Area_I,3.95,Area_F
MP-2026-01518,P1518,46-55,Female,23.231722,77.340965,15:41,Tuesday,Clear,Area_D,4.86,74.33,Area_G,0.8,Area_H
MP-2026-01519,P1519,36-45,Male,23.33006,77.399598,08:47,Friday,Clear,Area_F,12.02,77.82,Area_A,0.21,Area_D
MP-2026-01520,P1520,26-35,Female,23.259069,77.344985,06:38,Saturday,Clear,Area_C,6.49,71.9,Area_F,13.02,Area_C
MP-2026-01521,P1521,18-25,Male,23.316832,77.419762,19:14,Saturday,Clear,Area_D,16.67,46.75,Area_G,0.31,Area_D
MP-2026-01522,P1522,18-25,Female,23.331918,77.412497,10:22,Thursday,Rain,Area_A,11.11,13.48,Area_F,3.09,Area_A
MP-2026-01523,P1523,36-45,Male,23.195298,77.387399,21:18,Wednesday,Clear,Area_F,14.91,45.71,Area_E,2.76,Area_F
MP-2026-01524,P1524,26-35,Male,23.257954,77.40003,17:01,Wednesday,Clear,Area_E,22.15,6.65,Area_G,5.03,Area_A
MP-2026-01525,P1525,36-45,Female,23.243548,77.483785,09:33,Tuesday,Clear,Area_A,12.25,41.43,Area_B,3.6,Area_A
MP-2026-01526,P1526,36-45,Female,23.179392,77.35148,20:32,Saturday,Rain,Area_I,8.99,2.72,Area_C,4.09,Area_B
MP-2026-01527,P1527,36-45,Male,23.242713,77.411382,16:10,Friday,Cloudy,Area_F,10.91,34.21,Area_I,2.46,Area_H
MP-2026-01528,P1528,26-35,Female,23.249104,77.38768,04:02,Sunday,Clear,Area_E,6.18,43.69,Area_B,1.16,Area_A
MP-2026-01529,P1529,36-45,Male,23.316941,77.332791,07:10,Wednesday,Clear,Area_F,9.99,22.77,Area_J,0.53,Area_I
MP-2026-01530,P1530,26-35,Male,23.24836,77.416447,07:09,Thursday,Cloudy,Area_C,15.51,18.31,Area_G,4.11,Area_J
MP-2026-01531,P1531,18-25,Female,23.31668,77.410366,09:31,Friday,Rain,Area_E,23.21,22.53,Area_A,0.97,Area_E
MP-2026-01532,P1532,36-45,Female,23.255185,77.403235,20:23,Tuesday,Clear,Area_B,4.83,9.76,Area_E,6.44,Area_B
MP-2026-01533,P1533,26-35,Male,23.253471,77.474749,10:26,Sunday,Cloudy,Area_B,14.94,11.76,Area_C,2.0,Area_B
MP-2026-01534,P1534,46-55,Female,23.324802,77.349876,21:05,Tuesday,Clear,Area_G,9.13,3.13,Area_D,7.49,Area_B
MP-2026-01535,P1535,36-45,Female,23.324563,77.411183,05:27,Saturday,Cloudy,Area_A,5.72,3.19,Area_C,10.24,Area_C
MP-2026-01536,P1536,18-25,Female,23.31456,77.400114,13:08,Monday,Cloudy,Area_B,4.0,3.08,Area_A,2.33,Area_D
MP-2026-01537,P1537,26-35,Female,23.250809,77.398559,01:04,Tuesday,Clear,Area_E,12.34,8.14,Area_D,1.01,Area_D
MP-2026-01538,P1538,46-55,Female,23.317467,77.483349,12:07,Friday,Cloudy,Area_A,20.3,14.97,Area_I,0.24,Area_A
MP-2026-01539,P1539,36-45,Male,23.186177,77.402674,14:56,Tuesday,Clear,Area_E,5.81,5.29,Area_H,7.22,Area_H
MP-2026-01540,P1540,36-45,Female,23.257336,77.344307,07:35,Thursday,Clear,Area_F,7.36,15.73,Area_A,2.46,Area_F
MP-2026-01541,P1541,36-45,Female,23.321591,77.478805,16:42,Thursday,Cloudy,Area_B,18.98,65.84,Area_B,22.55,Area_C
MP-2026-01542,P1542,36-45,Male,23.169758,77.42567,00:01,Sunday,Clear,Area_E,8.66,65.88,Area_B,3.27,Area_B
MP-2026-01543,P1543,26-35,Female,23.313513,77.348691,12:53,Wednesday,Cloudy,Area_B,7.7,24.15,Area_B,0.47,Area_B
MP-2026-01544,P1544,26-35,Female,23.249121,77.406064,06:20,Friday,Rain,Area_G,21.38,9.6,Area_E,2.63,Area_G
MP-2026-01545,P1545,36-45,Other,23.251721,77.338774,00:09,Wednesday,Cloudy,Area_A,8.57,13.41,Area_F,1.42,Area_A
MP-2026-01546,P1546,36-45,Male,23.249431,77.408204,06:15,Sunday,Clear,Area_B,7.7,17.95,Area_B,0.97,Area_B
MP-2026-01547,P1547,18-25,Male,23.170025,77.407774,09:51,Monday,Rain,Area_G,8.12,25.33,Area_H,2.25,Area_G
MP-2026-01548,P1548,36-45,Female,23.18312,77.404906,13:35,Friday,Rain,Area_F,6.44,41.44,Area_G,4.4,Area_E
MP-2026-01549,P1549,36-45,Female,23.192677,77.327846,15:41,Saturday,Clear,Area_G,5.56,24.54,Area_H,0.8,Area_H
MP-2026-01550,P1550,36-45,Male,23.185789,77.413344,16:55,Sunday,Cloudy,Area_D,5.72,12.38,Area_E,0.65,Area_C
MP-2026-01551,P1551,56+,Male,23.26611,77.473584,06:17,Wednesday,Clear,Area_C,6.6,73.55,Area_B,6.69,Area_G
MP-2026-01552,P1552,18-25,Male,23.262391,77.396278,18:32,Saturday,Cloudy,Area_A,12.67,65.63,Area_A,3.75,Area_C
MP-2026-01553,P1553,26-35,Male,23.250181,77.480125,13:22,Friday,Clear,Area_J,25.38,47.65,Area_J,6.9,Area_C
MP-2026-01554,P1554,46-55,Female,23.258067,77.481852,19:01,Tuesday,Cloudy,Area_J,7.39,8.5,Area_I,8.2,Area_C
MP-2026-01555,P1555,26-35,Male,23.32235,77.481661,21:17,Tuesday,Rain,Area_F,14.16,28.32,Area_I,0.18,Area_I
MP-2026-01556,P1556,18-25,Male,23.241753,77.331923,02:15,Friday,Clear,Area_C,7.09,11.25,Area_H,2.63,Area_H
MP-2026-01557,P1557,26-35,Male,23.182141,77.408785,16:30,Friday,Clear,Area_B,9.59,14.19,Area_C,0.1,Area_B
MP-2026-01558,P1558,26-35,Male,23.299403,77.48738,19:59,Tuesday,Cloudy,Area_J,12.38,74.84,Area_H,15.53,Area_B
MP-2026-01559,P1559,26-35,Male,23.313311,77.348802,19:01,Wednesday,Rain,Area_E,5.48,17.1,Area_D,4.05,Area_A
MP-2026-01560,P1560,46-55,Male,23.314065,77.398586,18:25,Saturday,Clear,Area_C,10.2,23.88,Area_B,9.18,Area_F
MP-2026-01561,P1561,26-35,Female,23.265358,77.473266,23:41,Wednesday,Fog,Area_F,4.34,27.6,Area_F,2.01,Area_C
MP-2026-01562,P1562,26-35,Male,23.272505,77.402173,14:28,Wednesday,Clear,Area_D,13.92,68.77,Area_E,1.55,Area_C
MP-2026-01563,P1563,36-45,Male,23.262648,77.343337,01:51,Tuesday,Clear,Area_A,8.28,64.98,Area_G,4.62,Area_A
MP-2026-01564,P1564,26-35,Female,23.240614,77.328614,01:51,Saturday,Clear,Area_J,25.83,12.91,Area_B,9.94,Area_A
MP-2026-01565,P1565,36-45,Female,23.243806,77.337544,20:24,Sunday,Clear,Area_B,11.58,6.84,Area_A,0.9,Area_E
MP-2026-01566,P1566,18-25,Female,23.250865,77.485615,21:19,Friday,Clear,Area_F,9.41,64.74,Area_E,0.1,Area_F
MP-2026-01567,P1567,26-35,Female,23.321871,77.348711,09:36,Saturday,Clear,Area_H,19.49,28.31,Area_D,5.94,Area_E
MP-2026-01568,P1568,46-55,Male,23.253629,77.478027,19:10,Tuesday,Clear,Area_A,20.64,29.2,Area_B,0.1,Area_C
MP-2026-01569,P1569,46-55,Male,23.323535,77.330593,18:09,Tuesday,Clear,Area_G,21.56,68.29,Area_F,1.75,Area_B
MP-2026-01570,P1570,46-55,Female,23.238521,77.407403,02:18,Sunday,Fog,Area_C,15.14,23.05,Area_F,2.86,Area_F
MP-2026-01571,P1571,36-45,Female,23.192246,77.491214,07:49,Monday,Fog,Area_E,10.28,5.42,Area_H,12.58,Area_F
MP-2026-01572,P1572,36-45,Female,23.252829,77.458681,15:50,Friday,Clear,Area_I,7.05,9.6,Area_F,2.31,Area_I
MP-2026-01573,P1573,18-25,Male,23.188662,77.417631,14:45,Tuesday,Cloudy,Area_E,22.85,26.91,Area_B,0.18,Area_E
MP-2026-01574,P1574,26-35,Male,23.173972,77.405474,10:38,Wednesday,Clear,Area_A,11.85,40.67,Area_H,1.88,Area_G
MP-2026-01575,P1575,26-35,Male,23.252618,77.315816,20:43,Sunday,Clear,Area_D,2.99,6.99,Area_A,1.14,Area_B
MP-2026-01576,P1576,26-35,Male,23.188881,77.410333,06:05,Tuesday,Cloudy,Area_C,9.59,3.95,Area_B,0.56,Area_F
MP-2026-01577,P1577,26-35,Male,23.182971,77.477254,17:04,Sunday,Fog,Area_B,22.12,41.89,Area_I,9.88,Area_E
MP-2026-01578,P1578,36-45,Male,23.337246,77.47838,08:52,Thursday,Rain,Area_D,4.86,62.56,Area_E,0.1,Area_A
MP-2026-01579,P1579,18-25,Male,23.167464,77.466223,01:49,Tuesday,Clear,Area_B,7.1,1.25,Area_B,12.71,Area_E
MP-2026-01580,P1580,36-45,Male,23.251337,77.474796,13:53,Monday,Clear,Area_B,3.85,48.86,Area_A,0.9,Area_B
MP-2026-01581,P1581,46-55,Male,23.301795,77.420684,13:20,Wednesday,Cloudy,Area_I,7.26,10.42,Area_G,1.49,Area_H
MP-2026-01582,P1582,36-45,Female,23.243599,77.336839,21:03,Saturday,Rain,Area_D,5.68,21.89,Area_B,1.86,Area_A
MP-2026-01583,P1583,36-45,Female,23.313035,77.475231,20:27,Tuesday,Rain,Area_B,18.86,16.22,Area_C,6.8,Area_B
MP-2026-01584,P1584,18-25,Other,23.241842,77.41498,10:52,Friday,Cloudy,Area_C,7.08,52.01,Area_F,1.96,Area_E
MP-2026-01585,P1585,36-45,Female,23.254474,77.481554,10:08,Thursday,Clear,Area_C,12.15,50.43,Area_B,3.09,Area_C
MP-2026-01586,P1586,26-35,Female,23.234641,77.40935,19:50,Friday,Clear,Area_B,13.9,20.13,Area_D,4.05,Area_B
MP-2026-01587,P1587,56+,Male,23.314444,77.408573,10:00,Tuesday,Clear,Area_B,2.43,4.53,Area_B,1.3,Area_A
MP-2026-01588,P1588,18-25,Male,23.185022,77.47566,14:02,Thursday,Rain,Area_B,19.82,73.51,Area_F,6.64,Area_B
MP-2026-01589,P1589,26-35,Male,23.247021,77.47376,17:25,Sunday,Cloudy,Area_A,24.95,59.46,Area_B,2.53,Area_A
MP-2026-01590,P1590,18-25,Female,23.257848,77.334976,13:43,Monday,Clear,Area_C,7.48,68.11,Area_H,8.02,Area_E
MP-2026-01591,P1591,18-25,Male,23.177781,77.484379,17:30,Saturday,Cloudy,Area_B,12.22,55.53,Area_E,4.79,Area_F
MP-2026-01592,P1592,18-25,Male,23.322326,77.421914,10:46,Thursday,Cloudy,Area_E,30.0,36.67,Area_D,1.39,Area_A
MP-2026-01593,P1593,36-45,Female,23.183595,77.490649,08:11,Wednesday,Fog,Area_C,11.34,61.22,Area_H,2.36,Area_F
MP-2026-01594,P1594,46-55,Male,23.328144,77.356729,17:41,Saturday,Cloudy,Area_C,8.25,15.14,Area_B,4.05,Area_A
MP-2026-01595,P1595,18-25,Male,23.178022,77.344949,17:55,Thursday,Clear,Area_A,15.12,22.48,Area_D,10.56,Area_D
MP-2026-01596,P1596,46-55,Male,23.324173,77.34653,17:33,Friday,Rain,Area_D,5.33,2.32,Area_A,14.8,Area_D
MP-2026-01597,P1597,46-55,Other,23.253468,77.411098,10:02,Thursday,Clear,Area_B,10.24,4.91,Area_C,7.54,Area_B
MP-2026-01598,P1598,26-35,Female,23.257472,77.408915,13:33,Saturday,Clear,Area_D,18.05,15.92,Area_D,0.35,Area_E
MP-2026-01599,P1599,46-55,Male,23.18037,77.34248,14:20,Wednesday,Clear,Area_A,9.13,5.86,Area_D,17.19,Area_G
MP-2026-01600,P1600,26-35,Male,23.250561,77.331688,04:39,Friday,Rain,Area_A,26.03,52.8,Area_F,0.16,Area_I
MP-2026-01601,P1601,56+,Male,23.166738,77.42265,19:33,Saturday,Clear,Area_H,3.92,2.51,Area_E,2.53,Area_H
MP-2026-01602,P1602,26-35,Female,23.306814,77.340039,21:19,Saturday,Clear,Area_F,7.76,17.1,Area_F,1.56,Area_F
MP-2026-01603,P1603,36-45,Female,23.316233,77.495319,04:04,Wednesday,Clear,Area_F,16.64,77.01,Area_F,10.49,Area_B
MP-2026-01604,P1604,26-35,Other,23.193622,77.486201,19:17,Thursday,Cloudy,Area_H,27.46,46.52,Area_I,3.63,Area_F
MP-2026-01605,P1605,26-35,Female,23.247777,77.395671,10:59,Saturday,Clear,Area_C,13.5,21.25,Area_E,0.54,Area_C
MP-2026-01606,P1606,36-45,Female,23.176725,77.419486,22:21,Wednesday,Cloudy,Area_F,4.46,70.48,Area_G,8.07,Area_F
MP-2026-01607,P1607,18-25,Female,23.169943,77.469716,08:48,Tuesday,Cloudy,Area_A,8.0,10.82,Area_A,0.28,Area_F
MP-2026-01608,P1608,18-25,Male,23.318449,77.482062,17:45,Wednesday,Clear,Area_A,27.97,76.33,Area_I,11.15,Area_F
MP-2026-01609,P1609,46-55,Female,23.242301,77.329373,08:50,Friday,Clear,Area_D,6.7,5.44,Area_G,12.55,Area_E
MP-2026-01610,P1610,36-45,Male,23.065733,77.602083,17:30,Friday,Clear,Area_C,2.46,18.39,Area_I,0.37,Area_H
MP-2026-01611,P1611,56+,Male,23.172718,77.336798,14:58,Friday,Cloudy,Area_A,9.53,6.01,Area_D,2.91,Area_G
MP-2026-01612,P1612,18-25,Female,23.256213,77.399168,09:57,Sunday,Cloudy,Area_F,9.66,5.48,Area_I,3.47,Area_H
MP-2026-01613,P1613,26-35,Male,23.329058,77.463592,17:00,Wednesday,Rain,Area_E,29.95,1.19,Area_B,8.18,Area_B
MP-2026-01614,P1614,18-25,Male,23.18056,77.334915,14:48,Friday,Cloudy,Area_F,6.45,17.08,Area_E,9.95,Area_E
MP-2026-01615,P1615,36-45,Female,23.238612,77.345559,16:10,Tuesday,Cloudy,Area_D,3.02,7.25,Area_D,0.31,Area_D
MP-2026-01616,P1616,36-45,Male,23.25678,77.405865,08:55,Saturday,Cloudy,Area_F,6.24,73.27,Area_I,2.11,Area_B
MP-2026-01617,P1617,36-45,Female,23.194318,77.356115,20:48,Thursday,Fog,Area_A,9.86,66.94,Area_C,1.27,Area_B
MP-2026-01618,P1618,26-35,Female,23.17418,77.413182,20:10,Thursday,Rain,Area_F,4.65,15.19,Area_H,3.71,Area_F
MP-2026-01619,P1619,18-25,Female,23.323298,77.336608,10:54,Monday,Clear,Area_H,6.3,13.73,Area_C,0.11,Area_E
MP-2026-01620,P1620,26-35,Male,23.247463,77.397736,10:38,Saturday,Cloudy,Area_A,15.2,26.21,Area_B,0.31,Area_E
MP-2026-01621,P1621,36-45,Male,23.171574,77.481274,17:37,Sunday,Clear,Area_G,13.15,62.85,Area_E,5.91,Area_E
MP-2026-01622,P1622,36-45,Female,23.188253,77.423465,12:44,Saturday,Cloudy,Area_I,3.21,18.46,Area_I,0.58,Area_G
MP-2026-01623,P1623,46-55,Male,23.178025,77.411731,13:39,Wednesday,Cloudy,Area_A,11.91,58.09,Area_D,0.13,Area_D
MP-2026-01624,P1624,18-25,Male,23.192481,77.42557,12:50,Sunday,Clear,Area_E,16.76,22.95,Area_H,5.58,Area_E
MP-2026-01625,P1625,46-55,Female,23.175018,77.394629,16:35,Friday,Cloudy,Area_A,14.0,20.07,Area_D,0.93,Area_E
MP-2026-01626,P1626,36-45,Female,23.322286,77.503212,05:51,Friday,Clear,Area_A,4.96,8.7,Area_E,1.6,Area_C
MP-2026-01627,P1627,36-45,Other,23.089708,77.613954,21:36,Friday,Cloudy,Area_A,7.66,7.81,Area_J,6.43,Area_J
MP-2026-01628,P1628,26-35,Male,23.177486,77.486432,20:24,Wednesday,Clear,Area_E,29.1,29.84,Area_D,2.32,Area_H
MP-2026-01629,P1629,36-45,Male,23.306709,77.390781,04:36,Thursday,Rain,Area_G,10.62,5.05,Area_A,0.96,Area_A
MP-2026-01630,P1630,46-55,Male,23.326338,77.333552,21:59,Monday,Rain,Area_F,7.22,3.87,Area_I,15.21,Area_B
MP-2026-01631,P1631,56+,Female,23.315104,77.414053,09:37,Friday,Clear,Area_C,6.45,13.71,Area_D,19.26,Area_E
MP-2026-01632,P1632,36-45,Female,23.18309,77.405013,18:30,Monday,Clear,Area_A,30.0,73.58,Area_G,4.52,Area_D
MP-2026-01633,P1633,46-55,Male,23.18607,77.481705,18:39,Sunday,Clear,Area_A,10.26,14.19,Area_H,2.82,Area_F
MP-2026-01634,P1634,36-45,Male,23.321856,77.471962,12:34,Sunday,Clear,Area_B,17.09,33.77,Area_C,2.11,Area_B
MP-2026-01635,P1635,36-45,Female,23.328916,77.426882,15:44,Tuesday,Fog,Area_G,8.63,34.0,Area_E,0.34,Area_G
MP-2026-01636,P1636,46-55,Male,23.324485,77.478244,12:59,Wednesday,Clear,Area_G,9.33,20.87,Area_D,1.36,Area_D
MP-2026-01637,P1637,26-35,Male,23.246963,77.326276,11:08,Wednesday,Clear,Area_H,9.84,15.51,Area_E,4.78,Area_G
MP-2026-01638,P1638,18-25,Male,23.175638,77.479811,01:34,Monday,Cloudy,Area_J,12.36,56.28,Area_F,5.54,Area_I
MP-2026-01639,P1639,18-25,Other,23.31025,77.405233,19:54,Thursday,Cloudy,Area_B,23.03,53.66,Area_D,1.02,Area_B
MP-2026-01640,P1640,26-35,Male,23.188958,77.412445,02:36,Thursday,Clear,Area_A,7.01,11.86,Area_D,6.19,Area_G
MP-2026-01641,P1641,18-25,Female,23.328164,77.49346,14:32,Thursday,Clear,Area_C,13.56,9.87,Area_C,5.45,Area_B
MP-2026-01642,P1642,46-55,Female,23.168699,77.471842,17:28,Thursday,Cloudy,Area_B,6.28,22.17,Area_B,0.88,Area_E
MP-2026-01643,P1643,56+,Male,23.32963,77.415125,08:03,Saturday,Cloudy,Area_C,10.95,18.24,Area_C,1.79,Area_C
MP-2026-01644,P1644,46-55,Male,23.184496,77.456806,03:11,Monday,Clear,Area_B,6.72,61.06,Area_I,5.9,Area_G
MP-2026-01645,P1645,46-55,Female,23.241832,77.473042,12:15,Saturday,Cloudy,Area_H,11.14,73.2,Area_I,1.79,Area_D
MP-2026-01646,P1646,18-25,Female,23.254734,77.480035,01:25,Wednesday,Cloudy,Area_A,12.38,59.32,Area_A,8.49,Area_A
MP-2026-01647,P1647,18-25,Female,23.323431,77.476423,15:35,Thursday,Clear,Area_E,3.95,7.96,Area_C,6.53,Area_B
MP-2026-01648,P1648,18-25,Female,23.173004,77.479925,13:53,Monday,Cloudy,Area_G,15.7,59.67,Area_D,0.7,Area_G
MP-2026-01649,P1649,18-25,Female,23.316637,77.405708,06:31,Saturday,Clear,Area_A,8.35,1.47,Area_C,4.31,Area_B
MP-2026-01650,P1650,46-55,Female,23.250659,77.412237,10:33,Friday,Clear,Area_G,13.79,56.07,Area_A,4.78,Area_C
MP-2026-01651,P1651,46-55,Male,23.249312,77.34695,17:24,Sunday,Cloudy,Area_B,14.5,49.4,Area_A,9.7,Area_E
MP-2026-01652,P1652,56+,Male,23.254103,77.321937,07:45,Thursday,Clear,Area_A,10.91,23.13,Area_G,3.67,Area_G
MP-2026-01653,P1653,46-55,Female,23.319925,77.405397,17:23,Wednesday,Cloudy,Area_F,22.55,21.78,Area_A,3.5,Area_E
MP-2026-01654,P1654,18-25,Male,23.246498,77.410816,15:56,Sunday,Clear,Area_D,6.22,67.65,Area_D,10.67,Area_D
MP-2026-01655,P1655,56+,Male,23.240835,77.315499,21:38,Wednesday,Clear,Area_B,3.56,12.28,Area_C,8.09,Area_B
MP-2026-01656,P1656,26-35,Male,23.181199,77.349586,13:07,Friday,Cloudy,Area_C,4.46,49.59,Area_D,6.63,Area_A
MP-2026-01657,P1657,36-45,Female,23.17698,77.410314,13:56,Monday,Clear,Area_D,9.85,22.75,Area_E,1.82,Area_F
MP-2026-01658,P1658,18-25,Male,23.260182,77.342258,06:06,Friday,Rain,Area_A,7.68,1.46,Area_F,3.68,Area_A
MP-2026-01659,P1659,18-25,Female,23.326555,77.47875,10:54,Wednesday,Cloudy,Area_G,26.41,76.92,Area_H,1.56,Area_G
MP-2026-01660,P1660,26-35,Male,23.24862,77.335282,13:19,Thursday,Rain,Area_A,9.37,34.89,Area_G,0.1,Area_E
MP-2026-01661,P1661,26-35,Female,23.243606,77.412781,22:44,Saturday,Rain,Area_C,7.75,66.6,Area_H,4.8,Area_F
MP-2026-01662,P1662,36-45,Male,23.235996,77.464711,16:49,Thursday,Cloudy,Area_H,17.18,45.85,Area_I,1.08,Area_H
MP-2026-01663,P1663,56+,Male,23.179654,77.343555,13:41,Sunday,Clear,Area_F,6.76,8.31,Area_G,13.02,Area_H
MP-2026-01664,P1664,46-55,Female,23.265407,77.478672,07:47,Tuesday,Clear,Area_D,8.66,21.3,Area_E,9.39,Area_D
MP-2026-01665,P1665,46-55,Male,23.316602,77.491416,14:35,Saturday,Clear,Area_F,10.89,8.69,Area_B,3.33,Area_C
MP-2026-01666,P1666,18-25,Female,23.17934,77.33479,20:04,Thursday,Clear,Area_C,9.24,71.19,Area_A,9.56,Area_D
MP-2026-01667,P1667,46-55,Male,23.165647,77.416924,11:25,Wednesday,Cloudy,Area_H,4.08,20.9,Area_I,2.94,Area_G
MP-2026-01668,P1668,18-25,Male,23.32162,77.408846,18:52,Sunday,Clear,Area_D,9.89,39.08,Area_A,0.72,Area_B
MP-2026-01669,P1669,56+,Female,23.180155,77.413247,11:04,Friday,Rain,Area_G,5.37,32.47,Area_E,5.53,Area_I
MP-2026-01670,P1670,26-35,Female,23.265024,77.470933,14:05,Monday,Clear,Area_E,4.39,23.36,Area_G,3.86,Area_E
MP-2026-01671,P1671,18-25,Female,23.180123,77.495883,17:23,Sunday,Clear,Area_D,6.52,1.25,Area_H,7.39,Area_H
MP-2026-01672,P1672,26-35,Male,23.322721,77.474419,15:41,Wednesday,Cloudy,Area_A,22.69,21.75,Area_B,0.75,Area_F
MP-2026-01673,P1673,46-55,Male,23.252347,77.341951,16:53,Thursday,Clear,Area_I,4.44,55.01,Area_I,1.23,Area_I
MP-2026-01674,P1674,18-25,Female,23.251244,77.34096,07:22,Friday,Clear,Area_F,19.09,60.12,Area_B,3.33,Area_F
MP-2026-01675,P1675,36-45,Male,23.327273,77.4945,17:57,Wednesday,Cloudy,Area_A,5.38,23.03,Area_E,17.57,Area_B
MP-2026-01676,P1676,18-25,Female,23.255662,77.397668,20:24,Thursday,Cloudy,Area_C,21.69,54.28,Area_D,2.23,Area_E
MP-2026-01677,P1677,26-35,Male,23.185,77.333578,18:58,Saturday,Cloudy,Area_G,14.69,24.21,Area_D,3.53,Area_G
MP-2026-01678,P1678,36-45,Other,23.181007,77.472445,02:14,Thursday,Clear,Area_G,10.06,3.31,Area_D,4.52,Area_F
MP-2026-01679,P1679,18-25,Female,23.257185,77.478569,15:37,Saturday,Rain,Area_C,9.72,14.19,Area_B,3.0,Area_C
MP-2026-01680,P1680,36-45,Male,23.186632,77.350162,08:27,Wednesday,Rain,Area_C,15.52,20.88,Area_G,1.86,Area_H
MP-2026-01681,P1681,26-35,Female,23.320001,77.417223,07:26,Sunday,Clear,Area_G,22.54,46.25,Area_E,1.87,Area_A
MP-2026-01682,P1682,36-45,Female,23.187482,77.340073,18:36,Sunday,Cloudy,Area_D,2.73,6.58,Area_H,0.1,Area_H
MP-2026-01683,P1683,36-45,Male,23.319013,77.471736,06:52,Sunday,Clear,Area_D,7.46,20.09,Area_A,0.25,Area_A
MP-2026-01684,P1684,26-35,Female,23.308698,77.392343,10:31,Sunday,Clear,Area_A,9.85,20.32,Area_F,13.69,Area_D
MP-2026-01685,P1685,18-25,Male,23.244517,77.334919,12:04,Thursday,Rain,Area_G,5.16,24.69,Area_D,6.14,Area_G
MP-2026-01686,P1686,26-35,Female,23.244911,77.337588,19:46,Wednesday,Clear,Area_A,12.18,22.1,Area_A,1.96,Area_H
MP-2026-01687,P1687,26-35,Female,23.253714,77.3336,08:14,Thursday,Clear,Area_F,5.58,50.9,Area_H,1.91,Area_H
MP-2026-01688,P1688,36-45,Male,23.251104,77.413306,10:57,Saturday,Cloudy,Area_A,19.03,26.96,Area_C,2.81,Area_E
MP-2026-01689,P1689,26-35,Female,23.170371,77.47364,04:07,Friday,Clear,Area_D,7.67,39.89,Area_A,2.97,Area_E
MP-2026-01690,P1690,26-35,Female,23.074325,77.609655,13:31,Tuesday,Clear,Area_B,10.51,51.14,Area_D,1.58,Area_H
MP-2026-01691,P1691,46-55,Male,23.028135,77.615165,13:29,Saturday,Clear,Area_A,9.04,3.13,Area_E,0.95,Area_E
MP-2026-01692,P1692,26-35,Female,23.328924,77.407844,07:26,Wednesday,Clear,Area_C,5.43,38.55,Area_A,1.04,Area_C
MP-2026-01693,P1693,36-45,Other,23.194078,77.421195,07:42,Friday,Clear,Area_C,9.96,2.1,Area_C,7.73,Area_A
MP-2026-01694,P1694,26-35,Male,23.258353,77.42136,08:41,Friday,Clear,Area_B,11.32,5.23,Area_H,1.97,Area_I
MP-2026-01695,P1695,36-45,Male,23.318867,77.411748,22:22,Wednesday,Clear,Area_A,5.39,12.94,Area_A,0.48,Area_A
MP-2026-01696,P1696,46-55,Male,23.177346,77.418383,07:14,Friday,Clear,Area_E,6.82,41.49,Area_I,0.57,Area_H
MP-2026-01697,P1697,36-45,Male,23.251904,77.340104,16:01,Sunday,Clear,Area_D,10.73,67.86,Area_D,0.99,Area_G
MP-2026-01698,P1698,36-45,Female,23.251709,77.414572,20:21,Sunday,Clear,Area_D,7.24,7.94,Area_F,16.31,Area_E
MP-2026-01699,P1699,18-25,Male,23.260427,77.426447,18:42,Friday,Clear,Area_E,4.91,64.25,Area_C,0.5,Area_E
MP-2026-01700,P1700,46-55,Male,23.248604,77.356015,21:04,Thursday,Clear,Area_D,6.97,7.74,Area_I,1.69,Area_H
MP-2026-01701,P1701,18-25,Male,23.248907,77.421691,11:00,Wednesday,Clear,Area_A,7.34,12.99,Area_D,1.69,Area_A
MP-2026-01702,P1702,26-35,Female,23.338091,77.405652,13:48,Saturday,Clear,Area_C,9.38,16.86,Area_A,6.55,Area_B
MP-2026-01703,P1703,46-55,Male,23.237727,77.334017,05:06,Monday,Fog,Area_A,8.14,12.33,Area_A,2.63,Area_D
MP-2026-01704,P1704,26-35,Female,23.32042,77.470771,10:36,Friday,Cloudy,Area_C,10.79,71.7,Area_C,0.1,Area_C
MP-2026-01705,P1705,18-25,Female,23.164216,77.401655,22:11,Sunday,Clear,Area_E,9.25,52.24,Area_E,7.98,Area_D
MP-2026-01706,P1706,46-55,Male,23.17536,77.356625,11:15,Tuesday,Clear,Area_C,16.51,2.32,Area_A,3.77,Area_D
MP-2026-01707,P1707,26-35,Female,23.316213,77.479682,06:45,Thursday,Clear,Area_A,4.86,6.7,Area_B,15.62,Area_F
MP-2026-01708,P1708,26-35,Male,23.18589,77.404053,12:12,Monday,Cloudy,Area_F,6.69,4.57,Area_H,0.63,Area_E
MP-2026-01709,P1709,18-25,Male,23.34181,77.344584,07:49,Monday,Clear,Area_C,30.0,24.27,Area_B,4.37,Area_E
MP-2026-01710,P1710,36-45,Female,23.300774,77.33736,11:16,Monday,Cloudy,Area_H,5.51,22.75,Area_D,3.9,Area_E
MP-2026-01711,P1711,26-35,Male,23.2432,77.410759,12:02,Wednesday,Rain,Area_H,6.4,7.27,Area_B,5.38,Area_F
MP-2026-01712,P1712,36-45,Male,23.177077,77.415335,05:43,Saturday,Clear,Area_F,3.71,2.93,Area_B,1.69,Area_F
MP-2026-01713,P1713,36-45,Other,23.17429,77.413643,07:01,Tuesday,Clear,Area_H,13.78,18.49,Area_H,5.56,Area_H
MP-2026-01714,P1714,46-55,Female,23.170563,77.414519,18:36,Monday,Fog,Area_B,12.31,56.32,Area_F,3.71,Area_B
MP-2026-01715,P1715,36-45,Male,23.242432,77.342937,13:12,Sunday,Fog,Area_A,9.54,52.81,Area_H,4.71,Area_H
MP-2026-01716,P1716,18-25,Male,23.31909,77.329054,22:25,Thursday,Clear,Area_C,20.61,27.18,Area_A,5.41,Area_C
MP-2026-01717,P1717,46-55,Male,23.327716,77.399228,06:50,Monday,Cloudy,Area_F,7.16,3.74,Area_I,2.5,Area_F
MP-2026-01718,P1718,18-25,Male,23.263202,77.415866,06:17,Saturday,Clear,Area_C,12.96,20.4,Area_F,13.64,Area_F
MP-2026-01719,P1719,36-45,Female,23.197861,77.333531,14:48,Friday,Clear,Area_A,20.15,45.15,Area_A,2.3,Area_F
MP-2026-01720,P1720,46-55,Female,23.31971,77.337906,08:41,Tuesday,Clear,Area_A,8.48,26.65,Area_A,4.27,Area_A
MP-2026-01721,P1721,46-55,Male,23.181761,77.48616,09:41,Wednesday,Clear,Area_E,5.63,14.67,Area_D,0.89,Area_E
MP-2026-01722,P1722,56+,Female,23.250455,77.417926,14:19,Wednesday,Rain,Area_F,10.27,13.2,Area_E,4.13,Area_D
MP-2026-01723,P1723,46-55,Male,23.225206,77.410081,15:26,Thursday,Clear,Area_D,10.44,27.28,Area_H,0.3,Area_H
MP-2026-01724,P1724,46-55,Male,23.177787,77.476105,02:50,Thursday,Clear,Area_A,7.37,16.3,Area_E,0.66,Area_H
MP-2026-01725,P1725,36-45,Female,23.179524,77.477385,06:11,Friday,Clear,Area_C,9.45,2.05,Area_D,12.06,Area_H
MP-2026-01726,P1726,18-25,Male,23.320505,77.405997,08:32,Wednesday,Clear,Area_C,17.31,38.85,Area_E,1.27,Area_C
MP-2026-01727,P1727,18-25,Female,23.247576,77.331029,10:54,Thursday,Clear,Area_G,24.09,32.41,Area_B,2.1,Area_D
MP-2026-01728,P1728,26-35,Male,23.211325,77.320447,11:06,Thursday,Clear,Area_E,16.32,23.72,Area_G,2.76,Area_E
MP-2026-01729,P1729,46-55,Male,23.234802,77.415252,19:00,Thursday,Clear,Area_D,9.53,3.15,Area_G,0.23,Area_B
MP-2026-01730,P1730,18-25,Female,23.173963,77.341032,12:58,Sunday,Clear,Area_D,7.62,3.95,Area_E,3.97,Area_D
MP-2026-01731,P1731,26-35,Male,23.255949,77.419081,09:04,Tuesday,Cloudy,Area_D,7.04,4.49,Area_D,0.22,Area_D
MP-2026-01732,P1732,56+,Other,23.261202,77.323313,16:46,Saturday,Clear,Area_A,8.44,2.82,Area_E,2.06,Area_A
MP-2026-01733,P1733,26-35,Female,23.307878,77.421929,21:46,Saturday,Clear,Area_B,18.37,71.35,Area_A,3.53,Area_B
MP-2026-01734,P1734,18-25,Female,23.181086,77.398345,09:32,Tuesday,Clear,Area_B,9.83,21.43,Area_C,0.16,Area_F
MP-2026-01735,P1735,36-45,Female,23.302475,77.403139,10:37,Wednesday,Clear,Area_B,8.44,22.0,Area_C,3.22,Area_E
MP-2026-01736,P1736,36-45,Male,23.18793,77.482772,02:34,Thursday,Clear,Area_D,6.0,21.33,Area_F,1.15,Area_I
MP-2026-01737,P1737,18-25,Female,23.238813,77.345349,07:38,Tuesday,Clear,Area_C,12.01,20.02,Area_F,6.94,Area_I
MP-2026-01738,P1738,18-25,Male,23.323787,77.411701,16:33,Saturday,Clear,Area_D,11.67,22.19,Area_A,3.94,Area_C
MP-2026-01739,P1739,56+,Male,23.263335,77.333275,11:10,Wednesday,Clear,Area_D,3.97,5.81,Area_H,7.52,Area_H
MP-2026-01740,P1740,46-55,Female,23.076215,77.615654,11:56,Tuesday,Rain,Area_J,9.05,43.97,Area_J,1.33,Area_J
MP-2026-01741,P1741,26-35,Female,23.258988,77.425917,12:34,Sunday,Cloudy,Area_J,9.22,3.77,Area_J,7.9,Area_D
MP-2026-01742,P1742,56+,Male,23.271378,77.40435,11:36,Monday,Cloudy,Area_B,17.76,23.84,Area_G,7.84,Area_D
MP-2026-01743,P1743,18-25,Male,23.191142,77.350384,11:49,Tuesday,Clear,Area_E,5.76,68.32,Area_H,3.27,Area_H
MP-2026-01744,P1744,18-25,Male,23.31694,77.328011,15:29,Monday,Cloudy,Area_A,6.33,66.71,Area_E,2.78,Area_F
MP-2026-01745,P1745,36-45,Male,23.187866,77.336907,10:35,Tuesday,Clear,Area_E,7.03,77.14,Area_H,5.93,Area_E
MP-2026-01746,P1746,18-25,Male,23.239113,77.483974,11:16,Saturday,Clear,Area_A,18.49,70.49,Area_A,3.52,Area_E
MP-2026-01747,P1747,56+,Male,23.314647,77.415159,13:27,Wednesday,Cloudy,Area_J,5.72,6.68,Area_C,0.98,Area_F
MP-2026-01748,P1748,36-45,Female,23.328768,77.414794,11:11,Monday,Clear,Area_C,5.91,70.76,Area_B,4.3,Area_D
MP-2026-01749,P1749,26-35,Female,23.234012,77.321811,12:35,Wednesday,Clear,Area_B,6.57,66.66,Area_F,0.96,Area_I
MP-2026-01750,P1750,36-45,Female,23.29791,77.390959,21:14,Thursday,Clear,Area_B,5.78,5.07,Area_B,0.78,Area_B
MP-2026-01751,P1751,18-25,Male,23.314557,77.412023,23:57,Friday,Clear,Area_B,8.84,64.17,Area_A,3.12,Area_B
MP-2026-01752,P1752,26-35,Female,23.241167,77.412084,07:21,Sunday,Clear,Area_B,9.24,21.77,Area_B,7.1,Area_A
MP-2026-01753,P1753,56+,Female,23.338121,77.468608,07:54,Thursday,Clear,Area_E,3.8,2.63,Area_E,8.81,Area_F
MP-2026-01754,P1754,46-55,Other,23.25518,77.340734,20:45,Thursday,Cloudy,Area_B,5.35,14.1,Area_A,4.9,Area_D
MP-2026-01755,P1755,18-25,Male,23.253255,77.34556,14:12,Tuesday,Clear,Area_J,7.23,76.83,Area_J,1.62,Area_I
MP-2026-01756,P1756,56+,Female,23.180684,77.332459,06:16,Tuesday,Cloudy,Area_D,2.47,15.67,Area_E,0.69,Area_D
MP-2026-01757,P1757,26-35,Male,23.242308,77.406217,22:02,Friday,Rain,Area_F,18.83,63.07,Area_E,0.28,Area_E
MP-2026-01758,P1758,26-35,Female,23.161685,77.405136,22:20,Tuesday,Cloudy,Area_A,5.07,5.96,Area_E,0.41,Area_H
MP-2026-01759,P1759,46-55,Male,23.314787,77.392828,15:02,Sunday,Rain,Area_A,25.12,61.65,Area_B,2.89,Area_A
MP-2026-01760,P1760,18-25,Female,23.301064,77.463623,09:21,Monday,Clear,Area_D,9.97,78.58,Area_A,2.27,Area_B
MP-2026-01761,P1761,46-55,Female,23.192265,77.39758,09:36,Thursday,Cloudy,Area_G,9.01,13.0,Area_C,24.0,Area_G
MP-2026-01762,P1762,46-55,Female,23.256615,77.486144,18:59,Sunday,Cloudy,Area_F,5.05,59.36,Area_C,11.54,Area_E
MP-2026-01763,P1763,46-55,Male,23.328061,77.341261,07:34,Friday,Clear,Area_B,3.07,1.24,Area_D,2.72,Area_B
MP-2026-01764,P1764,26-35,Male,23.189208,77.466844,22:24,Saturday,Clear,Area_H,30.0,71.07,Area_I,2.07,Area_H
MP-2026-01765,P1765,36-45,Female,23.264783,77.408995,21:45,Tuesday,Clear,Area_A,7.51,73.31,Area_D,1.54,Area_A
MP-2026-01766,P1766,26-35,Male,23.257152,77.427606,17:38,Monday,Clear,Area_C,7.46,46.34,Area_C,5.82,Area_B
MP-2026-01767,P1767,56+,Male,23.181976,77.413374,02:44,Friday,Clear,Area_A,3.56,22.63,Area_G,2.23,Area_E
MP-2026-01768,P1768,26-35,Female,23.247124,77.480443,16:45,Sunday,Clear,Area_B,18.93,37.0,Area_B,0.1,Area_C
MP-2026-01769,P1769,56+,Other,23.240261,77.473595,19:28,Friday,Rain,Area_B,5.59,22.85,Area_A,1.14,Area_E
MP-2026-01770,P1770,18-25,Female,23.18498,77.418304,07:29,Saturday,Cloudy,Area_D,14.81,19.37,Area_H,2.15,Area_H
MP-2026-01771,P1771,56+,Male,23.323871,77.358506,18:09,Monday,Cloudy,Area_B,5.96,45.16,Area_C,2.26,Area_F
MP-2026-01772,P1772,36-45,Female,23.253886,77.427742,08:50,Monday,Clear,Area_A,11.75,49.22,Area_B,10.02,Area_B
MP-2026-01773,P1773,26-35,Female,23.080341,77.605782,10:48,Friday,Cloudy,Area_I,17.86,17.56,Area_I,7.59,Area_J
MP-2026-01774,P1774,36-45,Other,23.258604,77.340749,11:05,Friday,Fog,Area_H,7.55,74.32,Area_E,2.14,Area_B
MP-2026-01775,P1775,26-35,Male,23.268037,77.335911,21:42,Tuesday,Cloudy,Area_H,5.67,1.1,Area_G,1.15,Area_A
MP-2026-01776,P1776,36-45,Female,23.174487,77.326018,04:40,Tuesday,Cloudy,Area_B,8.1,2.18,Area_A,1.61,Area_B
MP-2026-01777,P1777,26-35,Female,23.330491,77.336257,20:06,Monday,Clear,Area_H,6.0,76.09,Area_A,10.87,Area_E
MP-2026-01778,P1778,36-45,Female,23.242384,77.472597,20:38,Sunday,Cloudy,Area_B,9.31,73.16,Area_C,2.04,Area_E
MP-2026-01779,P1779,26-35,Female,23.184076,77.397227,06:29,Sunday,Clear,Area_J,12.81,25.11,Area_I,6.21,Area_A
MP-2026-01780,P1780,46-55,Male,23.247915,77.429397,19:19,Sunday,Clear,Area_I,11.27,3.75,Area_F,1.91,Area_F
MP-2026-01781,P1781,26-35,Male,23.306412,77.484049,18:57,Wednesday,Cloudy,Area_B,4.47,36.25,Area_A,2.12,Area_H
MP-2026-01782,P1782,18-25,Male,23.259856,77.484133,19:31,Saturday,Clear,Area_B,4.73,44.27,Area_C,0.99,Area_B
MP-2026-01783,P1783,18-25,Female,23.317464,77.451089,08:23,Saturday,Clear,Area_A,13.06,64.49,Area_D,2.24,Area_A
MP-2026-01784,P1784,18-25,Male,23.249707,77.394671,09:18,Thursday,Clear,Area_F,9.49,75.26,Area_I,4.46,Area_F
MP-2026-01785,P1785,18-25,Female,23.326909,77.331805,20:17,Thursday,Clear,Area_B,3.23,18.2,Area_B,1.02,Area_B
MP-2026-01786,P1786,36-45,Female,23.253563,77.474936,02:51,Thursday,Cloudy,Area_C,4.13,17.91,Area_C,1.27,Area_A
MP-2026-01787,P1787,56+,Other,23.178713,77.487227,20:08,Saturday,Cloudy,Area_C,7.16,7.08,Area_G,0.88,Area_F
MP-2026-01788,P1788,26-35,Male,23.263844,77.336578,10:18,Thursday,Clear,Area_C,6.66,3.42,Area_A,0.12,Area_G
MP-2026-01789,P1789,26-35,Other,23.258588,77.350275,14:22,Sunday,Clear,Area_A,10.62,24.07,Area_A,0.96,Area_E
MP-2026-01790,P1790,56+,Male,23.319278,77.336185,19:25,Monday,Clear,Area_D,10.29,17.25,Area_C,2.55,Area_H
MP-2026-01791,P1791,26-35,Male,23.257637,77.415442,12:43,Wednesday,Clear,Area_A,10.02,39.27,Area_I,4.07,Area_I
MP-2026-01792,P1792,46-55,Female,23.314062,77.346841,19:25,Monday,Cloudy,Area_A,5.42,24.45,Area_C,8.74,Area_C
MP-2026-01793,P1793,26-35,Male,23.33169,77.390147,09:57,Wednesday,Cloudy,Area_A,12.63,7.14,Area_E,2.58,Area_E
MP-2026-01794,P1794,36-45,Male,23.174658,77.355184,10:16,Saturday,Cloudy,Area_A,17.32,16.02,Area_E,6.48,Area_H
MP-2026-01795,P1795,18-25,Male,23.182527,77.32378,20:55,Saturday,Clear,Area_G,17.99,30.03,Area_D,10.89,Area_G
MP-2026-01796,P1796,36-45,Male,23.188816,77.336597,18:31,Thursday,Clear,Area_G,24.96,24.69,Area_D,3.45,Area_G
MP-2026-01797,P1797,26-35,Female,23.322672,77.399862,11:20,Sunday,Clear,Area_B,9.39,13.18,Area_A,9.17,Area_E
MP-2026-01798,P1798,26-35,Male,23.22925,77.473764,18:05,Sunday,Clear,Area_B,26.85,56.92,Area_A,4.73,Area_B
MP-2026-01799,P1799,26-35,Male,23.316801,77.47194,15:07,Tuesday,Clear,Area_G,7.36,22.61,Area_C,1.28,Area_B
MP-2026-01800,P1800,36-45,Female,23.337843,77.499291,12:11,Thursday,Rain,Area_B,9.79,57.93,Area_B,9.2,Area_E
MP-2026-01801,P1801,46-55,Female,23.33455,77.468276,10:43,Sunday,Rain,Area_F,4.42,64.93,Area_F,8.53,Area_F
MP-2026-01802,P1802,26-35,Female,23.256807,77.468255,19:48,Wednesday,Cloudy,Area_H,8.1,1.25,Area_D,2.46,Area_G
MP-2026-01803,P1803,56+,Other,23.196746,77.426148,13:59,Monday,Clear,Area_H,3.59,19.75,Area_E,2.65,Area_H
MP-2026-01804,P1804,46-55,Female,23.174876,77.325791,19:57,Thursday,Cloudy,Area_F,5.64,63.5,Area_D,1.76,Area_D
MP-2026-01805,P1805,36-45,Male,23.316986,77.406743,12:07,Wednesday,Rain,Area_A,16.69,64.31,Area_B,1.05,Area_C
MP-2026-01806,P1806,26-35,Female,23.249775,77.492193,18:44,Monday,Rain,Area_E,13.95,57.69,Area_G,19.85,Area_H
MP-2026-01807,P1807,36-45,Male,23.31964,77.476449,16:51,Thursday,Rain,Area_D,11.96,71.73,Area_C,0.39,Area_C
MP-2026-01808,P1808,26-35,Female,23.258246,77.396302,17:38,Friday,Cloudy,Area_H,18.83,70.55,Area_H,6.77,Area_H
MP-2026-01809,P1809,18-25,Male,23.240274,77.480669,08:55,Wednesday,Clear,Area_I,5.45,10.94,Area_G,0.23,Area_I
MP-2026-01810,P1810,46-55,Female,23.17219,77.47334,12:42,Sunday,Clear,Area_F,4.43,18.55,Area_I,0.59,Area_H
MP-2026-01811,P1811,26-35,Male,23.182632,77.420543,17:42,Tuesday,Clear,Area_D,9.22,24.6,Area_B,0.4,Area_D
MP-2026-01812,P1812,26-35,Male,23.180061,77.477768,21:00,Tuesday,Clear,Area_F,8.9,6.33,Area_B,0.39,Area_B
MP-2026-01813,P1813,26-35,Male,23.245199,77.481646,19:37,Thursday,Clear,Area_B,11.75,14.53,Area_E,5.36,Area_B
MP-2026-01814,P1814,18-25,Male,23.322288,77.483015,20:22,Sunday,Rain,Area_A,8.02,61.45,Area_B,1.07,Area_A
MP-2026-01815,P1815,46-55,Male,23.331444,77.480959,15:57,Tuesday,Clear,Area_A,4.4,41.78,Area_B,2.66,Area_E
MP-2026-01816,P1816,36-45,Male,23.257418,77.484345,13:35,Friday,Clear,Area_H,7.87,18.42,Area_J,16.48,Area_J
MP-2026-01817,P1817,56+,Male,23.174582,77.408447,06:44,Friday,Clear,Area_F,8.06,9.49,Area_F,1.64,Area_H
MP-2026-01818,P1818,56+,Female,23.328603,77.399815,17:56,Sunday,Clear,Area_E,5.87,50.82,Area_F,8.74,Area_C
MP-2026-01819,P1819,36-45,Female,23.187905,77.343611,09:21,Friday,Clear,Area_H,12.5,52.35,Area_D,2.17,Area_G
MP-2026-01820,P1820,36-45,Female,23.182981,77.485316,08:51,Thursday,Fog,Area_C,15.04,48.81,Area_I,4.99,Area_F
MP-2026-01821,P1821,18-25,Female,23.247482,77.346133,16:00,Sunday,Cloudy,Area_F,12.44,59.97,Area_E,4.05,Area_F
MP-2026-01822,P1822,26-35,Male,23.248962,77.408379,10:58,Monday,Cloudy,Area_E,7.57,32.78,Area_E,11.07,Area_C
MP-2026-01823,P1823,46-55,Female,23.332157,77.347861,12:40,Thursday,Clear,Area_C,8.08,70.84,Area_B,0.4,Area_B
MP-2026-01824,P1824,36-45,Male,23.181768,77.396142,09:21,Tuesday,Cloudy,Area_F,5.66,20.2,Area_E,7.97,Area_F
MP-2026-01825,P1825,26-35,Female,23.318633,77.460315,19:33,Thursday,Clear,Area_B,6.6,51.37,Area_B,0.31,Area_C
MP-2026-01826,P1826,26-35,Female,23.247182,77.413143,05:28,Monday,Clear,Area_A,16.84,43.2,Area_B,0.6,Area_H
MP-2026-01827,P1827,18-25,Female,23.240487,77.339619,12:33,Saturday,Clear,Area_A,18.14,22.08,Area_D,0.18,Area_A
MP-2026-01828,P1828,18-25,Female,23.237828,77.478404,18:48,Monday,Clear,Area_F,7.87,20.69,Area_C,3.97,Area_B
MP-2026-01829,P1829,18-25,Male,23.185071,77.406784,09:47,Friday,Clear,Area_F,13.81,1.96,Area_G,0.13,Area_E
MP-2026-01830,P1830,36-45,Female,23.168087,77.467615,23:21,Sunday,Clear,Area_B,8.42,72.51,Area_B,1.51,Area_B
MP-2026-01831,P1831,26-35,Male,23.328234,77.471507,19:31,Friday,Cloudy,Area_F,4.99,3.88,Area_B,4.99,Area_A
MP-2026-01832,P1832,18-25,Male,23.239983,77.427131,07:49,Saturday,Clear,Area_A,6.19,44.35,Area_D,1.32,Area_G
MP-2026-01833,P1833,46-55,Female,23.326322,77.487177,20:03,Wednesday,Clear,Area_D,4.81,23.14,Area_A,15.79,Area_E
MP-2026-01834,P1834,18-25,Male,23.25117,77.335466,14:11,Saturday,Cloudy,Area_A,18.01,66.16,Area_A,0.1,Area_A
MP-2026-01835,P1835,26-35,Female,23.328643,77.489148,09:31,Wednesday,Rain,Area_G,5.96,12.53,Area_H,2.59,Area_I
MP-2026-01836,P1836,56+,Male,23.26033,77.469352,17:47,Tuesday,Clear,Area_A,15.24,73.0,Area_E,1.18,Area_E
MP-2026-01837,P1837,46-55,Male,23.241496,77.415208,14:39,Monday,Clear,Area_D,3.88,18.85,Area_A,0.22,Area_D
MP-2026-01838,P1838,18-25,Male,23.183741,77.404894,11:33,Friday,Clear,Area_B,7.74,59.05,Area_G,10.4,Area_E
MP-2026-01839,P1839,46-55,Male,23.250381,77.341709,20:17,Sunday,Clear,Area_A,15.52,74.32,Area_B,1.6,Area_A
MP-2026-01840,P1840,36-45,Female,23.078623,77.614013,18:32,Friday,Cloudy,Area_G,11.17,20.18,Area_I,12.54,Area_H
MP-2026-01841,P1841,18-25,Male,23.263003,77.407014,12:02,Friday,Fog,Area_B,13.07,15.76,Area_A,8.05,Area_B
MP-2026-01842,P1842,18-25,Male,23.249799,77.49108,18:43,Tuesday,Cloudy,Area_E,5.39,19.07,Area_B,11.9,Area_E
MP-2026-01843,P1843,56+,Female,23.190485,77.423125,08:00,Tuesday,Clear,Area_F,5.33,12.93,Area_I,1.72,Area_F
MP-2026-01844,P1844,46-55,Female,23.329167,77.401252,06:47,Saturday,Clear,Area_B,12.4,24.35,Area_C,2.73,Area_B
MP-2026-01845,P1845,26-35,Female,23.256543,77.41908,11:12,Thursday,Clear,Area_A,12.1,20.57,Area_A,0.96,Area_A
MP-2026-01846,P1846,36-45,Female,23.231286,77.350737,08:43,Saturday,Rain,Area_A,7.16,69.63,Area_C,4.29,Area_F
MP-2026-01847,P1847,18-25,Female,23.257129,77.342318,16:32,Friday,Cloudy,Area_B,17.53,23.81,Area_G,2.01,Area_H
MP-2026-01848,P1848,26-35,Female,23.324027,77.478798,15:01,Wednesday,Clear,Area_E,15.01,22.69,Area_B,0.53,Area_F
MP-2026-01849,P1849,36-45,Other,23.175954,77.419084,18:37,Monday,Clear,Area_E,15.05,47.39,Area_D,0.93,Area_G
MP-2026-01850,P1850,46-55,Female,23.322106,77.410619,08:47,Wednesday,Fog,Area_B,5.36,18.82,Area_C,3.24,Area_B
MP-2026-01851,P1851,18-25,Female,23.314062,77.424055,10:37,Monday,Cloudy,Area_C,7.35,9.86,Area_A,0.79,Area_E
MP-2026-01852,P1852,36-45,Other,23.169949,77.415373,13:00,Friday,Rain,Area_C,11.94,45.68,Area_I,1.45,Area_I
MP-2026-01853,P1853,46-55,Male,23.233818,77.485944,18:13,Wednesday,Cloudy,Area_C,9.63,10.2,Area_F,2.31,Area_F
MP-2026-01854,P1854,26-35,Male,23.189789,77.342031,19:06,Tuesday,Clear,Area_G,8.74,17.41,Area_G,5.57,Area_H
MP-2026-01855,P1855,36-45,Male,23.179434,77.48119,05:40,Tuesday,Clear,Area_G,24.3,56.48,Area_A,0.84,Area_G
MP-2026-01856,P1856,26-35,Female,23.17417,77.400822,10:50,Saturday,Clear,Area_B,30.0,73.33,Area_C,8.59,Area_E
MP-2026-01857,P1857,18-25,Female,23.178814,77.326441,15:43,Tuesday,Clear,Area_E,11.77,8.98,Area_G,10.84,Area_E
MP-2026-01858,P1858,46-55,Male,23.168086,77.337022,10:44,Friday,Clear,Area_B,12.74,41.81,Area_A,1.86,Area_D
MP-2026-01859,P1859,36-45,Female,23.257466,77.329553,19:19,Monday,Clear,Area_A,8.25,71.95,Area_D,10.53,Area_E
MP-2026-01860,P1860,26-35,Female,23.328309,77.329552,09:35,Thursday,Rain,Area_B,9.21,4.09,Area_I,6.3,Area_D
MP-2026-01861,P1861,56+,Female,23.186281,77.485936,10:56,Saturday,Cloudy,Area_E,8.5,21.79,Area_A,7.11,Area_D
MP-2026-01862,P1862,26-35,Female,23.168061,77.478865,08:30,Sunday,Rain,Area_B,9.56,50.32,Area_E,5.34,Area_F
MP-2026-01863,P1863,26-35,Female,23.242892,77.479812,08:01,Saturday,Clear,Area_B,4.52,33.49,Area_B,1.94,Area_H
MP-2026-01864,P1864,26-35,Female,23.179724,77.416177,20:41,Tuesday,Rain,Area_D,4.28,11.33,Area_B,3.0,Area_D
MP-2026-01865,P1865,46-55,Male,23.252513,77.480287,01:54,Thursday,Clear,Area_C,8.95,60.73,Area_C,1.37,Area_F
MP-2026-01866,P1866,26-35,Female,23.243853,77.425987,19:34,Sunday,Rain,Area_A,21.85,11.03,Area_H,6.28,Area_G
MP-2026-01867,P1867,18-25,Female,23.322816,77.346844,19:12,Sunday,Cloudy,Area_D,6.88,23.17,Area_H,1.76,Area_D
MP-2026-01868,P1868,18-25,Male,23.170939,77.397602,15:50,Wednesday,Clear,Area_A,9.71,23.59,Area_C,4.64,Area_F
MP-2026-01869,P1869,56+,Other,23.256206,77.488966,19:04,Friday,Clear,Area_D,7.6,57.82,Area_B,6.42,Area_C
MP-2026-01870,P1870,56+,Male,23.333173,77.343411,21:57,Wednesday,Cloudy,Area_A,10.34,53.91,Area_B,1.85,Area_A
MP-2026-01871,P1871,56+,Female,23.243904,77.495583,17:41,Friday,Clear,Area_F,7.48,20.86,Area_I,0.1,Area_H
MP-2026-01872,P1872,36-45,Female,23.31985,77.397629,09:43,Saturday,Clear,Area_B,13.56,15.64,Area_A,0.18,Area_B
MP-2026-01873,P1873,26-35,Male,23.094492,77.619717,16:55,Tuesday,Rain,Area_J,12.62,15.57,Area_J,1.39,Area_J
MP-2026-01874,P1874,36-45,Male,23.177602,77.415976,11:52,Tuesday,Clear,Area_E,3.95,7.33,Area_C,2.38,Area_E
MP-2026-01875,P1875,36-45,Male,23.254249,77.460044,08:27,Sunday,Clear,Area_H,21.81,34.2,Area_I,1.62,Area_I
MP-2026-01876,P1876,18-25,Male,23.323885,77.357709,07:04,Monday,Rain,Area_D,6.03,17.76,Area_I,2.2,Area_E
MP-2026-01877,P1877,46-55,Female,23.319052,77.342503,08:13,Wednesday,Clear,Area_B,5.1,2.8,Area_A,3.78,Area_D
MP-2026-01878,P1878,26-35,Female,23.168603,77.417413,12:07,Sunday,Cloudy,Area_B,10.45,21.34,Area_H,1.09,Area_E
MP-2026-01879,P1879,36-45,Male,23.246688,77.41313,22:59,Sunday,Clear,Area_B,15.4,75.35,Area_F,11.81,Area_I
MP-2026-01880,P1880,26-35,Female,23.174093,77.337792,18:01,Sunday,Rain,Area_H,11.54,18.3,Area_I,2.65,Area_H
MP-2026-01881,P1881,26-35,Female,23.236708,77.414689,08:46,Wednesday,Cloudy,Area_F,2.29,34.91,Area_H,0.57,Area_F
MP-2026-01882,P1882,36-45,Female,23.190326,77.340765,19:23,Friday,Clear,Area_D,5.98,55.92,Area_D,9.04,Area_D
MP-2026-01883,P1883,26-35,Male,23.264965,77.421483,07:52,Wednesday,Rain,Area_D,6.65,3.12,Area_I,2.34,Area_I
MP-2026-01884,P1884,18-25,Male,23.327074,77.353964,15:30,Tuesday,Cloudy,Area_C,7.78,28.0,Area_I,2.8,Area_D
MP-2026-01885,P1885,56+,Female,23.186209,77.415114,17:35,Saturday,Rain,Area_G,9.27,5.76,Area_D,0.1,Area_A
MP-2026-01886,P1886,36-45,Other,23.314322,77.348232,16:37,Wednesday,Clear,Area_J,7.55,19.86,Area_D,0.36,Area_A
MP-2026-01887,P1887,36-45,Female,23.2607,77.472837,11:07,Saturday,Cloudy,Area_C,21.06,22.34,Area_B,0.53,Area_F
MP-2026-01888,P1888,46-55,Male,23.257356,77.409059,05:54,Monday,Cloudy,Area_C,10.24,31.97,Area_F,3.48,Area_C
MP-2026-01889,P1889,36-45,Female,23.176486,77.486804,06:44,Sunday,Clear,Area_C,11.89,54.14,Area_F,4.64,Area_I
MP-2026-01890,P1890,18-25,Male,23.239403,77.411344,20:34,Thursday,Clear,Area_E,5.54,5.39,Area_D,2.74,Area_E
MP-2026-01891,P1891,26-35,Male,23.322518,77.403253,04:35,Monday,Clear,Area_D,6.17,13.0,Area_E,8.35,Area_D
MP-2026-01892,P1892,26-35,Male,23.068325,77.610996,14:36,Saturday,Clear,Area_J,9.87,12.11,Area_J,2.49,Area_J
MP-2026-01893,P1893,36-45,Female,23.169995,77.468077,17:25,Tuesday,Cloudy,Area_G,13.39,59.17,Area_H,0.21,Area_E
MP-2026-01894,P1894,36-45,Male,23.250856,77.486994,14:14,Thursday,Clear,Area_D,9.51,21.73,Area_E,0.79,Area_D
MP-2026-01895,P1895,36-45,Male,23.316103,77.412897,14:34,Tuesday,Cloudy,Area_B,5.04,4.55,Area_A,7.32,Area_B
MP-2026-01896,P1896,26-35,Female,23.316674,77.422688,16:00,Friday,Cloudy,Area_C,28.59,60.46,Area_H,1.75,Area_C
MP-2026-01897,P1897,26-35,Female,23.180158,77.415134,11:01,Monday,Clear,Area_A,17.23,32.29,Area_F,0.79,Area_I
MP-2026-01898,P1898,36-45,Male,23.321121,77.349855,23:45,Sunday,Cloudy,Area_A,9.42,59.65,Area_A,1.62,Area_A
MP-2026-01899,P1899,18-25,Female,23.253046,77.477997,00:16,Wednesday,Rain,Area_D,11.21,16.21,Area_E,3.27,Area_F
MP-2026-01900,P1900,26-35,Female,23.248242,77.42044,09:27,Friday,Cloudy,Area_A,18.59,77.97,Area_F,0.35,Area_E
MP-2026-01901,P1901,56+,Male,23.325951,77.417292,16:49,Thursday,Rain,Area_I,3.44,1.17,Area_D,3.41,Area_D
MP-2026-01902,P1902,26-35,Female,23.313175,77.356866,20:15,Monday,Rain,Area_F,6.15,25.13,Area_H,17.6,Area_D
MP-2026-01903,P1903,46-55,Female,23.314309,77.429563,16:47,Friday,Clear,Area_C,5.77,55.1,Area_B,6.41,Area_H
MP-2026-01904,P1904,26-35,Female,23.25503,77.337639,20:30,Tuesday,Rain,Area_H,13.06,18.33,Area_E,4.33,Area_H
MP-2026-01905,P1905,36-45,Male,23.316548,77.412652,08:29,Saturday,Cloudy,Area_G,16.9,4.74,Area_E,7.15,Area_D
MP-2026-01906,P1906,26-35,Female,23.248206,77.469988,12:11,Tuesday,Clear,Area_B,12.97,20.38,Area_E,4.86,Area_C
MP-2026-01907,P1907,46-55,Male,23.170792,77.411975,07:02,Thursday,Rain,Area_E,12.75,73.21,Area_F,0.18,Area_F
MP-2026-01908,P1908,36-45,Male,23.319995,77.485973,13:24,Tuesday,Clear,Area_F,11.86,1.21,Area_C,0.78,Area_F
MP-2026-01909,P1909,46-55,Male,23.23883,77.407295,02:51,Thursday,Cloudy,Area_H,8.15,12.72,Area_A,9.05,Area_B
MP-2026-01910,P1910,36-45,Female,23.259732,77.428223,07:49,Wednesday,Cloudy,Area_C,10.63,70.68,Area_H,0.5,Area_G
MP-2026-01911,P1911,36-45,Female,23.324833,77.428141,10:20,Saturday,Clear,Area_C,7.29,1.53,Area_D,2.1,Area_E
MP-2026-01912,P1912,36-45,Male,23.253405,77.461445,20:01,Monday,Clear,Area_B,1.91,12.76,Area_A,1.71,Area_B
MP-2026-01913,P1913,36-45,Male,23.170958,77.478574,07:16,Wednesday,Cloudy,Area_A,5.74,17.76,Area_E,4.5,Area_H
MP-2026-01914,P1914,36-45,Male,23.241452,77.416187,05:13,Friday,Rain,Area_E,11.38,5.36,Area_I,2.96,Area_H
MP-2026-01915,P1915,26-35,Female,23.186916,77.333872,07:41,Thursday,Clear,Area_I,3.87,5.82,Area_G,0.54,Area_D
MP-2026-01916,P1916,46-55,Female,23.175296,77.329825,12:15,Wednesday,Clear,Area_A,7.03,16.71,Area_E,7.25,Area_H
MP-2026-01917,P1917,36-45,Female,23.32374,77.418637,16:51,Thursday,Clear,Area_D,14.96,25.51,Area_A,2.34,Area_F
MP-2026-01918,P1918,26-35,Male,23.242552,77.350268,17:09,Saturday,Clear,Area_C,4.76,71.08,Area_H,0.8,Area_H
MP-2026-01919,P1919,26-35,Female,23.255458,77.362405,16:45,Tuesday,Clear,Area_E,17.51,21.31,Area_F,0.53,Area_B
MP-2026-01920,P1920,18-25,Male,23.181199,77.411483,09:27,Monday,Fog,Area_F,5.1,78.56,Area_J,1.66,Area_I
MP-2026-01921,P1921,18-25,Male,23.25607,77.401407,08:01,Friday,Rain,Area_C,6.4,23.3,Area_D,1.0,Area_A
MP-2026-01922,P1922,26-35,Female,23.253397,77.393517,05:07,Wednesday,Rain,Area_B,5.47,42.69,Area_F,1.75,Area_C
MP-2026-01923,P1923,46-55,Female,23.229392,77.485869,08:39,Sunday,Cloudy,Area_B,6.5,79.5,Area_J,2.99,Area_J
MP-2026-01924,P1924,36-45,Female,23.259272,77.485405,11:14,Friday,Cloudy,Area_H,7.03,8.29,Area_E,10.35,Area_H
MP-2026-01925,P1925,26-35,Female,23.165653,77.493412,20:39,Tuesday,Cloudy,Area_B,11.44,1.6,Area_F,2.0,Area_B
MP-2026-01926,P1926,26-35,Female,23.267421,77.409259,22:33,Monday,Clear,Area_C,13.97,22.25,Area_C,17.11,Area_B
MP-2026-01927,P1927,36-45,Male,23.32737,77.471824,19:19,Thursday,Clear,Area_C,12.85,15.39,Area_B,4.49,Area_C
MP-2026-01928,P1928,18-25,Female,23.263254,77.39692,06:04,Friday,Fog,Area_E,11.32,73.73,Area_H,0.61,Area_H
MP-2026-01929,P1929,18-25,Male,23.338359,77.468196,07:09,Sunday,Clear,Area_E,13.48,59.82,Area_H,0.94,Area_I
MP-2026-01930,P1930,56+,Male,23.244336,77.402397,09:36,Saturday,Fog,Area_B,9.76,3.52,Area_C,1.07,Area_F
MP-2026-01931,P1931,46-55,Male,23.235811,77.483261,12:22,Thursday,Clear,Area_D,9.03,49.98,Area_C,5.43,Area_B
MP-2026-01932,P1932,46-55,Female,23.251541,77.485366,07:47,Friday,Clear,Area_E,9.77,39.86,Area_H,2.76,Area_E
MP-2026-01933,P1933,46-55,Female,23.320549,77.413762,13:52,Sunday,Clear,Area_C,4.5,25.24,Area_C,7.01,Area_H
MP-2026-01934,P1934,18-25,Male,23.259221,77.394965,18:45,Friday,Clear,Area_D,21.76,20.12,Area_I,2.54,Area_E
MP-2026-01935,P1935,36-45,Female,23.309849,77.465462,13:32,Friday,Cloudy,Area_D,5.03,10.23,Area_A,1.86,Area_C
MP-2026-01936,P1936,18-25,Male,23.255415,77.341739,11:33,Friday,Rain,Area_A,11.45,1.27,Area_A,5.23,Area_D
MP-2026-01937,P1937,56+,Male,23.177626,77.421435,12:10,Tuesday,Cloudy,Area_D,6.44,14.42,Area_G,0.1,Area_F
MP-2026-01938,P1938,18-25,Female,23.242651,77.47578,17:09,Monday,Clear,Area_A,13.16,66.67,Area_H,4.12,Area_H
MP-2026-01939,P1939,36-45,Male,23.24085,77.402936,18:34,Friday,Clear,Area_A,3.19,2.35,Area_C,8.18,Area_H
MP-2026-01940,P1940,18-25,Female,23.172135,77.421876,08:53,Friday,Clear,Area_A,10.21,8.71,Area_F,1.61,Area_I
MP-2026-01941,P1941,26-35,Female,23.257776,77.488219,13:17,Friday,Clear,Area_E,15.01,22.13,Area_E,4.96,Area_C
MP-2026-01942,P1942,18-25,Female,23.310182,77.41559,06:31,Wednesday,Cloudy,Area_H,10.52,56.43,Area_B,8.09,Area_A
MP-2026-01943,P1943,36-45,Female,23.248972,77.409846,17:25,Tuesday,Clear,Area_C,14.32,76.73,Area_B,2.32,Area_B
MP-2026-01944,P1944,26-35,Male,23.178759,77.476639,07:26,Sunday,Clear,Area_E,17.91,69.28,Area_J,1.93,Area_J
MP-2026-01945,P1945,26-35,Female,23.240676,77.396021,10:13,Sunday,Clear,Area_E,22.08,41.11,Area_A,0.17,Area_A
MP-2026-01946,P1946,26-35,Male,23.321069,77.488168,15:34,Wednesday,Clear,Area_E,6.0,10.77,Area_C,1.8,Area_B
MP-2026-01947,P1947,18-25,Female,23.189286,77.336954,11:02,Monday,Clear,Area_H,8.85,25.58,Area_F,0.35,Area_I
MP-2026-01948,P1948,36-45,Female,23.254565,77.483885,08:28,Thursday,Clear,Area_B,7.64,1.82,Area_I,4.83,Area_D
MP-2026-01949,P1949,36-45,Other,23.185966,77.341293,07:26,Friday,Fog,Area_E,9.38,49.06,Area_G,6.05,Area_D
MP-2026-01950,P1950,36-45,Female,23.25964,77.472032,08:15,Wednesday,Rain,Area_J,9.66,79.81,Area_J,0.21,Area_I
MP-2026-01951,P1951,18-25,Female,23.316035,77.408832,19:22,Friday,Clear,Area_F,9.2,79.05,Area_D,1.16,Area_F
MP-2026-01952,P1952,46-55,Female,23.18789,77.343928,07:21,Monday,Clear,Area_I,5.2,8.13,Area_H,1.16,Area_D
MP-2026-01953,P1953,26-35,Female,23.174775,77.420246,08:34,Thursday,Cloudy,Area_G,9.97,59.83,Area_I,1.48,Area_G
MP-2026-01954,P1954,36-45,Male,23.181377,77.413753,18:17,Sunday,Clear,Area_F,10.13,20.06,Area_F,2.12,Area_F
MP-2026-01955,P1955,36-45,Male,23.175554,77.463007,08:13,Saturday,Cloudy,Area_E,12.7,39.84,Area_G,4.6,Area_H
MP-2026-01956,P1956,46-55,Male,23.066464,77.602972,17:36,Sunday,Clear,Area_D,9.36,28.62,Area_F,0.95,Area_E
MP-2026-01957,P1957,46-55,Male,23.076332,77.624532,09:38,Thursday,Clear,Area_D,1.57,3.14,Area_B,0.6,Area_I
MP-2026-01958,P1958,18-25,Male,23.313708,77.474867,17:57,Tuesday,Clear,Area_F,5.2,24.13,Area_E,3.42,Area_F
MP-2026-01959,P1959,36-45,Female,23.262621,77.400879,18:06,Thursday,Clear,Area_F,12.17,27.79,Area_E,8.38,Area_G
MP-2026-01960,P1960,36-45,Female,23.247094,77.34713,11:38,Saturday,Clear,Area_A,5.98,8.2,Area_A,11.91,Area_A
MP-2026-01961,P1961,26-35,Other,23.164012,77.345594,06:59,Sunday,Rain,Area_I,10.25,48.88,Area_H,19.25,Area_I
MP-2026-01962,P1962,36-45,Male,23.246702,77.481247,08:34,Sunday,Cloudy,Area_F,4.47,70.21,Area_C,2.06,Area_B
MP-2026-01963,P1963,26-35,Female,23.179448,77.337307,12:28,Tuesday,Rain,Area_D,13.59,65.19,Area_G,3.92,Area_D
MP-2026-01964,P1964,18-25,Female,23.313912,77.406456,22:31,Wednesday,Clear,Area_G,6.75,3.31,Area_D,4.42,Area_B
MP-2026-01965,P1965,36-45,Female,23.243785,77.345362,14:27,Thursday,Clear,Area_E,6.97,31.99,Area_F,8.98,Area_E
MP-2026-01966,P1966,26-35,Other,23.239291,77.396792,17:39,Tuesday,Cloudy,Area_J,12.77,79.31,Area_I,1.41,Area_B
MP-2026-01967,P1967,56+,Male,23.175775,77.341317,20:25,Tuesday,Rain,Area_B,4.44,10.6,Area_I,0.18,Area_E
MP-2026-01968,P1968,26-35,Male,23.251933,77.40814,18:12,Thursday,Clear,Area_A,10.88,16.28,Area_H,10.39,Area_D
MP-2026-01969,P1969,26-35,Male,23.246266,77.386149,16:20,Monday,Clear,Area_A,8.49,61.37,Area_A,5.62,Area_B
MP-2026-01970,P1970,36-45,Male,23.320224,77.344753,05:42,Monday,Clear,Area_I,11.75,43.49,Area_B,1.74,Area_C
MP-2026-01971,P1971,36-45,Female,23.243196,77.477806,10:39,Friday,Cloudy,Area_A,8.08,19.86,Area_H,5.13,Area_G
MP-2026-01972,P1972,36-45,Male,23.32254,77.485484,20:15,Tuesday,Cloudy,Area_B,6.99,61.85,Area_B,6.45,Area_B
MP-2026-01973,P1973,36-45,Female,23.182968,77.494567,18:02,Monday,Cloudy,Area_B,9.65,50.72,Area_E,0.1,Area_D
MP-2026-01974,P1974,36-45,Male,23.236515,77.416653,10:23,Friday,Clear,Area_C,25.38,18.21,Area_F,8.16,Area_C
MP-2026-01975,P1975,46-55,Female,23.239959,77.407744,17:20,Tuesday,Rain,Area_B,7.52,71.72,Area_C,3.52,Area_F
MP-2026-01976,P1976,26-35,Female,23.319688,77.479473,07:01,Friday,Cloudy,Area_F,5.12,1.38,Area_B,5.65,Area_E
MP-2026-01977,P1977,26-35,Male,23.311214,77.488946,11:59,Tuesday,Clear,Area_B,9.51,55.36,Area_E,3.84,Area_E
MP-2026-01978,P1978,36-45,Male,23.189472,77.486128,23:45,Saturday,Clear,Area_D,5.11,17.68,Area_G,1.47,Area_D
MP-2026-01979,P1979,18-25,Male,23.244586,77.330302,21:20,Sunday,Clear,Area_D,13.17,73.7,Area_A,7.68,Area_A
MP-2026-01980,P1980,36-45,Male,23.23408,77.476594,18:10,Saturday,Clear,Area_E,11.19,15.38,Area_I,3.37,Area_E
MP-2026-01981,P1981,18-25,Female,23.247025,77.413089,08:46,Friday,Cloudy,Area_E,6.95,22.7,Area_F,2.61,Area_E
MP-2026-01982,P1982,36-45,Male,23.169108,77.411088,13:50,Monday,Clear,Area_E,9.54,58.74,Area_I,5.01,Area_H
MP-2026-01983,P1983,36-45,Female,23.254599,77.316002,05:49,Tuesday,Cloudy,Area_C,4.9,14.78,Area_B,4.49,Area_C
MP-2026-01984,P1984,56+,Female,23.245485,77.402623,16:46,Wednesday,Clear,Area_A,4.61,45.4,Area_I,0.35,Area_H
MP-2026-01985,P1985,46-55,Female,23.246757,77.401033,07:26,Saturday,Clear,Area_A,10.27,20.95,Area_G,6.38,Area_B
MP-2026-01986,P1986,36-45,Male,23.246648,77.401534,19:43,Monday,Clear,Area_B,3.93,18.68,Area_D,1.47,Area_D
MP-2026-01987,P1987,46-55,Male,23.193517,77.409377,17:30,Sunday,Cloudy,Area_B,8.59,16.02,Area_F,2.26,Area_F
MP-2026-01988,P1988,56+,Male,23.259268,77.480451,05:40,Wednesday,Cloudy,Area_C,7.62,72.52,Area_B,4.75,Area_D
MP-2026-01989,P1989,18-25,Female,23.175088,77.345687,08:32,Friday,Clear,Area_E,8.41,62.24,Area_D,4.8,Area_G
MP-2026-01990,P1990,26-35,Female,23.239082,77.421991,16:13,Saturday,Cloudy,Area_A,6.49,6.49,Area_B,2.54,Area_A
MP-2026-01991,P1991,56+,Other,23.256798,77.342419,12:06,Saturday,Cloudy,Area_B,8.98,58.2,Area_E,0.24,Area_H
MP-2026-01992,P1992,36-45,Other,23.320648,77.496316,17:41,Monday,Cloudy,Area_D,11.88,48.21,Area_B,1.41,Area_D
MP-2026-01993,P1993,26-35,Female,23.245538,77.478747,07:05,Saturday,Clear,Area_C,19.18,75.07,Area_F,0.45,Area_I
MP-2026-01994,P1994,36-45,Male,23.193305,77.477378,09:53,Monday,Fog,Area_B,15.85,8.98,Area_F,4.79,Area_D
MP-2026-01995,P1995,18-25,Male,23.193687,77.409443,10:25,Sunday,Clear,Area_C,30.0,23.81,Area_B,3.01,Area_C
MP-2026-01996,P1996,26-35,Male,23.322424,77.432001,06:56,Thursday,Clear,Area_C,13.53,14.13,Area_C,4.31,Area_D
MP-2026-01997,P1997,36-45,Male,23.238376,77.420114,14:09,Monday,Clear,Area_D,4.34,6.57,Area_H,1.64,Area_F
MP-2026-01998,P1998,26-35,Female,23.323799,77.489575,10:56,Monday,Clear,Area_A,9.0,9.02,Area_B,8.57,Area_A
MP-2026-01999,P1999,18-25,Male,23.251028,77.485836,18:52,Sunday,Rain,Area_I,9.06,21.5,Area_H,0.63,Area_H
MP-2026-02000,P2000,56+,Female,23.279852,77.4754,12:13,Monday,Clear,Area_G,7.67,72.23,Area_H,1.87,Area_D
MP-2026-02001,P2001,36-45,Female,23.177155,77.412703,13:00,Wednesday,Clear,Area_A,18.1,69.18,Area_E,5.38,Area_F
MP-2026-02002,P2002,36-45,Other,23.168327,77.482925,17:57,Monday,Cloudy,Area_A,16.81,59.81,Area_H,1.35,Area_H
MP-2026-02003,P2003,36-45,Female,23.237224,77.490295,07:35,Monday,Rain,Area_E,12.98,39.66,Area_E,7.57,Area_E
MP-2026-02004,P2004,26-35,Female,23.177,77.41233,00:42,Friday,Clear,Area_B,14.91,68.59,Area_E,1.13,Area_E
MP-2026-02005,P2005,26-35,Female,23.175271,77.481623,22:59,Wednesday,Cloudy,Area_J,9.21,34.3,Area_J,3.64,Area_F
MP-2026-02006,P2006,36-45,Female,23.068118,77.610904,06:00,Friday,Rain,Area_E,3.48,11.2,Area_E,13.9,Area_E
MP-2026-02007,P2007,26-35,Female,23.183499,77.468141,10:54,Monday,Clear,Area_F,17.2,13.32,Area_E,10.37,Area_I
MP-2026-02008,P2008,36-45,Male,23.243112,77.427844,03:34,Wednesday,Rain,Area_A,7.72,20.16,Area_E,5.96,Area_D
MP-2026-02009,P2009,46-55,Female,23.186727,77.417315,17:54,Monday,Clear,Area_D,12.05,49.77,Area_G,0.1,Area_E
MP-2026-02010,P2010,36-45,Female,23.169921,77.409647,10:24,Wednesday,Clear,Area_C,9.92,4.09,Area_E,5.38,Area_I
MP-2026-02011,P2011,26-35,Female,23.252488,77.323133,11:31,Saturday,Clear,Area_E,10.97,17.41,Area_D,3.91,Area_E
MP-2026-02012,P2012,26-35,Other,23.259033,77.345836,04:48,Tuesday,Clear,Area_A,3.1,23.12,Area_B,6.55,Area_E
MP-2026-02013,P2013,18-25,Female,23.170542,77.475394,17:02,Wednesday,Clear,Area_F,10.1,8.84,Area_H,0.35,Area_H
MP-2026-02014,P2014,36-45,Other,23.254893,77.420616,08:27,Tuesday,Clear,Area_A,17.45,15.1,Area_D,1.37,Area_G
MP-2026-02015,P2015,36-45,Female,23.258527,77.33897,13:52,Saturday,Clear,Area_B,11.43,42.44,Area_D,11.71,Area_D
MP-2026-02016,P2016,26-35,Female,23.166319,77.476509,13:14,Saturday,Clear,Area_G,7.27,10.51,Area_H,2.65,Area_G
MP-2026-02017,P2017,46-55,Male,23.246992,77.344901,18:52,Friday,Clear,Area_H,9.28,24.6,Area_E,13.39,Area_B
MP-2026-02018,P2018,56+,Male,23.185481,77.477331,12:45,Thursday,Clear,Area_A,5.08,5.87,Area_H,5.54,Area_A
MP-2026-02019,P2019,18-25,Female,23.310213,77.419017,19:12,Saturday,Clear,Area_E,12.77,26.05,Area_F,7.93,Area_C
MP-2026-02020,P2020,18-25,Female,23.335487,77.396519,18:46,Sunday,Cloudy,Area_A,8.46,22.64,Area_A,13.4,Area_A
MP-2026-02021,P2021,56+,Male,23.268125,77.336674,11:17,Tuesday,Cloudy,Area_C,9.55,15.32,Area_E,0.41,Area_E
MP-2026-02022,P2022,56+,Female,23.322677,77.339228,19:28,Tuesday,Cloudy,Area_C,5.35,24.64,Area_E,4.88,Area_B
MP-2026-02023,P2023,18-25,Male,23.177714,77.397278,05:57,Saturday,Clear,Area_G,22.51,22.92,Area_D,0.86,Area_G
MP-2026-02024,P2024,26-35,Female,23.070889,77.599393,08:26,Saturday,Clear,Area_J,9.96,56.04,Area_J,0.41,Area_J
MP-2026-02025,P2025,46-55,Male,23.182267,77.409235,11:15,Friday,Clear,Area_E,8.7,8.76,Area_D,0.32,Area_E
MP-2026-02026,P2026,26-35,Female,23.186573,77.483824,23:59,Thursday,Clear,Area_B,7.57,63.74,Area_I,2.7,Area_F
MP-2026-02027,P2027,36-45,Female,23.242679,77.482926,19:42,Thursday,Cloudy,Area_F,4.89,44.57,Area_B,2.13,Area_B
MP-2026-02028,P2028,36-45,Female,23.336905,77.494708,09:43,Wednesday,Cloudy,Area_E,3.73,3.47,Area_I,21.1,Area_F
MP-2026-02029,P2029,26-35,Female,23.263424,77.400097,11:36,Wednesday,Rain,Area_E,5.84,68.97,Area_I,2.24,Area_E
MP-2026-02030,P2030,46-55,Other,23.245468,77.476116,15:27,Tuesday,Clear,Area_F,18.33,54.12,Area_B,3.58,Area_F
MP-2026-02031,P2031,56+,Male,23.319899,77.413725,13:19,Saturday,Clear,Area_E,8.15,21.77,Area_C,8.24,Area_C
MP-2026-02032,P2032,26-35,Female,23.252553,77.408359,11:23,Sunday,Rain,Area_G,14.26,30.41,Area_G,1.63,Area_E
MP-2026-02033,P2033,18-25,Female,23.313996,77.41065,14:54,Monday,Clear,Area_B,6.9,21.35,Area_A,7.75,Area_E
MP-2026-02034,P2034,36-45,Female,23.3271,77.488388,14:18,Monday,Cloudy,Area_A,14.07,68.23,Area_B,13.7,Area_A
MP-2026-02035,P2035,56+,Female,23.253356,77.330452,11:22,Tuesday,Cloudy,Area_I,4.35,15.76,Area_E,3.6,Area_H
MP-2026-02036,P2036,26-35,Male,23.322369,77.488357,09:35,Wednesday,Clear,Area_E,13.3,47.2,Area_E,9.85,Area_E
MP-2026-02037,P2037,26-35,Other,23.316172,77.417482,10:28,Wednesday,Cloudy,Area_A,19.48,42.48,Area_F,0.1,Area_A
MP-2026-02038,P2038,26-35,Female,23.182709,77.47264,19:59,Saturday,Clear,Area_D,16.54,29.34,Area_D,3.7,Area_H
MP-2026-02039,P2039,46-55,Male,23.237495,77.457412,17:53,Friday,Cloudy,Area_C,8.89,10.05,Area_C,2.98,Area_C
MP-2026-02040,P2040,36-45,Female,23.181056,77.48286,20:23,Wednesday,Fog,Area_J,5.89,11.88,Area_F,4.53,Area_I
MP-2026-02041,P2041,18-25,Female,23.325514,77.48412,22:35,Friday,Clear,Area_E,19.12,31.39,Area_B,3.49,Area_A
MP-2026-02042,P2042,36-45,Female,23.189707,77.346141,20:13,Saturday,Cloudy,Area_A,13.95,7.91,Area_B,0.35,Area_E
MP-2026-02043,P2043,46-55,Male,23.2541,77.405625,08:12,Wednesday,Clear,Area_B,21.96,75.9,Area_A,0.36,Area_D
MP-2026-02044,P2044,46-55,Female,23.230245,77.472302,17:30,Wednesday,Cloudy,Area_C,9.57,1.83,Area_B,0.79,Area_C
MP-2026-02045,P2045,26-35,Male,23.315874,77.478558,13:55,Thursday,Clear,Area_A,5.87,44.19,Area_B,5.57,Area_A
MP-2026-02046,P2046,56+,Female,23.070708,77.604492,09:15,Wednesday,Clear,Area_A,14.47,22.28,Area_H,2.17,Area_H
MP-2026-02047,P2047,18-25,Male,23.239118,77.333691,07:58,Wednesday,Cloudy,Area_B,8.78,11.57,Area_E,2.99,Area_B
MP-2026-02048,P2048,36-45,Female,23.177417,77.469594,14:29,Monday,Clear,Area_G,15.04,21.02,Area_E,4.09,Area_F
MP-2026-02049,P2049,56+,Male,23.252031,77.336759,12:44,Saturday,Clear,Area_C,2.96,4.01,Area_F,0.23,Area_C
MP-2026-02050,P2050,36-45,Female,23.310944,77.474666,11:50,Monday,Clear,Area_B,10.94,5.18,Area_E,3.33,Area_D
MP-2026-02051,P2051,26-35,Female,23.238637,77.34717,08:58,Monday,Cloudy,Area_G,9.81,50.12,Area_E,0.81,Area_G
MP-2026-02052,P2052,26-35,Male,23.262015,77.490493,13:45,Wednesday,Rain,Area_C,21.2,18.07,Area_H,4.19,Area_D
MP-2026-02053,P2053,46-55,Female,23.267709,77.335289,15:56,Tuesday,Cloudy,Area_D,6.92,6.5,Area_B,18.18,Area_D
MP-2026-02054,P2054,26-35,Female,23.253362,77.429829,15:46,Monday,Fog,Area_G,21.4,21.08,Area_B,15.07,Area_F
MP-2026-02055,P2055,36-45,Male,23.253067,77.337986,17:35,Monday,Clear,Area_D,6.67,16.67,Area_A,1.55,Area_D
MP-2026-02056,P2056,36-45,Female,23.316211,77.479677,05:05,Saturday,Clear,Area_B,6.57,19.21,Area_I,0.31,Area_J
MP-2026-02057,P2057,18-25,Female,23.323368,77.408247,17:51,Saturday,Cloudy,Area_E,4.58,6.96,Area_D,5.94,Area_B
MP-2026-02058,P2058,26-35,Male,23.183635,77.342784,06:37,Tuesday,Rain,Area_B,29.06,20.8,Area_D,1.09,Area_D
MP-2026-02059,P2059,56+,Male,23.331461,77.477315,11:22,Friday,Fog,Area_B,10.36,53.07,Area_B,0.24,Area_E
MP-2026-02060,P2060,56+,Female,23.329672,77.338941,12:41,Tuesday,Clear,Area_C,2.55,6.13,Area_E,5.96,Area_D
MP-2026-02061,P2061,36-45,Male,23.230364,77.476011,09:33,Thursday,Clear,Area_F,8.16,23.8,Area_B,7.08,Area_F
MP-2026-02062,P2062,26-35,Male,23.172602,77.33229,16:54,Sunday,Cloudy,Area_E,13.6,13.76,Area_F,6.32,Area_E
MP-2026-02063,P2063,26-35,Male,23.063773,77.61622,05:44,Sunday,Fog,Area_F,17.66,42.03,Area_H,1.51,Area_J
MP-2026-02064,P2064,56+,Female,23.183309,77.418857,07:24,Sunday,Clear,Area_E,5.87,23.05,Area_D,0.31,Area_E
MP-2026-02065,P2065,36-45,Female,23.190702,77.475453,21:56,Saturday,Clear,Area_C,9.95,63.31,Area_I,12.36,Area_H
MP-2026-02066,P2066,56+,Female,23.329416,77.358794,16:30,Friday,Clear,Area_G,6.8,10.37,Area_B,3.82,Area_B
MP-2026-02067,P2067,56+,Male,23.324777,77.340888,08:47,Saturday,Rain,Area_F,5.44,7.15,Area_B,1.65,Area_F
MP-2026-02068,P2068,36-45,Female,23.319162,77.425144,15:29,Saturday,Clear,Area_C,15.69,72.7,Area_B,3.2,Area_E
MP-2026-02069,P2069,18-25,Male,23.242942,77.423889,19:53,Sunday,Clear,Area_B,22.25,56.21,Area_D,7.48,Area_B
MP-2026-02070,P2070,36-45,Male,23.173503,77.406975,20:27,Friday,Rain,Area_F,6.03,31.82,Area_E,0.67,Area_F
MP-2026-02071,P2071,36-45,Male,23.323638,77.326857,11:06,Tuesday,Clear,Area_B,30.0,59.44,Area_D,3.62,Area_D
MP-2026-02072,P2072,26-35,Female,23.327156,77.483302,08:58,Saturday,Fog,Area_C,6.27,61.51,Area_D,2.12,Area_E
MP-2026-02073,P2073,26-35,Male,23.251093,77.399093,13:49,Tuesday,Clear,Area_F,10.97,20.07,Area_B,9.61,Area_D
MP-2026-02074,P2074,56+,Male,23.193809,77.500994,08:49,Friday,Rain,Area_J,12.87,52.52,Area_J,3.69,Area_I
MP-2026-02075,P2075,46-55,Male,23.318482,77.485616,15:48,Friday,Clear,Area_C,3.45,5.74,Area_F,0.43,Area_C
MP-2026-02076,P2076,46-55,Male,23.187068,77.333848,12:26,Wednesday,Cloudy,Area_C,3.33,3.86,Area_H,2.66,Area_D
MP-2026-02077,P2077,26-35,Male,23.189254,77.419461,23:19,Monday,Rain,Area_D,8.89,14.77,Area_A,4.91,Area_F
MP-2026-02078,P2078,46-55,Male,23.316371,77.406112,14:21,Wednesday,Cloudy,Area_A,10.33,28.44,Area_B,3.96,Area_D
MP-2026-02079,P2079,26-35,Female,23.238021,77.411742,23:39,Saturday,Clear,Area_D,6.11,65.78,Area_I,0.26,Area_D
MP-2026-02080,P2080,26-35,Male,23.243934,77.401251,18:00,Tuesday,Clear,Area_I,30.0,38.47,Area_H,11.75,Area_H
MP-2026-02081,P2081,26-35,Female,23.252293,77.476446,18:21,Thursday,Clear,Area_J,2.49,1.49,Area_I,2.66,Area_C
MP-2026-02082,P2082,36-45,Male,23.335653,77.485127,16:35,Friday,Rain,Area_D,6.27,30.62,Area_D,3.33,Area_B
MP-2026-02083,P2083,46-55,Female,23.25883,77.49476,13:47,Wednesday,Cloudy,Area_F,6.67,19.0,Area_H,0.1,Area_B
MP-2026-02084,P2084,18-25,Female,23.186888,77.331236,17:06,Friday,Cloudy,Area_A,9.87,79.8,Area_B,7.06,Area_A
MP-2026-02085,P2085,26-35,Male,23.32517,77.398716,14:17,Saturday,Rain,Area_C,5.27,20.58,Area_B,0.49,Area_C
MP-2026-02086,P2086,56+,Female,23.304515,77.336268,06:52,Saturday,Fog,Area_C,12.02,60.73,Area_B,7.4,Area_C
MP-2026-02087,P2087,36-45,Female,23.182844,77.491205,18:54,Tuesday,Rain,Area_D,8.13,77.44,Area_E,0.1,Area_D
MP-2026-02088,P2088,26-35,Male,23.180009,77.399774,16:22,Monday,Clear,Area_G,20.49,71.06,Area_G,19.41,Area_E
MP-2026-02089,P2089,36-45,Male,23.255587,77.411543,12:44,Monday,Cloudy,Area_A,7.24,23.15,Area_F,1.39,Area_B
MP-2026-02090,P2090,36-45,Female,23.316766,77.401405,18:50,Thursday,Clear,Area_A,12.1,32.64,Area_A,1.06,Area_A
MP-2026-02091,P2091,26-35,Female,23.182745,77.469731,17:57,Friday,Clear,Area_F,17.6,75.23,Area_I,3.63,Area_H
MP-2026-02092,P2092,26-35,Male,23.318849,77.48944,22:20,Friday,Cloudy,Area_F,23.07,30.17,Area_A,6.06,Area_E
MP-2026-02093,P2093,18-25,Female,23.179436,77.326341,05:32,Friday,Clear,Area_B,21.01,77.21,Area_D,6.07,Area_E
MP-2026-02094,P2094,26-35,Male,23.310347,77.349009,07:38,Friday,Clear,Area_A,14.75,15.78,Area_G,1.06,Area_A
MP-2026-02095,P2095,46-55,Female,23.322119,77.342089,18:27,Friday,Clear,Area_E,5.74,45.65,Area_E,3.18,Area_E
MP-2026-02096,P2096,26-35,Male,23.245668,77.477179,13:13,Wednesday,Rain,Area_D,15.92,74.4,Area_E,10.04,Area_D
MP-2026-02097,P2097,46-55,Female,23.325647,77.426282,17:15,Tuesday,Clear,Area_D,7.66,9.17,Area_I,3.69,Area_H
MP-2026-02098,P2098,46-55,Female,23.244603,77.323448,14:17,Monday,Clear,Area_B,5.81,6.01,Area_D,6.08,Area_B
MP-2026-02099,P2099,26-35,Male,23.256276,77.406126,14:55,Tuesday,Clear,Area_E,7.48,14.44,Area_A,9.6,Area_E
MP-2026-02100,P2100,26-35,Female,23.193477,77.400638,11:37,Wednesday,Clear,Area_D,8.7,7.3,Area_F,3.1,Area_I
MP-2026-02101,P2101,26-35,Female,23.252366,77.341278,11:17,Wednesday,Cloudy,Area_G,6.99,17.99,Area_G,5.06,Area_D
MP-2026-02102,P2102,18-25,Female,23.265333,77.412637,17:39,Friday,Clear,Area_B,10.94,3.58,Area_C,0.73,Area_F
MP-2026-02103,P2103,26-35,Male,23.18219,77.334953,15:15,Wednesday,Clear,Area_F,11.41,18.41,Area_B,0.52,Area_D
MP-2026-02104,P2104,18-25,Female,23.240718,77.406469,10:02,Sunday,Clear,Area_D,12.83,20.91,Area_G,2.39,Area_B
MP-2026-02105,P2105,26-35,Female,23.332191,77.337988,12:39,Friday,Cloudy,Area_A,28.35,46.88,Area_D,1.55,Area_A
MP-2026-02106,P2106,26-35,Female,23.188492,77.482079,09:44,Friday,Clear,Area_C,6.73,74.77,Area_E,21.24,Area_E
MP-2026-02107,P2107,26-35,Male,23.178844,77.408957,07:01,Friday,Clear,Area_B,8.67,39.49,Area_E,8.31,Area_E
MP-2026-02108,P2108,18-25,Male,23.311928,77.411892,15:37,Monday,Clear,Area_C,7.54,55.82,Area_A,9.85,Area_B
MP-2026-02109,P2109,36-45,Male,23.320081,77.420698,21:37,Wednesday,Clear,Area_E,8.5,66.52,Area_C,2.78,Area_B
MP-2026-02110,P2110,36-45,Male,23.31522,77.484516,15:37,Friday,Cloudy,Area_B,5.43,36.84,Area_B,3.22,Area_B
MP-2026-02111,P2111,18-25,Female,23.243316,77.40838,07:21,Wednesday,Clear,Area_C,10.24,24.16,Area_E,2.87,Area_D
MP-2026-02112,P2112,46-55,Female,23.308136,77.404469,20:30,Wednesday,Clear,Area_D,4.88,20.38,Area_A,2.92,Area_E
MP-2026-02113,P2113,26-35,Male,23.171704,77.478131,13:30,Saturday,Clear,Area_F,5.72,23.42,Area_J,9.48,Area_H
MP-2026-02114,P2114,18-25,Male,23.240778,77.33007,18:09,Saturday,Clear,Area_D,6.57,2.36,Area_D,1.37,Area_G
MP-2026-02115,P2115,26-35,Female,23.1753,77.329977,08:25,Saturday,Clear,Area_I,9.95,17.2,Area_H,1.04,Area_H
MP-2026-02116,P2116,56+,Female,23.305632,77.403567,14:16,Monday,Clear,Area_C,10.82,28.86,Area_C,4.38,Area_C
MP-2026-02117,P2117,26-35,Female,23.251823,77.467749,21:57,Tuesday,Cloudy,Area_B,14.5,56.01,Area_E,3.25,Area_B
MP-2026-02118,P2118,36-45,Male,23.241938,77.426187,15:32,Saturday,Cloudy,Area_C,3.85,6.67,Area_I,4.78,Area_E
MP-2026-02119,P2119,36-45,Male,23.24972,77.407925,10:19,Tuesday,Clear,Area_A,16.43,20.15,Area_C,0.63,Area_D
MP-2026-02120,P2120,46-55,Female,23.305999,77.413914,09:52,Monday,Clear,Area_A,9.21,3.2,Area_C,0.96,Area_E
MP-2026-02121,P2121,26-35,Female,23.303766,77.465178,06:47,Friday,Clear,Area_A,6.08,6.72,Area_E,3.02,Area_B
MP-2026-02122,P2122,26-35,Female,23.186127,77.474621,10:02,Monday,Cloudy,Area_A,18.4,11.8,Area_B,3.15,Area_E
MP-2026-02123,P2123,46-55,Male,23.32566,77.481398,20:31,Saturday,Rain,Area_H,8.04,37.58,Area_F,3.61,Area_C
MP-2026-02124,P2124,36-45,Female,23.191903,77.354779,16:47,Tuesday,Rain,Area_E,4.26,22.04,Area_H,3.4,Area_I
MP-2026-02125,P2125,36-45,Female,23.248308,77.471425,08:20,Thursday,Clear,Area_A,16.72,40.17,Area_C,16.95,Area_F
MP-2026-02126,P2126,18-25,Male,23.242691,77.410813,06:33,Sunday,Rain,Area_B,5.64,4.77,Area_F,1.87,Area_F
MP-2026-02127,P2127,26-35,Male,23.267248,77.392964,06:28,Wednesday,Clear,Area_E,3.37,17.99,Area_I,0.99,Area_E
MP-2026-02128,P2128,18-25,Female,23.18142,77.482544,09:25,Sunday,Clear,Area_E,7.58,24.15,Area_B,0.47,Area_E
MP-2026-02129,P2129,36-45,Female,23.250623,77.417404,17:58,Monday,Clear,Area_E,9.6,10.84,Area_F,7.34,Area_H
MP-2026-02130,P2130,56+,Female,23.173354,77.406254,08:32,Monday,Cloudy,Area_D,5.85,69.02,Area_E,3.87,Area_G
MP-2026-02131,P2131,18-25,Male,23.249896,77.487306,12:13,Saturday,Cloudy,Area_E,19.13,26.8,Area_F,0.1,Area_E
MP-2026-02132,P2132,26-35,Male,23.233374,77.334759,07:16,Wednesday,Clear,Area_E,7.86,75.4,Area_A,6.13,Area_E
MP-2026-02133,P2133,26-35,Female,23.259289,77.328794,05:36,Wednesday,Clear,Area_D,12.32,4.02,Area_G,6.91,Area_D
MP-2026-02134,P2134,26-35,Female,23.318986,77.410188,12:39,Wednesday,Rain,Area_F,12.31,53.4,Area_E,0.27,Area_E
MP-2026-02135,P2135,26-35,Other,23.245103,77.470644,12:13,Thursday,Cloudy,Area_H,5.37,5.01,Area_H,3.2,Area_I
MP-2026-02136,P2136,18-25,Female,23.170811,77.487929,05:24,Friday,Cloudy,Area_A,11.63,73.1,Area_F,5.67,Area_J
MP-2026-02137,P2137,26-35,Other,23.177411,77.406135,17:12,Thursday,Cloudy,Area_G,6.66,13.98,Area_G,4.15,Area_C
MP-2026-02138,P2138,56+,Female,23.252409,77.467944,18:20,Wednesday,Cloudy,Area_A,8.16,8.25,Area_F,15.65,Area_E
MP-2026-02139,P2139,26-35,Female,23.236043,77.352676,20:58,Wednesday,Rain,Area_E,11.27,68.03,Area_A,0.1,Area_D
MP-2026-02140,P2140,26-35,Male,23.258647,77.332466,11:04,Thursday,Clear,Area_C,7.07,53.96,Area_E,1.93,Area_E
MP-2026-02141,P2141,26-35,Male,23.226167,77.475489,18:34,Thursday,Cloudy,Area_B,13.34,34.36,Area_E,0.72,Area_B
MP-2026-02142,P2142,46-55,Female,23.239181,77.408786,09:51,Tuesday,Fog,Area_E,10.98,7.26,Area_C,6.11,Area_E
MP-2026-02143,P2143,18-25,Female,23.149803,77.410352,18:56,Friday,Clear,Area_E,10.1,28.15,Area_F,2.22,Area_E
MP-2026-02144,P2144,26-35,Female,23.348088,77.395608,06:39,Tuesday,Clear,Area_G,7.85,18.88,Area_E,0.1,Area_G
MP-2026-02145,P2145,56+,Female,23.241154,77.472673,07:28,Monday,Clear,Area_A,7.5,13.09,Area_B,0.14,Area_A
MP-2026-02146,P2146,18-25,Male,23.248235,77.423222,20:49,Wednesday,Clear,Area_H,17.3,11.33,Area_H,6.92,Area_I
MP-2026-02147,P2147,36-45,Male,23.330597,77.324023,19:08,Saturday,Rain,Area_B,8.75,16.28,Area_B,6.67,Area_B
MP-2026-02148,P2148,26-35,Male,23.326844,77.350977,00:55,Wednesday,Clear,Area_G,15.04,36.12,Area_G,2.4,Area_G
MP-2026-02149,P2149,18-25,Female,23.317597,77.341374,19:56,Wednesday,Cloudy,Area_B,25.01,18.95,Area_C,1.72,Area_B
MP-2026-02150,P2150,18-25,Other,23.24384,77.333538,14:19,Friday,Clear,Area_D,5.09,24.99,Area_I,4.78,Area_H
MP-2026-02151,P2151,18-25,Female,23.189496,77.399923,11:47,Sunday,Cloudy,Area_H,8.14,40.95,Area_E,11.36,Area_D
MP-2026-02152,P2152,36-45,Female,23.269714,77.483884,09:44,Friday,Clear,Area_A,19.29,13.78,Area_B,1.12,Area_C
MP-2026-02153,P2153,36-45,Male,23.312546,77.399858,21:42,Monday,Rain,Area_F,9.12,25.38,Area_B,10.35,Area_F
MP-2026-02154,P2154,26-35,Female,23.227101,77.419128,18:15,Sunday,Rain,Area_B,5.04,4.34,Area_B,2.17,Area_B
MP-2026-02155,P2155,36-45,Female,23.308696,77.407127,12:32,Saturday,Rain,Area_B,4.98,14.76,Area_F,2.39,Area_B
MP-2026-02156,P2156,26-35,Female,23.187498,77.412698,08:09,Wednesday,Clear,Area_J,8.35,57.9,Area_I,1.71,Area_E
MP-2026-02157,P2157,36-45,Male,23.239739,77.402534,15:02,Thursday,Clear,Area_D,7.94,64.29,Area_D,6.52,Area_E
MP-2026-02158,P2158,36-45,Female,23.179366,77.413124,09:11,Tuesday,Rain,Area_A,6.78,51.14,Area_G,7.28,Area_G
MP-2026-02159,P2159,26-35,Female,23.247544,77.398703,14:50,Sunday,Clear,Area_D,7.97,8.16,Area_B,2.74,Area_A
MP-2026-02160,P2160,46-55,Other,23.184191,77.344593,08:53,Tuesday,Clear,Area_B,11.1,7.39,Area_F,2.79,Area_H
MP-2026-02161,P2161,26-35,Female,23.265996,77.401794,08:47,Saturday,Clear,Area_C,14.62,30.09,Area_G,5.08,Area_H
MP-2026-02162,P2162,26-35,Female,23.253289,77.418723,13:41,Friday,Cloudy,Area_A,6.83,79.76,Area_F,11.64,Area_I
MP-2026-02163,P2163,18-25,Female,23.244792,77.404764,21:49,Monday,Clear,Area_E,29.46,24.53,Area_F,3.24,Area_B
MP-2026-02164,P2164,26-35,Female,23.184274,77.467179,19:33,Friday,Clear,Area_F,8.29,13.8,Area_I,4.02,Area_F
MP-2026-02165,P2165,36-45,Female,23.307853,77.397502,16:25,Monday,Clear,Area_D,6.24,10.7,Area_A,7.77,Area_B
MP-2026-02166,P2166,26-35,Male,23.324514,77.484598,10:33,Wednesday,Clear,Area_C,16.94,60.59,Area_F,2.72,Area_C
MP-2026-02167,P2167,46-55,Female,23.176631,77.467944,20:24,Wednesday,Clear,Area_A,4.06,3.08,Area_B,1.44,Area_A
MP-2026-02168,P2168,36-45,Other,23.252314,77.491362,16:23,Friday,Rain,Area_B,14.36,15.71,Area_E,1.01,Area_B
MP-2026-02169,P2169,18-25,Female,23.313454,77.490973,09:05,Monday,Cloudy,Area_C,12.73,67.79,Area_B,3.26,Area_B
MP-2026-02170,P2170,26-35,Male,23.23812,77.477097,13:06,Saturday,Rain,Area_H,16.72,43.05,Area_E,3.05,Area_B
MP-2026-02171,P2171,18-25,Female,23.255398,77.346555,18:49,Wednesday,Clear,Area_A,10.78,7.0,Area_A,10.21,Area_B
MP-2026-02172,P2172,18-25,Other,23.173083,77.325955,19:52,Monday,Rain,Area_D,7.27,6.87,Area_D,4.86,Area_H
MP-2026-02173,P2173,26-35,Male,23.315809,77.34623,11:59,Wednesday,Clear,Area_A,21.75,58.1,Area_B,9.92,Area_C
MP-2026-02174,P2174,26-35,Male,23.177919,77.406878,08:10,Friday,Clear,Area_C,13.08,5.76,Area_I,2.26,Area_I
MP-2026-02175,P2175,36-45,Female,23.181081,77.354607,18:07,Friday,Cloudy,Area_E,4.97,14.26,Area_G,0.69,Area_H
MP-2026-02176,P2176,36-45,Female,23.17739,77.470859,03:14,Friday,Fog,Area_G,4.03,3.38,Area_I,0.63,Area_G
MP-2026-02177,P2177,18-25,Female,23.23963,77.468867,12:35,Saturday,Cloudy,Area_A,14.93,55.38,Area_H,4.43,Area_G
MP-2026-02178,P2178,26-35,Male,23.241389,77.354733,17:54,Monday,Cloudy,Area_C,5.69,2.29,Area_B,1.31,Area_C
MP-2026-02179,P2179,26-35,Female,23.313644,77.408647,14:04,Friday,Cloudy,Area_E,5.81,16.04,Area_B,1.39,Area_E
MP-2026-02180,P2180,18-25,Male,23.248955,77.347646,13:01,Sunday,Rain,Area_D,6.33,12.37,Area_G,7.34,Area_D
MP-2026-02181,P2181,26-35,Male,23.254645,77.417037,18:06,Wednesday,Clear,Area_A,25.43,20.84,Area_B,2.75,Area_A
MP-2026-02182,P2182,46-55,Female,23.250779,77.397383,10:11,Wednesday,Clear,Area_F,11.55,1.48,Area_C,1.64,Area_B
MP-2026-02183,P2183,36-45,Female,23.250654,77.471886,17:54,Thursday,Cloudy,Area_A,5.47,3.84,Area_I,4.36,Area_F
MP-2026-02184,P2184,18-25,Female,23.079995,77.627179,10:15,Monday,Rain,Area_E,8.58,24.51,Area_H,0.61,Area_G
MP-2026-02185,P2185,36-45,Female,23.320633,77.490203,18:15,Thursday,Clear,Area_I,6.96,20.53,Area_B,12.34,Area_B
MP-2026-02186,P2186,18-25,Other,23.181377,77.495768,02:30,Thursday,Cloudy,Area_H,5.2,59.98,Area_E,2.19,Area_H
MP-2026-02187,P2187,18-25,Other,23.238701,77.332667,14:38,Monday,Cloudy,Area_E,7.09,38.63,Area_E,1.21,Area_E
MP-2026-02188,P2188,36-45,Male,23.185047,77.343593,18:08,Monday,Cloudy,Area_E,6.04,74.99,Area_H,3.62,Area_H
MP-2026-02189,P2189,36-45,Other,23.242836,77.473118,10:45,Wednesday,Clear,Area_B,16.61,34.21,Area_F,10.06,Area_D
MP-2026-02190,P2190,36-45,Male,23.269339,77.340656,11:17,Friday,Cloudy,Area_G,13.62,54.07,Area_F,11.3,Area_H
MP-2026-02191,P2191,36-45,Female,23.071899,77.606929,11:20,Wednesday,Rain,Area_A,10.16,12.45,Area_H,5.85,Area_A
MP-2026-02192,P2192,26-35,Female,23.288602,77.472581,19:02,Wednesday,Rain,Area_G,4.14,51.7,Area_I,3.89,Area_F
MP-2026-02193,P2193,18-25,Male,23.257041,77.344127,19:04,Sunday,Rain,Area_A,12.55,14.4,Area_A,5.94,Area_D
MP-2026-02194,P2194,26-35,Male,23.324947,77.429176,07:01,Friday,Clear,Area_E,15.82,43.66,Area_C,2.51,Area_E
MP-2026-02195,P2195,46-55,Male,23.326222,77.427712,07:25,Monday,Clear,Area_A,14.27,67.94,Area_D,7.1,Area_C
MP-2026-02196,P2196,18-25,Female,23.259669,77.336047,17:13,Friday,Clear,Area_B,10.82,9.66,Area_D,1.99,Area_B
MP-2026-02197,P2197,46-55,Male,23.176423,77.48085,18:31,Sunday,Cloudy,Area_B,8.33,10.41,Area_D,2.03,Area_H
MP-2026-02198,P2198,46-55,Male,23.270922,77.348181,14:16,Sunday,Cloudy,Area_H,11.46,70.51,Area_G,17.83,Area_H
MP-2026-02199,P2199,46-55,Female,23.322175,77.488523,00:44,Saturday,Clear,Area_F,15.3,60.01,Area_I,12.47,Area_F
MP-2026-02200,P2200,26-35,Male,23.309657,77.413172,15:56,Wednesday,Rain,Area_B,15.74,8.12,Area_E,2.45,Area_H
MP-2026-02201,P2201,26-35,Female,23.257852,77.471645,10:52,Saturday,Cloudy,Area_G,6.96,7.7,Area_D,4.95,Area_E
MP-2026-02202,P2202,46-55,Male,23.248559,77.48158,09:59,Monday,Rain,Area_G,11.6,10.32,Area_I,9.8,Area_E
MP-2026-02203,P2203,36-45,Female,23.32354,77.48055,15:51,Wednesday,Rain,Area_B,5.97,7.72,Area_A,7.84,Area_B
MP-2026-02204,P2204,36-45,Male,23.172227,77.494017,22:55,Tuesday,Cloudy,Area_E,10.57,58.62,Area_E,1.5,Area_H
MP-2026-02205,P2205,46-55,Female,23.199475,77.418831,18:58,Saturday,Cloudy,Area_H,12.18,37.85,Area_B,4.77,Area_G
MP-2026-02206,P2206,46-55,Female,23.24574,77.417007,07:47,Saturday,Clear,Area_D,2.77,4.02,Area_H,9.07,Area_G
MP-2026-02207,P2207,36-45,Female,23.188368,77.486015,12:32,Wednesday,Cloudy,Area_D,11.73,2.67,Area_E,0.44,Area_H
MP-2026-02208,P2208,46-55,Male,23.311693,77.485052,21:42,Monday,Clear,Area_D,9.35,2.14,Area_H,1.66,Area_F
MP-2026-02209,P2209,36-45,Male,23.264204,77.346079,12:21,Thursday,Clear,Area_B,22.25,16.07,Area_G,1.71,Area_D
MP-2026-02210,P2210,56+,Male,23.23819,77.473871,12:10,Wednesday,Rain,Area_F,5.79,24.64,Area_E,5.32,Area_C
MP-2026-02211,P2211,18-25,Female,23.172974,77.414102,17:22,Thursday,Clear,Area_G,6.31,7.39,Area_G,14.89,Area_E
MP-2026-02212,P2212,26-35,Female,23.245973,77.413235,06:24,Thursday,Rain,Area_B,16.43,49.06,Area_E,2.39,Area_A
MP-2026-02213,P2213,26-35,Female,23.322054,77.481136,07:37,Monday,Clear,Area_A,9.47,10.82,Area_D,2.54,Area_E
MP-2026-02214,P2214,18-25,Female,23.333057,77.47602,10:27,Monday,Clear,Area_B,9.12,10.96,Area_B,3.74,Area_E
MP-2026-02215,P2215,36-45,Male,23.228796,77.400113,09:08,Wednesday,Clear,Area_B,10.55,76.72,Area_A,8.24,Area_B
MP-2026-02216,P2216,26-35,Male,23.253136,77.48952,09:59,Thursday,Cloudy,Area_A,8.52,74.85,Area_H,0.81,Area_I
MP-2026-02217,P2217,46-55,Female,23.187595,77.342249,18:55,Sunday,Clear,Area_C,9.88,35.25,Area_E,1.23,Area_H
MP-2026-02218,P2218,26-35,Female,23.320338,77.47254,18:13,Thursday,Cloudy,Area_G,11.33,20.19,Area_G,0.25,Area_H
MP-2026-02219,P2219,36-45,Female,23.233824,77.476341,18:58,Wednesday,Rain,Area_A,3.57,4.38,Area_B,0.33,Area_E
MP-2026-02220,P2220,46-55,Female,23.173497,77.473742,06:49,Wednesday,Clear,Area_J,14.46,16.18,Area_F,1.04,Area_F
MP-2026-02221,P2221,26-35,Male,23.260248,77.481513,09:41,Thursday,Clear,Area_B,4.86,13.98,Area_C,3.71,Area_C
MP-2026-02222,P2222,18-25,Female,23.318689,77.409956,07:55,Sunday,Clear,Area_D,14.44,44.8,Area_A,4.3,Area_B
MP-2026-02223,P2223,18-25,Female,23.312141,77.481086,17:37,Tuesday,Clear,Area_D,9.56,8.07,Area_H,11.59,Area_G
MP-2026-02224,P2224,18-25,Other,23.323745,77.424523,19:55,Monday,Clear,Area_D,20.8,54.64,Area_A,1.99,Area_D
MP-2026-02225,P2225,36-45,Female,23.253431,77.470407,08:13,Monday,Cloudy,Area_F,7.17,14.34,Area_F,0.24,Area_F
MP-2026-02226,P2226,36-45,Male,23.269856,77.502176,19:06,Monday,Clear,Area_C,9.29,30.61,Area_B,0.18,Area_C
MP-2026-02227,P2227,18-25,Female,23.255712,77.409427,19:28,Friday,Clear,Area_B,5.81,20.08,Area_A,0.89,Area_B
MP-2026-02228,P2228,56+,Male,23.254503,77.421861,01:31,Thursday,Clear,Area_A,3.21,5.84,Area_G,4.68,Area_A
MP-2026-02229,P2229,36-45,Male,23.239287,77.429523,14:03,Thursday,Clear,Area_B,6.66,13.83,Area_B,1.58,Area_B
MP-2026-02230,P2230,18-25,Female,23.327505,77.417163,09:12,Monday,Cloudy,Area_A,9.51,13.34,Area_A,2.24,Area_A
MP-2026-02231,P2231,18-25,Male,23.257086,77.311222,15:07,Friday,Cloudy,Area_A,9.97,75.04,Area_F,0.58,Area_B
MP-2026-02232,P2232,26-35,Female,23.248644,77.416488,13:36,Monday,Rain,Area_B,13.42,30.83,Area_B,2.55,Area_B
MP-2026-02233,P2233,36-45,Other,23.302823,77.479085,02:48,Sunday,Clear,Area_A,13.03,12.73,Area_B,5.93,Area_E
MP-2026-02234,P2234,26-35,Female,23.169658,77.404953,13:42,Sunday,Clear,Area_D,8.66,6.12,Area_G,0.68,Area_H
MP-2026-02235,P2235,26-35,Female,23.327021,77.469183,08:29,Friday,Cloudy,Area_A,11.54,20.78,Area_A,0.52,Area_A
MP-2026-02236,P2236,36-45,Male,23.255649,77.477216,07:06,Friday,Cloudy,Area_F,10.31,50.28,Area_E,3.3,Area_I
MP-2026-02237,P2237,26-35,Female,23.318837,77.501573,10:42,Wednesday,Clear,Area_D,29.0,38.04,Area_A,12.8,Area_D
MP-2026-02238,P2238,56+,Male,23.188635,77.404231,16:19,Monday,Clear,Area_A,3.53,3.23,Area_B,12.45,Area_E
MP-2026-02239,P2239,18-25,Male,23.31567,77.406815,00:08,Sunday,Clear,Area_C,9.75,29.73,Area_C,14.55,Area_F
MP-2026-02240,P2240,26-35,Female,23.246564,77.48979,08:42,Tuesday,Clear,Area_C,15.37,60.99,Area_B,7.12,Area_C
MP-2026-02241,P2241,18-25,Female,23.252675,77.400447,11:12,Sunday,Clear,Area_E,6.73,75.04,Area_B,13.57,Area_E
MP-2026-02242,P2242,36-45,Male,23.228418,77.414045,14:10,Sunday,Clear,Area_H,9.72,5.11,Area_I,3.69,Area_H
MP-2026-02243,P2243,36-45,Female,23.178594,77.465184,09:41,Thursday,Clear,Area_A,11.32,66.71,Area_I,0.69,Area_H
MP-2026-02244,P2244,26-35,Male,23.257684,77.399669,07:37,Thursday,Clear,Area_D,14.25,75.38,Area_I,10.13,Area_H
MP-2026-02245,P2245,36-45,Female,23.174531,77.460284,18:31,Wednesday,Rain,Area_B,3.65,6.18,Area_C,1.21,Area_B
MP-2026-02246,P2246,18-25,Male,23.176394,77.477295,10:57,Friday,Clear,Area_E,16.64,33.04,Area_G,15.01,Area_H
MP-2026-02247,P2247,36-45,Male,23.250381,77.348029,09:09,Tuesday,Clear,Area_A,7.4,22.76,Area_D,5.12,Area_E
MP-2026-02248,P2248,36-45,Male,23.242014,77.408781,08:35,Friday,Rain,Area_A,13.79,48.08,Area_B,1.26,Area_A
MP-2026-02249,P2249,56+,Male,23.173807,77.491948,20:57,Wednesday,Fog,Area_D,8.95,51.2,Area_H,1.42,Area_D
MP-2026-02250,P2250,26-35,Female,23.156051,77.479406,00:18,Saturday,Clear,Area_G,11.75,17.74,Area_F,0.75,Area_F
MP-2026-02251,P2251,36-45,Female,23.231895,77.338447,09:42,Saturday,Cloudy,Area_A,12.51,51.26,Area_D,1.02,Area_A
MP-2026-02252,P2252,46-55,Female,23.25666,77.426194,18:44,Wednesday,Fog,Area_B,9.27,7.04,Area_E,1.23,Area_A
MP-2026-02253,P2253,26-35,Other,23.17094,77.483682,10:47,Thursday,Cloudy,Area_A,10.18,79.63,Area_H,3.47,Area_D
MP-2026-02254,P2254,26-35,Female,23.322025,77.406177,16:56,Thursday,Fog,Area_F,11.36,17.21,Area_C,1.54,Area_E
MP-2026-02255,P2255,26-35,Male,23.250689,77.479749,17:18,Thursday,Fog,Area_B,17.08,68.7,Area_F,1.58,Area_B
MP-2026-02256,P2256,18-25,Female,23.239842,77.472411,17:49,Wednesday,Rain,Area_B,20.78,28.09,Area_E,5.72,Area_H
MP-2026-02257,P2257,26-35,Male,23.236218,77.359928,10:02,Monday,Clear,Area_H,7.6,7.03,Area_D,7.71,Area_G
MP-2026-02258,P2258,56+,Male,23.316939,77.478908,17:25,Monday,Cloudy,Area_A,8.72,20.32,Area_E,3.56,Area_C
MP-2026-02259,P2259,56+,Male,23.309831,77.407376,02:23,Thursday,Clear,Area_C,23.1,21.18,Area_E,1.2,Area_C
MP-2026-02260,P2260,46-55,Female,23.33891,77.413338,17:01,Wednesday,Clear,Area_B,8.75,13.44,Area_A,5.43,Area_B
MP-2026-02261,P2261,18-25,Male,23.314879,77.471288,08:24,Friday,Rain,Area_E,10.46,27.13,Area_E,0.9,Area_I
MP-2026-02262,P2262,18-25,Female,23.256908,77.413467,06:53,Thursday,Rain,Area_C,21.23,17.17,Area_A,1.12,Area_A
MP-2026-02263,P2263,36-45,Female,23.265557,77.416363,06:35,Wednesday,Rain,Area_H,6.95,1.65,Area_D,0.63,Area_G
MP-2026-02264,P2264,36-45,Male,23.17993,77.344221,13:14,Thursday,Cloudy,Area_I,9.03,52.01,Area_F,3.24,Area_E
MP-2026-02265,P2265,26-35,Female,23.251786,77.481206,14:31,Friday,Clear,Area_E,11.12,53.38,Area_C,0.98,Area_E
MP-2026-02266,P2266,18-25,Male,23.248823,77.468198,13:29,Monday,Cloudy,Area_E,30.0,46.42,Area_C,1.6,Area_E
MP-2026-02267,P2267,36-45,Male,23.305018,77.350899,16:26,Monday,Cloudy,Area_C,6.88,50.29,Area_C,1.93,Area_F
MP-2026-02268,P2268,18-25,Male,23.259103,77.42316,22:47,Friday,Cloudy,Area_B,19.48,63.93,Area_F,1.62,Area_B
MP-2026-02269,P2269,36-45,Male,23.093378,77.617429,05:56,Sunday,Clear,Area_G,6.63,7.15,Area_H,2.58,Area_I
MP-2026-02270,P2270,46-55,Male,23.175126,77.406155,19:34,Wednesday,Clear,Area_A,22.94,22.85,Area_D,5.46,Area_H
MP-2026-02271,P2271,46-55,Female,23.226085,77.33889,10:59,Monday,Cloudy,Area_G,16.85,32.53,Area_G,4.88,Area_G
MP-2026-02272,P2272,56+,Male,23.183993,77.415304,07:04,Monday,Clear,Area_J,11.39,19.12,Area_J,5.86,Area_J
MP-2026-02273,P2273,26-35,Female,23.327885,77.489525,08:08,Monday,Cloudy,Area_E,13.01,44.08,Area_B,4.98,Area_E
MP-2026-02274,P2274,36-45,Male,23.236023,77.485473,09:18,Thursday,Clear,Area_D,9.92,2.04,Area_D,16.28,Area_G
MP-2026-02275,P2275,26-35,Male,23.3251,77.418158,07:39,Tuesday,Clear,Area_B,15.29,19.82,Area_A,16.34,Area_E
MP-2026-02276,P2276,26-35,Female,23.254635,77.474726,18:36,Wednesday,Clear,Area_C,3.77,2.84,Area_F,0.1,Area_C
MP-2026-02277,P2277,18-25,Male,23.327794,77.320006,16:57,Sunday,Clear,Area_D,24.57,8.72,Area_A,4.57,Area_D
MP-2026-02278,P2278,46-55,Female,23.330237,77.334011,08:34,Wednesday,Fog,Area_G,13.81,6.69,Area_D,3.59,Area_A
MP-2026-02279,P2279,18-25,Male,23.327994,77.326816,21:34,Sunday,Rain,Area_A,14.65,70.84,Area_A,1.99,Area_F
MP-2026-02280,P2280,36-45,Male,23.176602,77.342861,18:37,Sunday,Clear,Area_C,18.93,49.07,Area_D,0.2,Area_H
MP-2026-02281,P2281,18-25,Female,23.186198,77.413499,15:02,Tuesday,Clear,Area_A,20.85,5.84,Area_G,0.45,Area_G
MP-2026-02282,P2282,18-25,Male,23.080364,77.61111,18:04,Monday,Cloudy,Area_B,25.18,27.49,Area_F,18.86,Area_I
MP-2026-02283,P2283,36-45,Male,23.323236,77.362224,16:40,Sunday,Clear,Area_E,15.06,68.47,Area_I,1.9,Area_E
MP-2026-02284,P2284,26-35,Male,23.188519,77.395432,18:18,Wednesday,Clear,Area_E,11.99,42.78,Area_D,10.89,Area_G
MP-2026-02285,P2285,46-55,Female,23.229993,77.406279,12:54,Friday,Clear,Area_H,7.71,10.36,Area_A,7.21,Area_D
MP-2026-02286,P2286,18-25,Male,23.315113,77.342902,06:17,Monday,Clear,Area_G,21.11,73.94,Area_D,5.69,Area_G
MP-2026-02287,P2287,26-35,Male,23.243566,77.466705,13:15,Tuesday,Rain,Area_A,10.31,7.34,Area_B,3.25,Area_F
MP-2026-02288,P2288,56+,Male,23.180817,77.484429,10:08,Thursday,Cloudy,Area_A,6.25,51.14,Area_A,0.2,Area_F
MP-2026-02289,P2289,18-25,Female,23.271003,77.351498,00:22,Thursday,Cloudy,Area_E,7.54,79.08,Area_D,0.18,Area_E
MP-2026-02290,P2290,36-45,Other,23.175388,77.476149,04:27,Monday,Cloudy,Area_D,19.93,64.01,Area_H,8.56,Area_I
MP-2026-02291,P2291,26-35,Female,23.247641,77.474931,06:08,Tuesday,Clear,Area_A,5.87,4.03,Area_B,0.93,Area_E
MP-2026-02292,P2292,26-35,Male,23.178035,77.395094,08:43,Saturday,Clear,Area_D,6.14,5.82,Area_D,3.09,Area_G
MP-2026-02293,P2293,56+,Female,23.170996,77.342455,12:06,Tuesday,Clear,Area_C,11.73,21.07,Area_D,7.16,Area_D
MP-2026-02294,P2294,26-35,Male,23.162653,77.492602,08:41,Tuesday,Clear,Area_E,9.18,39.78,Area_F,1.83,Area_E
MP-2026-02295,P2295,26-35,Male,23.166349,77.343316,07:43,Tuesday,Clear,Area_C,8.19,40.69,Area_B,8.28,Area_E
MP-2026-02296,P2296,18-25,Male,23.316105,77.487269,09:33,Thursday,Clear,Area_B,21.23,31.32,Area_E,9.04,Area_I
MP-2026-02297,P2297,46-55,Female,23.248158,77.415804,14:40,Thursday,Clear,Area_B,14.44,53.32,Area_F,0.54,Area_D
MP-2026-02298,P2298,36-45,Male,23.181053,77.488413,14:57,Wednesday,Clear,Area_A,6.57,2.16,Area_H,2.55,Area_C
MP-2026-02299,P2299,18-25,Male,23.173624,77.482591,12:02,Saturday,Rain,Area_C,5.72,79.61,Area_B,3.72,Area_F
MP-2026-02300,P2300,26-35,Male,23.324693,77.334877,19:45,Friday,Clear,Area_C,5.75,11.83,Area_F,3.01,Area_E
MP-2026-02301,P2301,36-45,Male,23.251897,77.480374,16:07,Thursday,Clear,Area_D,4.96,37.06,Area_B,13.34,Area_D
MP-2026-02302,P2302,36-45,Male,23.253655,77.417435,22:56,Tuesday,Cloudy,Area_C,13.3,24.1,Area_I,4.25,Area_H
MP-2026-02303,P2303,46-55,Male,23.237627,77.334551,12:27,Thursday,Rain,Area_B,9.42,6.17,Area_A,1.72,Area_D
MP-2026-02304,P2304,36-45,Female,23.323238,77.403212,10:17,Thursday,Clear,Area_B,8.67,36.82,Area_D,1.52,Area_E
MP-2026-02305,P2305,36-45,Other,23.254079,77.481741,10:06,Sunday,Cloudy,Area_H,9.35,36.77,Area_G,3.91,Area_H
MP-2026-02306,P2306,26-35,Female,23.314557,77.467742,08:58,Monday,Clear,Area_E,6.44,14.23,Area_D,3.12,Area_E
MP-2026-02307,P2307,46-55,Male,23.324809,77.342666,15:07,Wednesday,Clear,Area_A,11.32,13.74,Area_E,0.19,Area_D
MP-2026-02308,P2308,46-55,Male,23.25072,77.474147,13:19,Sunday,Clear,Area_F,8.61,17.07,Area_E,0.29,Area_F
MP-2026-02309,P2309,36-45,Male,23.309899,77.337127,08:00,Friday,Clear,Area_B,11.01,17.55,Area_D,0.44,Area_B
MP-2026-02310,P2310,26-35,Male,23.18324,77.402253,10:49,Tuesday,Clear,Area_F,5.75,75.77,Area_G,7.09,Area_E
MP-2026-02311,P2311,46-55,Male,23.183574,77.47534,18:28,Sunday,Clear,Area_F,6.83,21.05,Area_E,1.63,Area_F
MP-2026-02312,P2312,36-45,Female,23.260992,77.472896,22:47,Tuesday,Clear,Area_A,25.94,65.26,Area_E,4.3,Area_B
MP-2026-02313,P2313,18-25,Male,23.177829,77.347417,01:35,Monday,Rain,Area_E,6.49,8.32,Area_B,5.14,Area_D
MP-2026-02314,P2314,26-35,Female,23.251737,77.475681,13:06,Thursday,Cloudy,Area_E,18.7,37.45,Area_I,5.09,Area_H
MP-2026-02315,P2315,36-45,Female,23.247938,77.342127,17:50,Thursday,Cloudy,Area_D,7.45,20.93,Area_G,10.21,Area_D
MP-2026-02316,P2316,26-35,Male,23.315988,77.490779,16:56,Tuesday,Cloudy,Area_J,7.52,15.01,Area_F,1.67,Area_E
MP-2026-02317,P2317,26-35,Other,23.265174,77.406257,19:22,Friday,Rain,Area_C,9.62,24.96,Area_E,7.63,Area_H
MP-2026-02318,P2318,56+,Other,23.318531,77.334155,19:55,Saturday,Cloudy,Area_A,19.17,25.94,Area_D,2.21,Area_H
MP-2026-02319,P2319,26-35,Male,23.247597,77.395241,15:25,Thursday,Clear,Area_H,9.42,10.51,Area_G,0.3,Area_E
MP-2026-02320,P2320,36-45,Male,23.317099,77.425054,11:44,Tuesday,Clear,Area_C,7.6,16.1,Area_B,5.92,Area_A
MP-2026-02321,P2321,18-25,Female,23.074502,77.612763,16:41,Saturday,Clear,Area_I,6.53,5.9,Area_J,4.88,Area_J
MP-2026-02322,P2322,26-35,Female,23.164254,77.475831,19:55,Monday,Cloudy,Area_B,11.4,38.08,Area_I,8.6,Area_D
MP-2026-02323,P2323,56+,Male,23.187495,77.399529,21:03,Friday,Cloudy,Area_E,2.21,21.44,Area_F,6.01,Area_E
MP-2026-02324,P2324,36-45,Male,23.329457,77.326735,19:40,Tuesday,Clear,Area_A,11.98,8.14,Area_A,7.15,Area_A
MP-2026-02325,P2325,36-45,Female,23.297747,77.400353,16:02,Saturday,Fog,Area_C,10.71,75.01,Area_F,1.56,Area_B
MP-2026-02326,P2326,26-35,Male,23.178895,77.48279,10:47,Saturday,Clear,Area_A,7.71,17.13,Area_B,6.68,Area_F
MP-2026-02327,P2327,36-45,Female,23.176859,77.335795,14:23,Sunday,Rain,Area_H,5.54,44.53,Area_A,8.99,Area_H
MP-2026-02328,P2328,46-55,Male,23.24676,77.477286,13:50,Thursday,Cloudy,Area_B,15.23,57.8,Area_A,0.8,Area_B
MP-2026-02329,P2329,46-55,Female,23.260282,77.480851,09:00,Wednesday,Clear,Area_F,3.35,3.77,Area_H,1.96,Area_F
MP-2026-02330,P2330,26-35,Female,23.32451,77.414924,01:09,Wednesday,Fog,Area_B,7.05,12.17,Area_B,18.29,Area_A
MP-2026-02331,P2331,36-45,Female,23.315316,77.417101,13:24,Thursday,Clear,Area_G,14.0,73.91,Area_D,1.08,Area_A
MP-2026-02332,P2332,46-55,Male,23.181644,77.498045,17:06,Tuesday,Cloudy,Area_G,5.81,16.96,Area_I,3.11,Area_H
MP-2026-02333,P2333,56+,Male,23.309999,77.325413,13:21,Friday,Clear,Area_C,3.54,5.65,Area_A,4.0,Area_A
MP-2026-02334,P2334,26-35,Male,23.253606,77.42783,14:49,Tuesday,Clear,Area_H,11.21,9.27,Area_E,7.57,Area_B
MP-2026-02335,P2335,18-25,Female,23.256077,77.409857,14:55,Saturday,Clear,Area_G,3.67,24.18,Area_G,8.04,Area_D
MP-2026-02336,P2336,36-45,Male,23.06641,77.623745,15:55,Saturday,Clear,Area_C,7.31,70.11,Area_J,5.15,Area_J
MP-2026-02337,P2337,56+,Male,23.246717,77.413749,18:49,Tuesday,Clear,Area_A,6.36,14.82,Area_C,10.78,Area_I
MP-2026-02338,P2338,26-35,Female,23.166874,77.430923,08:16,Friday,Rain,Area_G,7.81,52.14,Area_G,5.92,Area_G
MP-2026-02339,P2339,36-45,Male,23.320034,77.406463,06:02,Tuesday,Fog,Area_D,17.08,31.44,Area_D,0.6,Area_A
MP-2026-02340,P2340,26-35,Female,23.324028,77.476322,07:04,Friday,Clear,Area_D,9.84,59.51,Area_F,4.9,Area_C
MP-2026-02341,P2341,26-35,Male,23.25356,77.343415,18:49,Monday,Fog,Area_A,6.52,6.18,Area_B,1.14,Area_A
MP-2026-02342,P2342,46-55,Male,23.179069,77.400834,20:53,Sunday,Cloudy,Area_H,6.18,10.29,Area_H,0.44,Area_H
MP-2026-02343,P2343,18-25,Female,23.244943,77.423887,05:48,Monday,Clear,Area_C,13.14,43.59,Area_C,0.1,Area_F
MP-2026-02344,P2344,26-35,Male,23.318955,77.326133,17:23,Thursday,Cloudy,Area_G,30.0,2.62,Area_H,1.11,Area_C
MP-2026-02345,P2345,46-55,Male,23.177108,77.351713,12:23,Tuesday,Cloudy,Area_A,10.04,1.62,Area_D,4.16,Area_A
MP-2026-02346,P2346,26-35,Female,23.241934,77.481849,18:45,Sunday,Clear,Area_A,6.34,28.0,Area_F,1.58,Area_C
MP-2026-02347,P2347,26-35,Female,23.177939,77.33775,09:15,Thursday,Clear,Area_F,6.23,14.98,Area_D,7.09,Area_G
MP-2026-02348,P2348,36-45,Female,23.23377,77.335479,04:58,Friday,Cloudy,Area_I,11.1,14.75,Area_G,2.34,Area_H
MP-2026-02349,P2349,36-45,Female,23.252083,77.340241,09:43,Wednesday,Clear,Area_E,10.65,8.81,Area_D,6.22,Area_G
MP-2026-02350,P2350,36-45,Female,23.252712,77.410512,15:45,Thursday,Clear,Area_A,16.34,40.8,Area_B,4.32,Area_I
MP-2026-02351,P2351,46-55,Female,23.319911,77.340429,09:51,Sunday,Fog,Area_J,7.94,26.71,Area_I,3.99,Area_B
MP-2026-02352,P2352,26-35,Other,23.179861,77.409142,20:33,Sunday,Clear,Area_D,11.06,3.49,Area_D,10.63,Area_F
MP-2026-02353,P2353,26-35,Female,23.319118,77.341454,14:07,Tuesday,Fog,Area_A,13.67,13.35,Area_D,2.06,Area_A
MP-2026-02354,P2354,26-35,Female,23.322078,77.337031,21:14,Sunday,Cloudy,Area_F,1.42,6.95,Area_A,0.1,Area_A
MP-2026-02355,P2355,56+,Female,23.254333,77.408526,10:03,Sunday,Clear,Area_G,11.36,69.33,Area_D,0.97,Area_E
MP-2026-02356,P2356,46-55,Female,23.184846,77.344299,19:15,Saturday,Cloudy,Area_I,6.53,20.49,Area_I,5.58,Area_H
MP-2026-02357,P2357,18-25,Male,23.304243,77.482884,05:39,Wednesday,Clear,Area_A,15.68,6.93,Area_F,12.95,Area_E
MP-2026-02358,P2358,36-45,Female,23.181074,77.407067,06:02,Wednesday,Rain,Area_G,15.06,18.73,Area_E,1.23,Area_G
MP-2026-02359,P2359,36-45,Male,23.200934,77.346325,11:30,Saturday,Clear,Area_E,6.75,10.46,Area_H,1.66,Area_E
MP-2026-02360,P2360,26-35,Female,23.330337,77.490582,19:01,Monday,Clear,Area_B,7.17,16.03,Area_D,7.6,Area_D
MP-2026-02361,P2361,36-45,Male,23.175907,77.324659,17:15,Friday,Rain,Area_H,8.06,48.8,Area_E,1.25,Area_H
MP-2026-02362,P2362,46-55,Female,23.164556,77.41735,07:34,Wednesday,Cloudy,Area_E,7.13,2.32,Area_J,5.36,Area_F
MP-2026-02363,P2363,36-45,Female,23.245922,77.415024,08:13,Sunday,Clear,Area_B,11.28,51.67,Area_G,0.16,Area_I
MP-2026-02364,P2364,26-35,Female,23.248118,77.411193,12:33,Thursday,Clear,Area_I,6.44,38.5,Area_G,1.35,Area_D
MP-2026-02365,P2365,36-45,Male,23.17926,77.465646,18:17,Monday,Clear,Area_A,9.19,53.51,Area_H,2.83,Area_F
MP-2026-02366,P2366,18-25,Female,23.243107,77.408859,13:13,Sunday,Clear,Area_F,12.53,11.71,Area_F,11.42,Area_E
MP-2026-02367,P2367,26-35,Female,23.326192,77.342055,09:45,Tuesday,Cloudy,Area_A,23.12,58.61,Area_A,0.99,Area_A
MP-2026-02368,P2368,18-25,Male,23.245608,77.331081,21:58,Wednesday,Cloudy,Area_C,7.97,22.42,Area_B,0.26,Area_C
MP-2026-02369,P2369,26-35,Male,23.313104,77.325609,08:00,Thursday,Rain,Area_C,16.75,16.76,Area_B,2.59,Area_C
MP-2026-02370,P2370,36-45,Female,23.33567,77.353678,23:11,Thursday,Clear,Area_F,7.37,9.88,Area_D,2.49,Area_H
MP-2026-02371,P2371,46-55,Female,23.175504,77.414386,19:40,Saturday,Clear,Area_E,6.33,21.09,Area_F,5.39,Area_I
MP-2026-02372,P2372,26-35,Male,23.316883,77.402367,13:25,Saturday,Cloudy,Area_C,15.29,21.62,Area_C,2.03,Area_B
MP-2026-02373,P2373,36-45,Female,23.178504,77.478443,06:59,Monday,Clear,Area_H,16.54,45.58,Area_H,0.5,Area_H
MP-2026-02374,P2374,26-35,Male,23.312972,77.327823,21:34,Friday,Rain,Area_G,28.4,15.46,Area_A,3.49,Area_D
MP-2026-02375,P2375,26-35,Male,23.24897,77.34499,09:57,Monday,Cloudy,Area_G,6.5,31.58,Area_I,1.97,Area_B
MP-2026-02376,P2376,36-45,Female,23.171841,77.410699,19:44,Monday,Clear,Area_A,11.28,70.23,Area_F,7.06,Area_F
MP-2026-02377,P2377,36-45,Male,23.244188,77.488176,18:26,Thursday,Clear,Area_D,8.09,2.43,Area_H,9.72,Area_F
MP-2026-02378,P2378,18-25,Other,23.171474,77.340041,17:04,Tuesday,Clear,Area_G,8.25,2.47,Area_G,0.65,Area_D
MP-2026-02379,P2379,36-45,Female,23.248934,77.413945,18:49,Saturday,Cloudy,Area_B,8.43,17.08,Area_D,0.66,Area_B
MP-2026-02380,P2380,18-25,Male,23.262017,77.35525,21:05,Monday,Clear,Area_B,9.25,13.46,Area_C,2.6,Area_D
MP-2026-02381,P2381,26-35,Other,23.184472,77.402298,14:31,Thursday,Rain,Area_J,11.9,19.65,Area_I,4.78,Area_D
MP-2026-02382,P2382,26-35,Male,23.17361,77.416075,20:06,Saturday,Clear,Area_A,17.15,24.49,Area_F,1.35,Area_H
MP-2026-02383,P2383,36-45,Male,23.318268,77.345158,09:03,Thursday,Clear,Area_B,10.37,8.46,Area_A,3.8,Area_E
MP-2026-02384,P2384,26-35,Female,23.261576,77.463,18:05,Saturday,Cloudy,Area_H,5.42,67.11,Area_E,13.35,Area_F
MP-2026-02385,P2385,36-45,Male,23.177436,77.485223,22:44,Saturday,Clear,Area_A,8.13,22.0,Area_E,1.34,Area_F
MP-2026-02386,P2386,18-25,Female,23.173992,77.48308,17:28,Saturday,Cloudy,Area_A,11.71,57.92,Area_H,0.1,Area_F
MP-2026-02387,P2387,36-45,Female,23.183527,77.406812,07:00,Saturday,Clear,Area_B,10.8,2.41,Area_D,5.74,Area_G
MP-2026-02388,P2388,18-25,Male,23.243644,77.480586,19:13,Tuesday,Cloudy,Area_A,6.35,22.0,Area_D,0.14,Area_A
MP-2026-02389,P2389,36-45,Female,23.066474,77.625784,08:57,Monday,Clear,Area_E,15.15,77.33,Area_G,5.06,Area_H
MP-2026-02390,P2390,36-45,Female,23.322024,77.344584,18:15,Friday,Clear,Area_A,7.69,16.79,Area_B,8.34,Area_B
MP-2026-02391,P2391,36-45,Female,23.173355,77.404556,03:27,Monday,Cloudy,Area_A,8.99,18.31,Area_I,5.85,Area_G
MP-2026-02392,P2392,26-35,Female,23.326395,77.410128,16:17,Wednesday,Clear,Area_C,17.44,26.34,Area_G,7.5,Area_B
MP-2026-02393,P2393,26-35,Female,23.167947,77.488301,17:35,Wednesday,Clear,Area_G,5.04,6.44,Area_F,3.86,Area_E
MP-2026-02394,P2394,36-45,Female,23.252956,77.340865,00:07,Tuesday,Clear,Area_H,6.32,18.4,Area_H,5.72,Area_H
MP-2026-02395,P2395,26-35,Male,23.320814,77.479321,18:27,Tuesday,Clear,Area_B,15.05,58.84,Area_F,2.04,Area_B
MP-2026-02396,P2396,26-35,Female,23.254925,77.396828,15:03,Wednesday,Clear,Area_E,7.6,20.53,Area_E,23.91,Area_E
MP-2026-02397,P2397,36-45,Male,23.246327,77.487928,22:02,Sunday,Clear,Area_B,12.68,5.53,Area_I,12.27,Area_H
MP-2026-02398,P2398,26-35,Female,23.196081,77.33516,06:38,Sunday,Fog,Area_H,25.61,37.42,Area_H,3.13,Area_E
MP-2026-02399,P2399,36-45,Other,23.325821,77.405116,19:35,Saturday,Clear,Area_A,13.71,61.23,Area_D,2.89,Area_B
MP-2026-02400,P2400,36-45,Female,23.18591,77.40346,08:01,Saturday,Cloudy,Area_B,6.62,58.2,Area_A,5.27,Area_E
MP-2026-02401,P2401,36-45,Male,23.312684,77.395852,07:18,Monday,Cloudy,Area_A,10.66,1.19,Area_B,5.04,Area_A
MP-2026-02402,P2402,56+,Male,23.320399,77.406802,17:16,Saturday,Clear,Area_F,3.54,4.4,Area_F,10.71,Area_F
MP-2026-02403,P2403,26-35,Male,23.264398,77.480333,01:08,Tuesday,Cloudy,Area_E,21.57,8.57,Area_B,0.96,Area_H
MP-2026-02404,P2404,26-35,Male,23.331332,77.47531,09:38,Wednesday,Clear,Area_B,5.72,69.3,Area_B,6.45,Area_E
MP-2026-02405,P2405,36-45,Male,23.072221,77.61904,17:58,Wednesday,Fog,Area_D,7.24,15.51,Area_I,10.88,Area_D
MP-2026-02406,P2406,26-35,Male,23.253493,77.473986,04:49,Thursday,Cloudy,Area_B,14.4,35.66,Area_C,0.79,Area_F
MP-2026-02407,P2407,26-35,Female,23.243872,77.480448,10:11,Wednesday,Cloudy,Area_H,12.46,48.21,Area_H,1.34,Area_D
MP-2026-02408,P2408,26-35,Female,23.253523,77.34845,06:52,Saturday,Fog,Area_C,5.55,63.99,Area_E,0.1,Area_E
MP-2026-02409,P2409,46-55,Other,23.249009,77.341712,08:47,Sunday,Fog,Area_A,8.76,12.66,Area_E,8.77,Area_A
MP-2026-02410,P2410,36-45,Female,23.161845,77.480815,08:11,Thursday,Rain,Area_A,5.13,45.5,Area_B,16.67,Area_A
MP-2026-02411,P2411,36-45,Female,23.245731,77.332141,16:39,Sunday,Clear,Area_B,9.94,4.09,Area_E,4.22,Area_B
MP-2026-02412,P2412,36-45,Male,23.249017,77.407543,21:35,Tuesday,Cloudy,Area_A,11.6,40.1,Area_B,1.19,Area_F
MP-2026-02413,P2413,18-25,Other,23.175863,77.347867,14:51,Sunday,Cloudy,Area_D,9.04,65.01,Area_E,1.35,Area_D
MP-2026-02414,P2414,26-35,Female,23.247739,77.467751,18:41,Sunday,Clear,Area_C,6.02,5.99,Area_C,1.58,Area_B
MP-2026-02415,P2415,18-25,Male,23.251322,77.414781,18:24,Monday,Clear,Area_B,4.31,16.29,Area_A,6.33,Area_B
MP-2026-02416,P2416,26-35,Male,23.328225,77.477152,00:09,Monday,Cloudy,Area_B,7.36,20.11,Area_C,3.03,Area_B
MP-2026-02417,P2417,36-45,Female,23.323033,77.41628,14:22,Tuesday,Rain,Area_I,5.91,20.29,Area_D,0.6,Area_D
MP-2026-02418,P2418,26-35,Male,23.325323,77.406111,17:20,Monday,Clear,Area_E,4.43,13.39,Area_F,1.04,Area_E
MP-2026-02419,P2419,36-45,Female,23.189581,77.418906,13:33,Tuesday,Fog,Area_A,9.07,40.13,Area_C,1.22,Area_A
MP-2026-02420,P2420,18-25,Male,23.173405,77.352029,20:42,Sunday,Cloudy,Area_D,13.52,74.9,Area_A,9.44,Area_H
MP-2026-02421,P2421,18-25,Male,23.180961,77.486732,00:37,Saturday,Cloudy,Area_B,5.88,69.5,Area_H,0.27,Area_F
MP-2026-02422,P2422,26-35,Male,23.172155,77.480028,19:30,Sunday,Clear,Area_H,14.84,73.21,Area_J,8.06,Area_I
MP-2026-02423,P2423,46-55,Female,23.259752,77.396674,11:58,Sunday,Fog,Area_C,2.32,6.53,Area_C,0.92,Area_D
MP-2026-02424,P2424,26-35,Female,23.332842,77.409433,21:43,Wednesday,Cloudy,Area_D,12.58,24.16,Area_D,3.33,Area_B
MP-2026-02425,P2425,26-35,Male,23.328241,77.467533,14:33,Wednesday,Clear,Area_C,10.17,9.92,Area_B,14.42,Area_E
MP-2026-02426,P2426,46-55,Female,23.185114,77.473473,16:02,Friday,Cloudy,Area_I,8.45,50.32,Area_G,5.87,Area_H
MP-2026-02427,P2427,36-45,Male,23.176317,77.417336,07:49,Tuesday,Clear,Area_E,5.44,23.36,Area_E,1.11,Area_E
MP-2026-02428,P2428,26-35,Male,23.196415,77.480344,23:54,Saturday,Clear,Area_J,11.81,21.91,Area_I,0.21,Area_H
MP-2026-02429,P2429,26-35,Male,23.255045,77.480121,09:08,Thursday,Fog,Area_D,2.95,23.03,Area_I,7.4,Area_F
MP-2026-02430,P2430,56+,Male,23.316692,77.347742,17:26,Tuesday,Clear,Area_A,10.14,35.54,Area_B,2.49,Area_C
MP-2026-02431,P2431,26-35,Female,23.17509,77.336929,08:25,Friday,Clear,Area_H,12.53,12.93,Area_G,2.79,Area_G
MP-2026-02432,P2432,56+,Female,23.250736,77.475803,17:12,Saturday,Clear,Area_A,5.99,32.72,Area_E,1.7,Area_C
MP-2026-02433,P2433,36-45,Female,23.244121,77.466798,21:22,Saturday,Clear,Area_D,8.28,8.36,Area_F,2.53,Area_F
MP-2026-02434,P2434,46-55,Female,23.246305,77.485789,08:52,Wednesday,Clear,Area_B,17.37,20.07,Area_G,3.5,Area_D
MP-2026-02435,P2435,18-25,Male,23.255201,77.469072,17:45,Sunday,Clear,Area_A,8.04,11.9,Area_I,11.57,Area_E
MP-2026-02436,P2436,26-35,Male,23.252781,77.469268,22:48,Monday,Clear,Area_F,7.05,7.61,Area_E,4.32,Area_F
MP-2026-02437,P2437,46-55,Female,23.244046,77.484085,17:51,Thursday,Clear,Area_A,11.59,9.55,Area_C,2.67,Area_C
MP-2026-02438,P2438,26-35,Female,23.320417,77.323422,21:46,Wednesday,Cloudy,Area_H,9.69,33.56,Area_C,6.34,Area_C
MP-2026-02439,P2439,46-55,Female,23.254574,77.478307,11:43,Wednesday,Clear,Area_D,3.86,6.9,Area_A,3.88,Area_D
MP-2026-02440,P2440,18-25,Male,23.246474,77.404407,17:02,Tuesday,Cloudy,Area_A,19.77,4.64,Area_F,6.68,Area_C
MP-2026-02441,P2441,26-35,Male,23.247961,77.43069,16:55,Tuesday,Clear,Area_D,17.73,13.51,Area_G,0.93,Area_B
MP-2026-02442,P2442,26-35,Male,23.174604,77.32875,12:38,Monday,Cloudy,Area_D,17.72,1.9,Area_E,5.44,Area_D
MP-2026-02443,P2443,36-45,Male,23.246487,77.331986,11:23,Thursday,Rain,Area_A,8.04,22.45,Area_G,8.08,Area_H
MP-2026-02444,P2444,26-35,Male,23.176823,77.339203,17:42,Tuesday,Clear,Area_F,4.36,18.14,Area_E,2.16,Area_D
MP-2026-02445,P2445,46-55,Female,23.256014,77.416161,07:34,Friday,Clear,Area_C,7.18,39.7,Area_I,3.19,Area_G
MP-2026-02446,P2446,56+,Female,23.337153,77.483093,07:27,Sunday,Clear,Area_E,18.55,69.05,Area_F,5.74,Area_E
MP-2026-02447,P2447,36-45,Male,23.322164,77.338194,17:21,Tuesday,Cloudy,Area_B,13.99,60.56,Area_A,13.87,Area_B
MP-2026-02448,P2448,36-45,Male,23.172445,77.406244,18:43,Thursday,Clear,Area_F,10.1,67.19,Area_G,0.54,Area_F
MP-2026-02449,P2449,36-45,Male,23.2424,77.480988,06:46,Sunday,Clear,Area_B,20.18,36.44,Area_B,0.25,Area_E
MP-2026-02450,P2450,36-45,Male,23.240047,77.481775,20:28,Friday,Clear,Area_E,4.59,76.73,Area_G,3.11,Area_E
MP-2026-02451,P2451,46-55,Female,23.180533,77.479458,17:09,Sunday,Clear,Area_H,4.16,14.83,Area_A,0.46,Area_D
MP-2026-02452,P2452,36-45,Female,23.322169,77.406071,18:14,Sunday,Clear,Area_G,12.5,32.22,Area_A,3.05,Area_B
MP-2026-02453,P2453,36-45,Male,23.307785,77.347035,03:16,Saturday,Clear,Area_C,7.27,2.21,Area_B,2.75,Area_A
MP-2026-02454,P2454,26-35,Male,23.246628,77.478993,12:15,Saturday,Clear,Area_E,10.7,13.1,Area_H,5.12,Area_E
MP-2026-02455,P2455,36-45,Male,23.249908,77.405904,00:50,Sunday,Rain,Area_A,7.61,42.87,Area_D,0.68,Area_E
MP-2026-02456,P2456,56+,Female,23.168744,77.353486,06:00,Saturday,Cloudy,Area_B,7.64,26.85,Area_F,2.49,Area_B
MP-2026-02457,P2457,36-45,Female,23.23658,77.489645,16:51,Thursday,Clear,Area_F,5.45,16.74,Area_C,10.31,Area_F
MP-2026-02458,P2458,36-45,Female,23.316397,77.404484,11:05,Monday,Cloudy,Area_I,7.6,65.34,Area_C,0.76,Area_C
MP-2026-02459,P2459,26-35,Female,23.336385,77.35132,18:35,Saturday,Clear,Area_H,16.38,67.03,Area_G,10.51,Area_H
MP-2026-02460,P2460,26-35,Male,23.192894,77.472298,07:03,Thursday,Clear,Area_A,10.01,13.64,Area_G,13.9,Area_I
MP-2026-02461,P2461,18-25,Female,23.174775,77.482969,19:12,Tuesday,Clear,Area_E,8.79,78.09,Area_H,0.1,Area_I
MP-2026-02462,P2462,18-25,Female,23.319474,77.475832,19:08,Wednesday,Clear,Area_I,13.41,77.53,Area_E,0.1,Area_B
MP-2026-02463,P2463,26-35,Female,23.178225,77.410596,03:26,Monday,Clear,Area_E,7.23,67.68,Area_I,2.99,Area_G
MP-2026-02464,P2464,56+,Other,23.265139,77.422838,11:10,Tuesday,Clear,Area_B,7.52,27.18,Area_F,1.28,Area_A
MP-2026-02465,P2465,36-45,Female,23.248734,77.405554,16:53,Friday,Clear,Area_C,7.28,5.0,Area_F,0.31,Area_B
MP-2026-02466,P2466,26-35,Female,23.237114,77.342022,08:06,Sunday,Clear,Area_B,6.51,11.81,Area_D,1.01,Area_E
MP-2026-02467,P2467,46-55,Male,23.245369,77.426319,06:06,Tuesday,Clear,Area_D,9.97,16.34,Area_H,0.94,Area_I
MP-2026-02468,P2468,36-45,Female,23.246552,77.330452,13:50,Friday,Clear,Area_E,8.97,7.72,Area_G,0.1,Area_E
MP-2026-02469,P2469,36-45,Male,23.065538,77.606485,20:22,Tuesday,Cloudy,Area_E,10.69,15.72,Area_G,4.48,Area_H
MP-2026-02470,P2470,18-25,Female,23.326628,77.422019,12:08,Saturday,Cloudy,Area_A,11.83,18.45,Area_B,3.55,Area_A
MP-2026-02471,P2471,36-45,Female,23.170655,77.399893,20:26,Thursday,Clear,Area_D,6.33,11.82,Area_E,0.1,Area_F
MP-2026-02472,P2472,26-35,Male,23.169943,77.350881,16:21,Friday,Clear,Area_B,4.49,2.73,Area_I,0.12,Area_H
MP-2026-02473,P2473,36-45,Female,23.171922,77.414455,09:32,Tuesday,Clear,Area_C,13.06,25.75,Area_E,7.41,Area_A
MP-2026-02474,P2474,26-35,Female,23.310866,77.420066,16:33,Sunday,Fog,Area_F,8.67,20.78,Area_C,3.05,Area_D
MP-2026-02475,P2475,26-35,Female,23.179532,77.340518,16:12,Sunday,Cloudy,Area_D,15.55,63.76,Area_D,1.43,Area_F
MP-2026-02476,P2476,26-35,Female,23.249201,77.470827,14:23,Monday,Rain,Area_F,19.3,53.13,Area_A,4.87,Area_G
MP-2026-02477,P2477,26-35,Male,23.250428,77.414358,13:05,Monday,Clear,Area_B,12.99,62.76,Area_F,1.64,Area_B
MP-2026-02478,P2478,26-35,Male,23.251784,77.412364,20:59,Saturday,Clear,Area_I,10.96,24.66,Area_F,0.36,Area_B
MP-2026-02479,P2479,36-45,Female,23.090579,77.622211,17:20,Sunday,Clear,Area_H,6.97,37.9,Area_J,9.65,Area_J
MP-2026-02480,P2480,56+,Male,23.262794,77.470752,17:28,Wednesday,Fog,Area_B,10.41,53.59,Area_C,5.21,Area_B
MP-2026-02481,P2481,26-35,Female,23.183639,77.413279,05:15,Monday,Cloudy,Area_C,9.32,4.3,Area_B,1.06,Area_C
MP-2026-02482,P2482,36-45,Male,23.319084,77.493377,21:29,Tuesday,Cloudy,Area_D,8.81,16.56,Area_I,1.74,Area_D
MP-2026-02483,P2483,36-45,Female,23.324198,77.417434,08:17,Tuesday,Clear,Area_A,12.56,21.27,Area_C,0.1,Area_A
MP-2026-02484,P2484,46-55,Male,23.31404,77.400178,08:51,Friday,Clear,Area_C,6.63,3.89,Area_E,1.07,Area_A
MP-2026-02485,P2485,56+,Female,23.245061,77.482315,18:34,Friday,Clear,Area_F,7.93,71.85,Area_F,4.09,Area_F
MP-2026-02486,P2486,36-45,Female,23.186621,77.413853,11:40,Tuesday,Clear,Area_D,8.44,59.88,Area_G,2.42,Area_D
MP-2026-02487,P2487,56+,Female,23.185492,77.487936,20:34,Sunday,Cloudy,Area_A,9.36,39.44,Area_A,5.32,Area_A
MP-2026-02488,P2488,36-45,Male,23.243193,77.470934,19:25,Tuesday,Cloudy,Area_A,4.8,19.51,Area_G,0.11,Area_F
MP-2026-02489,P2489,18-25,Female,23.184498,77.485122,08:56,Friday,Clear,Area_F,4.78,5.12,Area_E,6.86,Area_F
MP-2026-02490,P2490,18-25,Male,23.184856,77.345694,15:34,Tuesday,Clear,Area_B,17.98,23.21,Area_E,0.5,Area_D
MP-2026-02491,P2491,26-35,Male,23.056821,77.61356,09:19,Saturday,Clear,Area_E,9.82,59.3,Area_G,6.42,Area_H
MP-2026-02492,P2492,36-45,Male,23.185642,77.398153,07:53,Tuesday,Rain,Area_C,25.11,36.47,Area_B,6.74,Area_D
MP-2026-02493,P2493,46-55,Other,23.233001,77.412974,20:08,Friday,Clear,Area_B,7.53,1.8,Area_E,2.34,Area_H
MP-2026-02494,P2494,18-25,Male,23.17652,77.402516,19:34,Tuesday,Clear,Area_H,10.37,56.12,Area_G,7.89,Area_H
MP-2026-02495,P2495,26-35,Female,23.269725,77.344325,05:30,Sunday,Clear,Area_E,7.38,20.49,Area_H,3.89,Area_G
MP-2026-02496,P2496,36-45,Female,23.261061,77.409716,07:03,Wednesday,Cloudy,Area_E,7.6,11.0,Area_E,2.57,Area_E
MP-2026-02497,P2497,46-55,Male,23.190412,77.343979,13:26,Tuesday,Fog,Area_D,4.92,8.45,Area_I,0.43,Area_I
MP-2026-02498,P2498,36-45,Female,23.238125,77.340916,21:22,Friday,Clear,Area_A,8.33,53.12,Area_F,2.85,Area_A
MP-2026-02499,P2499,36-45,Female,23.178638,77.48286,18:33,Saturday,Cloudy,Area_C,5.6,13.27,Area_F,0.1,Area_F
MP-2026-02500,P2500,18-25,Female,23.184068,77.407025,14:20,Sunday,Clear,Area_C,8.43,21.6,Area_C,1.38,Area_F
MP-2026-02501,P2501,56+,Male,23.320036,77.334502,10:48,Sunday,Clear,Area_F,5.06,22.65,Area_E,3.89,Area_E
MP-2026-02502,P2502,26-35,Male,23.253381,77.406861,07:49,Saturday,Clear,Area_F,3.74,6.27,Area_F,12.62,Area_A
MP-2026-02503,P2503,46-55,Female,23.322031,77.403502,16:42,Wednesday,Cloudy,Area_C,7.1,74.65,Area_G,2.02,Area_C
MP-2026-02504,P2504,18-25,Female,23.236678,77.489814,13:28,Saturday,Clear,Area_C,7.84,69.14,Area_E,0.53,Area_D
MP-2026-02505,P2505,18-25,Other,23.331221,77.338524,11:05,Sunday,Clear,Area_E,16.55,34.38,Area_G,1.73,Area_E
MP-2026-02506,P2506,46-55,Other,23.307906,77.411589,10:19,Tuesday,Clear,Area_C,9.11,3.67,Area_E,6.09,Area_E
MP-2026-02507,P2507,18-25,Male,23.181012,77.34359,15:09,Monday,Clear,Area_G,9.59,25.92,Area_G,6.09,Area_G
MP-2026-02508,P2508,36-45,Male,23.333723,77.40091,02:38,Saturday,Cloudy,Area_B,5.59,18.49,Area_C,0.92,Area_B
MP-2026-02509,P2509,36-45,Female,23.255525,77.480113,07:08,Wednesday,Clear,Area_B,6.29,2.66,Area_I,0.68,Area_E
MP-2026-02510,P2510,18-25,Male,23.233877,77.466602,21:47,Tuesday,Clear,Area_F,5.24,24.99,Area_G,6.31,Area_E
MP-2026-02511,P2511,46-55,Male,23.306745,77.479142,14:38,Wednesday,Clear,Area_I,12.05,16.62,Area_B,5.89,Area_C
MP-2026-02512,P2512,18-25,Male,23.239742,77.486407,17:41,Tuesday,Rain,Area_C,15.41,14.01,Area_I,0.31,Area_C
MP-2026-02513,P2513,26-35,Male,23.188084,77.408877,17:35,Wednesday,Rain,Area_A,12.13,59.91,Area_A,3.69,Area_A
MP-2026-02514,P2514,18-25,Male,23.252196,77.349956,19:17,Wednesday,Clear,Area_B,6.96,9.21,Area_A,2.58,Area_B
MP-2026-02515,P2515,36-45,Female,23.327065,77.404641,08:48,Friday,Cloudy,Area_E,12.29,71.72,Area_A,8.1,Area_E
MP-2026-02516,P2516,36-45,Male,23.183018,77.402837,18:29,Sunday,Cloudy,Area_C,6.21,52.81,Area_B,6.99,Area_D
MP-2026-02517,P2517,46-55,Female,23.247022,77.407049,19:15,Sunday,Cloudy,Area_C,15.04,26.81,Area_C,4.86,Area_F
MP-2026-02518,P2518,56+,Male,23.331515,77.415925,09:07,Saturday,Clear,Area_J,5.98,7.05,Area_B,3.23,Area_E
MP-2026-02519,P2519,46-55,Male,23.169606,77.351073,09:51,Friday,Fog,Area_E,2.75,2.17,Area_D,11.67,Area_E
MP-2026-02520,P2520,26-35,Male,23.241752,77.409422,15:47,Friday,Cloudy,Area_I,16.41,69.18,Area_G,0.1,Area_H
MP-2026-02521,P2521,26-35,Female,23.322978,77.352649,16:54,Tuesday,Rain,Area_C,7.19,8.43,Area_D,0.93,Area_F
MP-2026-02522,P2522,56+,Male,23.311784,77.336862,21:01,Sunday,Clear,Area_E,6.7,52.9,Area_A,0.14,Area_D
MP-2026-02523,P2523,18-25,Female,23.240966,77.479481,18:49,Monday,Cloudy,Area_A,13.03,55.11,Area_G,0.53,Area_H
MP-2026-02524,P2524,18-25,Male,23.182726,77.497474,12:30,Tuesday,Cloudy,Area_E,6.64,4.01,Area_C,1.64,Area_D
MP-2026-02525,P2525,36-45,Female,23.179773,77.47756,14:09,Tuesday,Clear,Area_I,5.43,10.6,Area_H,3.19,Area_C
MP-2026-02526,P2526,36-45,Female,23.257647,77.331308,16:27,Tuesday,Rain,Area_D,12.53,46.81,Area_D,0.31,Area_D
MP-2026-02527,P2527,26-35,Male,23.187527,77.481388,13:55,Wednesday,Clear,Area_I,12.52,37.06,Area_I,1.08,Area_I
MP-2026-02528,P2528,26-35,Female,23.237778,77.480356,08:22,Monday,Cloudy,Area_E,12.35,29.89,Area_H,4.01,Area_H
MP-2026-02529,P2529,18-25,Male,23.173839,77.499991,16:16,Thursday,Clear,Area_E,5.37,14.7,Area_C,2.38,Area_E
MP-2026-02530,P2530,26-35,Female,23.310228,77.47608,16:05,Tuesday,Clear,Area_C,12.92,71.68,Area_B,0.52,Area_C
MP-2026-02531,P2531,36-45,Female,23.179919,77.415213,16:07,Saturday,Clear,Area_J,21.06,75.22,Area_I,0.97,Area_G
MP-2026-02532,P2532,18-25,Female,23.251002,77.411285,14:16,Wednesday,Clear,Area_C,6.91,16.95,Area_F,4.86,Area_D
MP-2026-02533,P2533,26-35,Female,23.322635,77.409096,20:13,Monday,Clear,Area_C,8.39,27.1,Area_E,2.13,Area_C
MP-2026-02534,P2534,18-25,Male,23.17877,77.406557,12:28,Wednesday,Clear,Area_D,6.41,47.08,Area_E,6.0,Area_E
MP-2026-02535,P2535,36-45,Female,23.248152,77.479642,23:44,Sunday,Cloudy,Area_A,10.89,53.26,Area_A,4.68,Area_F
MP-2026-02536,P2536,46-55,Female,23.259559,77.344656,17:37,Saturday,Fog,Area_C,17.93,9.31,Area_F,1.98,Area_C
MP-2026-02537,P2537,36-45,Female,23.316201,77.488825,07:55,Sunday,Clear,Area_B,11.03,20.51,Area_A,2.06,Area_B
MP-2026-02538,P2538,18-25,Male,23.316286,77.417127,00:34,Friday,Clear,Area_B,13.8,46.22,Area_F,3.28,Area_F
MP-2026-02539,P2539,26-35,Other,23.243946,77.412373,20:28,Wednesday,Rain,Area_D,6.86,29.34,Area_H,0.31,Area_B
MP-2026-02540,P2540,18-25,Male,23.178482,77.331338,18:37,Wednesday,Clear,Area_C,18.2,25.62,Area_B,5.02,Area_D
MP-2026-02541,P2541,26-35,Other,23.243825,77.340147,08:10,Friday,Clear,Area_D,12.52,43.41,Area_F,0.56,Area_I
MP-2026-02542,P2542,26-35,Female,23.26035,77.403733,08:02,Tuesday,Clear,Area_A,22.91,38.73,Area_D,15.06,Area_A
MP-2026-02543,P2543,26-35,Male,23.251538,77.335029,16:12,Tuesday,Clear,Area_D,3.91,5.6,Area_E,14.95,Area_D
MP-2026-02544,P2544,36-45,Female,23.310148,77.464558,05:02,Sunday,Clear,Area_A,10.8,65.51,Area_A,6.3,Area_B
MP-2026-02545,P2545,26-35,Female,23.197778,77.492739,18:39,Wednesday,Clear,Area_H,22.87,40.77,Area_I,14.74,Area_H
MP-2026-02546,P2546,36-45,Male,23.246653,77.499893,20:49,Tuesday,Cloudy,Area_I,12.51,31.37,Area_H,2.38,Area_B
MP-2026-02547,P2547,36-45,Male,23.228731,77.465213,20:18,Monday,Clear,Area_C,7.63,66.91,Area_E,3.28,Area_B
MP-2026-02548,P2548,36-45,Female,23.310008,77.402833,16:17,Friday,Clear,Area_E,9.3,23.7,Area_C,0.51,Area_C
MP-2026-02549,P2549,46-55,Female,23.248883,77.423976,16:08,Tuesday,Cloudy,Area_F,4.6,55.48,Area_H,3.73,Area_E
MP-2026-02550,P2550,18-25,Male,23.178641,77.390615,21:51,Monday,Clear,Area_A,14.08,33.15,Area_F,0.1,Area_F
MP-2026-02551,P2551,36-45,Female,23.306887,77.334504,20:10,Friday,Rain,Area_H,27.41,51.9,Area_D,0.11,Area_B
MP-2026-02552,P2552,26-35,Female,23.328505,77.475529,19:14,Saturday,Clear,Area_C,18.85,4.64,Area_C,2.3,Area_C
MP-2026-02553,P2553,26-35,Male,23.319294,77.470728,14:33,Friday,Cloudy,Area_B,6.01,4.88,Area_E,5.25,Area_B
MP-2026-02554,P2554,26-35,Male,23.327,77.326415,11:38,Wednesday,Clear,Area_H,14.18,11.2,Area_A,1.64,Area_D
MP-2026-02555,P2555,46-55,Male,23.251426,77.408791,17:28,Wednesday,Clear,Area_B,6.54,1.26,Area_G,4.4,Area_H
MP-2026-02556,P2556,18-25,Female,23.230278,77.418446,01:59,Sunday,Rain,Area_F,11.28,30.55,Area_B,1.09,Area_F
MP-2026-02557,P2557,46-55,Female,23.257998,77.332928,07:02,Thursday,Cloudy,Area_D,13.27,11.72,Area_E,1.08,Area_H
MP-2026-02558,P2558,26-35,Female,23.186958,77.484463,17:30,Sunday,Rain,Area_C,4.91,3.67,Area_F,0.33,Area_C
MP-2026-02559,P2559,56+,Female,23.175253,77.415391,09:38,Thursday,Rain,Area_F,13.46,66.9,Area_D,4.6,Area_I
MP-2026-02560,P2560,18-25,Male,23.324269,77.419096,18:32,Wednesday,Rain,Area_A,21.92,26.9,Area_H,1.79,Area_B
MP-2026-02561,P2561,26-35,Male,23.253021,77.40821,07:09,Sunday,Cloudy,Area_C,7.47,35.78,Area_A,10.43,Area_C
MP-2026-02562,P2562,46-55,Other,23.061862,77.618434,21:25,Sunday,Cloudy,Area_G,9.88,8.07,Area_F,2.53,Area_B
MP-2026-02563,P2563,46-55,Male,23.326849,77.469349,19:52,Monday,Clear,Area_F,9.55,3.66,Area_C,4.54,Area_F
MP-2026-02564,P2564,56+,Other,23.185456,77.409906,14:20,Thursday,Clear,Area_B,8.51,6.67,Area_E,3.3,Area_H
MP-2026-02565,P2565,56+,Female,23.184503,77.473999,19:57,Saturday,Fog,Area_C,6.18,14.7,Area_I,0.49,Area_F
MP-2026-02566,P2566,36-45,Female,23.173438,77.40461,09:22,Tuesday,Clear,Area_B,13.68,13.21,Area_H,0.52,Area_E
MP-2026-02567,P2567,26-35,Female,23.32369,77.403566,17:57,Friday,Clear,Area_E,12.3,35.73,Area_A,17.57,Area_D
MP-2026-02568,P2568,26-35,Male,23.315408,77.403419,09:25,Friday,Clear,Area_H,12.01,6.12,Area_G,8.55,Area_B
MP-2026-02569,P2569,36-45,Female,23.317886,77.360249,05:27,Saturday,Rain,Area_B,5.82,22.87,Area_H,4.56,Area_I
MP-2026-02570,P2570,26-35,Female,23.2472,77.399171,22:02,Saturday,Cloudy,Area_I,8.89,21.22,Area_B,0.75,Area_F
MP-2026-02571,P2571,36-45,Male,23.181083,77.484511,14:04,Tuesday,Clear,Area_D,7.52,24.68,Area_G,0.87,Area_E
MP-2026-02572,P2572,36-45,Other,23.173412,77.4722,08:02,Thursday,Clear,Area_A,7.21,13.79,Area_I,3.39,Area_J
MP-2026-02573,P2573,36-45,Other,23.246976,77.338588,14:31,Saturday,Fog,Area_I,7.71,5.26,Area_G,3.21,Area_G
MP-2026-02574,P2574,18-25,Female,23.179562,77.405053,08:43,Friday,Rain,Area_I,12.56,28.76,Area_G,1.03,Area_G
MP-2026-02575,P2575,26-35,Female,23.173312,77.485952,07:48,Wednesday,Clear,Area_H,16.65,56.17,Area_F,2.75,Area_I
MP-2026-02576,P2576,26-35,Male,23.248596,77.430195,16:19,Sunday,Clear,Area_B,9.2,19.05,Area_D,4.43,Area_H
MP-2026-02577,P2577,18-25,Female,23.312824,77.337637,08:12,Monday,Rain,Area_D,6.26,10.67,Area_E,0.1,Area_D
MP-2026-02578,P2578,36-45,Female,23.181302,77.484516,15:58,Sunday,Clear,Area_A,11.5,2.53,Area_A,0.55,Area_H
MP-2026-02579,P2579,36-45,Female,23.267862,77.406172,23:35,Thursday,Cloudy,Area_B,6.44,19.56,Area_D,1.15,Area_B
MP-2026-02580,P2580,36-45,Female,23.16835,77.408488,19:52,Friday,Clear,Area_D,4.5,20.86,Area_H,13.15,Area_D
MP-2026-02581,P2581,46-55,Female,23.190789,77.343341,14:54,Sunday,Clear,Area_F,7.07,9.68,Area_E,3.65,Area_H
MP-2026-02582,P2582,46-55,Female,23.30599,77.475645,02:39,Sunday,Cloudy,Area_D,9.95,69.89,Area_A,0.82,Area_E
MP-2026-02583,P2583,46-55,Female,23.167085,77.482412,14:03,Thursday,Cloudy,Area_E,3.76,21.76,Area_F,6.21,Area_E
MP-2026-02584,P2584,56+,Male,23.187111,77.325368,23:36,Monday,Clear,Area_A,4.37,16.91,Area_B,0.19,Area_E
MP-2026-02585,P2585,26-35,Other,23.328205,77.342916,10:09,Thursday,Clear,Area_G,7.94,38.0,Area_H,0.3,Area_A
MP-2026-02586,P2586,36-45,Female,23.183109,77.479287,15:13,Friday,Clear,Area_B,8.79,3.47,Area_B,24.0,Area_B
MP-2026-02587,P2587,36-45,Female,23.299983,77.416213,19:29,Tuesday,Clear,Area_A,5.55,22.02,Area_D,4.33,Area_C
MP-2026-02588,P2588,46-55,Female,23.184761,77.413553,16:25,Wednesday,Clear,Area_J,4.45,7.12,Area_H,7.49,Area_B
MP-2026-02589,P2589,56+,Male,23.242742,77.411852,13:19,Thursday,Clear,Area_F,9.17,66.76,Area_E,6.22,Area_F
MP-2026-02590,P2590,26-35,Male,23.325577,77.489708,09:03,Wednesday,Cloudy,Area_A,10.75,31.43,Area_F,0.32,Area_F
MP-2026-02591,P2591,46-55,Female,23.320582,77.34007,19:49,Wednesday,Clear,Area_E,9.98,19.86,Area_F,0.22,Area_I
MP-2026-02592,P2592,26-35,Male,23.256328,77.468474,18:07,Sunday,Rain,Area_E,7.13,68.75,Area_F,1.34,Area_E
MP-2026-02593,P2593,36-45,Male,23.241315,77.468378,05:51,Tuesday,Clear,Area_B,9.84,6.93,Area_A,15.54,Area_B
MP-2026-02594,P2594,26-35,Male,23.255534,77.501676,10:00,Monday,Clear,Area_G,15.54,69.38,Area_H,6.04,Area_E
MP-2026-02595,P2595,36-45,Male,23.337352,77.336626,18:56,Wednesday,Clear,Area_E,7.64,1.96,Area_G,1.8,Area_E
MP-2026-02596,P2596,26-35,Male,23.310141,77.339934,15:18,Wednesday,Cloudy,Area_D,6.9,58.66,Area_G,0.91,Area_B
MP-2026-02597,P2597,26-35,Female,23.327371,77.401106,15:59,Tuesday,Cloudy,Area_E,6.72,65.6,Area_I,3.61,Area_E
MP-2026-02598,P2598,56+,Female,23.252135,77.478116,20:24,Friday,Clear,Area_C,6.5,1.01,Area_I,1.16,Area_F
MP-2026-02599,P2599,46-55,Male,23.242925,77.409943,08:28,Sunday,Clear,Area_A,13.14,41.44,Area_D,1.05,Area_E
MP-2026-02600,P2600,26-35,Male,23.161758,77.344191,06:35,Sunday,Clear,Area_A,9.45,20.76,Area_A,15.24,Area_A
MP-2026-02601,P2601,26-35,Male,23.249236,77.402291,18:52,Friday,Cloudy,Area_D,4.19,24.04,Area_B,10.52,Area_F
MP-2026-02602,P2602,18-25,Male,23.248713,77.404868,18:02,Sunday,Cloudy,Area_F,10.77,69.6,Area_E,0.26,Area_F
MP-2026-02603,P2603,26-35,Female,23.259492,77.332949,18:18,Thursday,Rain,Area_A,16.84,45.05,Area_D,7.11,Area_A
MP-2026-02604,P2604,26-35,Female,23.254296,77.411137,18:44,Friday,Clear,Area_A,5.15,1.34,Area_H,6.21,Area_H
MP-2026-02605,P2605,26-35,Female,23.244997,77.400932,13:12,Saturday,Cloudy,Area_A,10.32,61.81,Area_B,1.49,Area_D
MP-2026-02606,P2606,26-35,Female,23.326954,77.484636,07:39,Thursday,Cloudy,Area_A,7.23,6.31,Area_A,3.63,Area_A
MP-2026-02607,P2607,46-55,Male,23.322387,77.416327,09:45,Tuesday,Cloudy,Area_A,16.06,7.84,Area_I,0.87,Area_A
MP-2026-02608,P2608,26-35,Male,23.236245,77.344008,09:23,Sunday,Cloudy,Area_C,9.33,15.45,Area_E,0.1,Area_C
MP-2026-02609,P2609,36-45,Male,23.184183,77.342346,14:15,Thursday,Clear,Area_A,3.48,4.94,Area_G,1.07,Area_G
MP-2026-02610,P2610,46-55,Female,23.243788,77.405542,17:31,Saturday,Clear,Area_A,12.65,8.95,Area_D,4.78,Area_B
MP-2026-02611,P2611,18-25,Female,23.24546,77.352886,17:10,Wednesday,Clear,Area_C,7.69,52.77,Area_I,0.31,Area_E
MP-2026-02612,P2612,26-35,Female,23.243684,77.39843,18:42,Wednesday,Rain,Area_C,26.98,47.34,Area_F,4.87,Area_H
MP-2026-02613,P2613,46-55,Female,23.181559,77.414111,11:22,Friday,Clear,Area_G,2.76,23.52,Area_I,1.57,Area_H
MP-2026-02614,P2614,26-35,Male,23.258296,77.408918,16:25,Saturday,Clear,Area_E,8.31,79.36,Area_F,3.94,Area_F
MP-2026-02615,P2615,26-35,Female,23.312623,77.476701,15:10,Thursday,Rain,Area_H,7.24,17.02,Area_G,5.33,Area_C
MP-2026-02616,P2616,18-25,Male,23.320051,77.404297,19:33,Saturday,Rain,Area_G,12.37,35.68,Area_E,1.26,Area_H
MP-2026-02617,P2617,56+,Male,23.242999,77.348402,02:23,Monday,Clear,Area_C,6.02,31.27,Area_B,2.94,Area_D
MP-2026-02618,P2618,46-55,Other,23.19435,77.484741,09:22,Wednesday,Clear,Area_A,12.6,8.65,Area_D,3.19,Area_A
MP-2026-02619,P2619,26-35,Female,23.25917,77.477098,17:25,Tuesday,Rain,Area_C,11.38,24.06,Area_G,2.22,Area_H
MP-2026-02620,P2620,26-35,Other,23.053168,77.606272,06:30,Saturday,Cloudy,Area_E,9.9,23.13,Area_J,2.31,Area_J
MP-2026-02621,P2621,46-55,Male,23.201083,77.404988,14:28,Monday,Rain,Area_A,8.03,17.18,Area_D,6.56,Area_E
MP-2026-02622,P2622,26-35,Male,23.328138,77.398823,09:11,Friday,Clear,Area_A,13.3,49.88,Area_C,6.3,Area_F
MP-2026-02623,P2623,26-35,Female,23.241171,77.472303,07:29,Sunday,Cloudy,Area_B,11.16,12.98,Area_F,0.53,Area_H
MP-2026-02624,P2624,18-25,Female,23.184323,77.408803,12:55,Saturday,Clear,Area_A,30.0,72.45,Area_H,10.95,Area_G
MP-2026-02625,P2625,18-25,Female,23.329088,77.422045,00:20,Sunday,Cloudy,Area_C,11.27,11.0,Area_F,7.28,Area_F
MP-2026-02626,P2626,26-35,Male,23.320961,77.410327,08:40,Wednesday,Rain,Area_D,13.85,47.39,Area_E,13.38,Area_H
MP-2026-02627,P2627,36-45,Male,23.076563,77.623138,17:45,Monday,Clear,Area_J,10.87,66.05,Area_J,2.7,Area_J
MP-2026-02628,P2628,26-35,Male,23.247775,77.476598,19:15,Friday,Clear,Area_A,5.74,57.48,Area_A,2.18,Area_E
MP-2026-02629,P2629,26-35,Other,23.323159,77.344379,09:01,Saturday,Cloudy,Area_F,11.05,7.63,Area_I,0.63,Area_D
MP-2026-02630,P2630,46-55,Male,23.313723,77.406313,18:38,Friday,Rain,Area_G,26.88,60.01,Area_A,4.25,Area_A
MP-2026-02631,P2631,46-55,Female,23.177934,77.352229,16:00,Saturday,Clear,Area_G,7.4,52.47,Area_D,0.44,Area_E
MP-2026-02632,P2632,18-25,Male,23.069565,77.606816,01:05,Friday,Rain,Area_C,13.25,8.05,Area_I,1.09,Area_F
MP-2026-02633,P2633,18-25,Female,23.24018,77.390804,22:32,Friday,Clear,Area_F,3.97,3.38,Area_B,2.63,Area_A
MP-2026-02634,P2634,36-45,Female,23.318894,77.485986,08:29,Thursday,Clear,Area_B,5.05,74.4,Area_E,4.61,Area_F
MP-2026-02635,P2635,36-45,Male,23.322401,77.34443,15:04,Tuesday,Cloudy,Area_F,7.93,55.95,Area_C,3.69,Area_B
MP-2026-02636,P2636,46-55,Male,23.178945,77.40889,15:07,Friday,Rain,Area_I,9.43,45.96,Area_I,0.3,Area_H
MP-2026-02637,P2637,36-45,Female,23.24784,77.394769,18:19,Tuesday,Cloudy,Area_A,7.8,72.76,Area_H,0.4,Area_G
MP-2026-02638,P2638,26-35,Female,23.259256,77.414943,18:26,Saturday,Clear,Area_H,9.53,29.92,Area_F,0.78,Area_C
MP-2026-02639,P2639,46-55,Male,23.240696,77.476952,10:59,Tuesday,Clear,Area_B,12.43,61.81,Area_E,8.86,Area_B
MP-2026-02640,P2640,56+,Female,23.248068,77.475426,10:40,Sunday,Clear,Area_B,15.73,17.98,Area_B,1.85,Area_A
MP-2026-02641,P2641,18-25,Female,23.302698,77.334176,17:19,Sunday,Fog,Area_G,10.79,2.91,Area_A,5.55,Area_B
MP-2026-02642,P2642,46-55,Female,23.185081,77.414228,19:01,Sunday,Cloudy,Area_D,10.97,74.68,Area_E,0.91,Area_D
MP-2026-02643,P2643,26-35,Female,23.17813,77.425587,22:47,Tuesday,Clear,Area_H,5.38,6.27,Area_E,7.1,Area_D
MP-2026-02644,P2644,36-45,Female,23.258081,77.345724,11:51,Monday,Clear,Area_D,3.86,78.71,Area_B,8.63,Area_D
MP-2026-02645,P2645,46-55,Female,23.171317,77.41042,12:47,Tuesday,Fog,Area_A,6.16,3.54,Area_H,2.1,Area_G
MP-2026-02646,P2646,46-55,Male,23.264719,77.485015,08:16,Tuesday,Rain,Area_C,17.81,42.91,Area_F,9.02,Area_I
MP-2026-02647,P2647,18-25,Female,23.315057,77.402134,18:48,Tuesday,Cloudy,Area_E,10.53,43.61,Area_B,1.76,Area_E
MP-2026-02648,P2648,26-35,Male,23.258432,77.474102,20:45,Thursday,Rain,Area_J,10.81,75.57,Area_F,1.1,Area_E
MP-2026-02649,P2649,36-45,Male,23.189187,77.407202,10:24,Tuesday,Clear,Area_A,9.73,17.03,Area_F,0.17,Area_I
MP-2026-02650,P2650,18-25,Male,23.250294,77.48316,18:03,Wednesday,Clear,Area_A,19.77,22.56,Area_D,10.76,Area_C
MP-2026-02651,P2651,46-55,Female,23.265017,77.483896,09:03,Tuesday,Rain,Area_F,9.08,11.94,Area_H,1.19,Area_E
MP-2026-02652,P2652,18-25,Female,23.187847,77.477236,10:31,Thursday,Clear,Area_G,8.32,18.63,Area_I,2.1,Area_F
MP-2026-02653,P2653,18-25,Male,23.334566,77.412334,08:54,Sunday,Clear,Area_H,19.96,38.18,Area_I,5.17,Area_C
MP-2026-02654,P2654,18-25,Female,23.251069,77.401187,13:36,Wednesday,Clear,Area_A,12.43,57.01,Area_A,7.61,Area_H
MP-2026-02655,P2655,18-25,Female,23.193599,77.34795,13:19,Sunday,Clear,Area_F,10.75,16.87,Area_I,2.92,Area_D
MP-2026-02656,P2656,56+,Male,23.333265,77.333153,07:59,Wednesday,Clear,Area_C,4.76,17.15,Area_D,3.69,Area_A
MP-2026-02657,P2657,36-45,Female,23.247256,77.414874,07:51,Saturday,Cloudy,Area_D,8.38,25.82,Area_I,13.66,Area_D
MP-2026-02658,P2658,56+,Female,23.331363,77.483046,22:30,Thursday,Cloudy,Area_C,22.01,8.27,Area_B,7.34,Area_A
MP-2026-02659,P2659,18-25,Female,23.254272,77.344423,08:10,Thursday,Clear,Area_E,14.97,32.13,Area_H,6.63,Area_G
MP-2026-02660,P2660,36-45,Female,23.251603,77.342828,09:59,Friday,Cloudy,Area_G,18.47,12.12,Area_E,5.03,Area_A
MP-2026-02661,P2661,36-45,Female,23.178669,77.489454,20:25,Saturday,Clear,Area_C,13.88,69.02,Area_D,2.51,Area_F
MP-2026-02662,P2662,36-45,Female,23.307213,77.424129,17:22,Sunday,Fog,Area_H,6.0,2.02,Area_E,7.12,Area_D
MP-2026-02663,P2663,36-45,Male,23.169353,77.485005,19:07,Monday,Cloudy,Area_A,15.67,60.43,Area_F,2.23,Area_I
MP-2026-02664,P2664,18-25,Male,23.248096,77.337659,19:17,Friday,Clear,Area_A,21.63,71.44,Area_A,0.16,Area_B
MP-2026-02665,P2665,18-25,Male,23.325004,77.469381,14:49,Tuesday,Rain,Area_D,7.98,13.72,Area_B,2.7,Area_C
MP-2026-02666,P2666,46-55,Female,23.195237,77.333502,19:02,Wednesday,Cloudy,Area_B,3.56,7.81,Area_D,5.2,Area_H
MP-2026-02667,P2667,56+,Female,23.248586,77.33456,17:26,Monday,Clear,Area_A,6.11,30.72,Area_A,2.68,Area_B
MP-2026-02668,P2668,18-25,Male,23.070016,77.617053,12:02,Monday,Clear,Area_B,8.91,19.02,Area_J,9.33,Area_J
MP-2026-02669,P2669,26-35,Male,23.175073,77.409149,00:35,Wednesday,Clear,Area_C,7.92,22.78,Area_E,4.97,Area_C
MP-2026-02670,P2670,36-45,Female,23.248633,77.353276,07:43,Sunday,Fog,Area_D,6.11,55.95,Area_G,0.21,Area_A
MP-2026-02671,P2671,56+,Female,23.25803,77.406634,19:29,Thursday,Clear,Area_C,5.28,68.28,Area_B,1.42,Area_F
MP-2026-02672,P2672,26-35,Female,23.343162,77.482754,08:16,Wednesday,Clear,Area_A,14.06,19.58,Area_B,6.97,Area_F
MP-2026-02673,P2673,36-45,Female,23.328871,77.471776,14:33,Wednesday,Clear,Area_C,12.46,19.45,Area_C,0.36,Area_C
MP-2026-02674,P2674,18-25,Male,23.261979,77.493364,09:47,Sunday,Clear,Area_D,9.19,4.96,Area_F,2.93,Area_A
MP-2026-02675,P2675,26-35,Female,23.327585,77.464366,04:29,Sunday,Clear,Area_C,7.43,56.53,Area_A,0.1,Area_A
MP-2026-02676,P2676,26-35,Male,23.24464,77.410087,12:03,Tuesday,Clear,Area_C,15.45,3.17,Area_I,4.08,Area_E
MP-2026-02677,P2677,36-45,Male,23.172077,77.355574,13:20,Saturday,Cloudy,Area_A,12.84,69.59,Area_G,1.59,Area_H
MP-2026-02678,P2678,26-35,Female,23.246475,77.480774,15:20,Friday,Cloudy,Area_G,9.0,37.26,Area_H,0.32,Area_B
MP-2026-02679,P2679,36-45,Female,23.32149,77.333987,19:06,Thursday,Clear,Area_D,9.87,17.91,Area_D,3.32,Area_H
MP-2026-02680,P2680,18-25,Male,23.329932,77.358686,21:40,Wednesday,Clear,Area_G,29.01,49.54,Area_D,0.14,Area_E
MP-2026-02681,P2681,26-35,Male,23.25875,77.508736,17:56,Tuesday,Fog,Area_I,14.34,44.38,Area_F,18.16,Area_B
MP-2026-02682,P2682,56+,Other,23.243535,77.484643,15:32,Wednesday,Rain,Area_E,7.32,57.22,Area_H,1.48,Area_E
MP-2026-02683,P2683,36-45,Female,23.311508,77.347231,15:06,Monday,Clear,Area_B,9.17,7.05,Area_A,7.62,Area_F
MP-2026-02684,P2684,36-45,Male,23.243498,77.41074,09:10,Sunday,Clear,Area_C,3.81,5.95,Area_B,0.43,Area_C
MP-2026-02685,P2685,36-45,Male,23.318682,77.341128,08:28,Monday,Cloudy,Area_D,3.69,3.78,Area_A,0.94,Area_D
MP-2026-02686,P2686,26-35,Female,23.247679,77.412552,16:10,Friday,Cloudy,Area_E,10.56,23.94,Area_H,0.1,Area_G
MP-2026-02687,P2687,36-45,Male,23.061853,77.59804,19:35,Monday,Clear,Area_B,6.6,2.38,Area_F,1.13,Area_F
MP-2026-02688,P2688,26-35,Female,23.31914,77.409091,11:18,Wednesday,Rain,Area_B,10.9,13.36,Area_D,4.82,Area_D
MP-2026-02689,P2689,18-25,Male,23.180352,77.417605,06:53,Monday,Clear,Area_F,26.27,48.04,Area_I,3.41,Area_F
MP-2026-02690,P2690,18-25,Female,23.17694,77.343464,16:07,Friday,Cloudy,Area_A,20.9,11.58,Area_G,3.93,Area_E
MP-2026-02691,P2691,56+,Female,23.311833,77.486697,18:13,Tuesday,Clear,Area_J,11.93,67.48,Area_G,2.32,Area_B
MP-2026-02692,P2692,18-25,Female,23.194333,77.475071,08:17,Tuesday,Clear,Area_D,4.83,1.61,Area_A,1.04,Area_D
MP-2026-02693,P2693,18-25,Male,23.32071,77.336803,16:16,Thursday,Rain,Area_E,9.73,70.55,Area_A,4.52,Area_F
MP-2026-02694,P2694,18-25,Female,23.264259,77.481778,10:26,Sunday,Clear,Area_A,16.66,35.29,Area_E,3.52,Area_G
MP-2026-02695,P2695,26-35,Female,23.322669,77.407686,18:03,Thursday,Clear,Area_G,11.67,22.32,Area_D,8.29,Area_B
MP-2026-02696,P2696,18-25,Other,23.165309,77.49212,13:32,Friday,Clear,Area_J,3.22,23.56,Area_J,2.7,Area_I
MP-2026-02697,P2697,56+,Female,23.256941,77.341003,15:57,Monday,Clear,Area_G,9.67,2.58,Area_B,3.72,Area_A
MP-2026-02698,P2698,46-55,Male,23.249666,77.348657,19:20,Saturday,Clear,Area_B,3.7,4.58,Area_A,1.08,Area_B
MP-2026-02699,P2699,56+,Male,23.249368,77.337489,13:04,Saturday,Clear,Area_A,12.02,68.64,Area_D,0.53,Area_A
MP-2026-02700,P2700,18-25,Female,23.256301,77.415626,17:01,Wednesday,Cloudy,Area_A,11.16,52.94,Area_D,5.71,Area_C
MP-2026-02701,P2701,26-35,Female,23.324684,77.33638,16:23,Friday,Clear,Area_C,11.96,9.13,Area_E,1.84,Area_B
MP-2026-02702,P2702,36-45,Male,23.173696,77.482758,17:35,Sunday,Clear,Area_C,4.34,5.48,Area_F,0.1,Area_I
MP-2026-02703,P2703,26-35,Male,23.31044,77.472427,08:37,Thursday,Clear,Area_B,16.78,64.78,Area_A,2.41,Area_B
MP-2026-02704,P2704,46-55,Female,23.192695,77.495711,10:35,Tuesday,Clear,Area_H,5.87,28.61,Area_G,0.69,Area_H
MP-2026-02705,P2705,46-55,Male,23.071567,77.608621,08:00,Friday,Clear,Area_H,9.64,14.27,Area_J,3.87,Area_J
MP-2026-02706,P2706,36-45,Male,23.170179,77.47654,19:05,Friday,Cloudy,Area_F,5.8,77.57,Area_C,3.58,Area_F
MP-2026-02707,P2707,26-35,Female,23.242411,77.337853,12:33,Wednesday,Clear,Area_H,6.99,7.94,Area_F,1.39,Area_E
MP-2026-02708,P2708,18-25,Other,23.316449,77.412363,17:54,Thursday,Clear,Area_C,7.7,30.88,Area_C,20.85,Area_F
MP-2026-02709,P2709,46-55,Female,23.184034,77.408388,17:09,Tuesday,Fog,Area_D,5.85,76.5,Area_E,3.44,Area_D
MP-2026-02710,P2710,26-35,Male,23.257989,77.35266,19:12,Friday,Clear,Area_F,7.79,77.1,Area_A,2.59,Area_B
MP-2026-02711,P2711,46-55,Male,23.185109,77.336421,22:13,Monday,Cloudy,Area_F,17.51,75.37,Area_H,2.57,Area_H
MP-2026-02712,P2712,26-35,Male,23.333951,77.405955,15:05,Wednesday,Clear,Area_A,12.14,23.32,Area_C,9.21,Area_E
MP-2026-02713,P2713,36-45,Male,23.243501,77.481561,13:40,Sunday,Clear,Area_A,17.47,42.12,Area_E,0.93,Area_H
MP-2026-02714,P2714,36-45,Male,23.247048,77.36036,22:13,Saturday,Rain,Area_G,18.47,21.91,Area_E,7.13,Area_F
MP-2026-02715,P2715,18-25,Male,23.183776,77.479701,08:51,Wednesday,Clear,Area_A,14.35,24.09,Area_C,15.61,Area_A
MP-2026-02716,P2716,36-45,Female,23.179728,77.413886,11:05,Wednesday,Cloudy,Area_B,15.1,34.77,Area_B,0.8,Area_G
MP-2026-02717,P2717,56+,Female,23.312526,77.327274,18:35,Wednesday,Clear,Area_F,7.52,61.28,Area_B,4.02,Area_C
MP-2026-02718,P2718,46-55,Male,23.254503,77.336148,19:40,Saturday,Rain,Area_A,8.65,19.95,Area_I,4.86,Area_F
MP-2026-02719,P2719,36-45,Female,23.200381,77.493934,13:37,Monday,Clear,Area_B,3.96,2.36,Area_E,0.93,Area_D
MP-2026-02720,P2720,18-25,Female,23.297151,77.39886,15:49,Wednesday,Clear,Area_A,11.94,23.22,Area_B,6.41,Area_C
MP-2026-02721,P2721,26-35,Male,23.321454,77.481907,08:55,Wednesday,Clear,Area_A,4.4,49.77,Area_D,0.7,Area_A
MP-2026-02722,P2722,26-35,Female,23.187585,77.333583,17:25,Wednesday,Clear,Area_F,4.9,50.7,Area_D,0.43,Area_H
MP-2026-02723,P2723,56+,Male,23.230739,77.353742,14:42,Tuesday,Cloudy,Area_B,3.63,3.79,Area_E,0.1,Area_D
MP-2026-02724,P2724,18-25,Male,23.188302,77.336376,21:56,Thursday,Cloudy,Area_G,8.21,65.03,Area_H,7.61,Area_F
MP-2026-02725,P2725,36-45,Male,23.261252,77.33287,12:28,Tuesday,Clear,Area_D,5.62,7.46,Area_G,0.1,Area_D
MP-2026-02726,P2726,26-35,Female,23.173148,77.341123,18:45,Tuesday,Rain,Area_D,17.37,69.63,Area_D,3.17,Area_E
MP-2026-02727,P2727,26-35,Male,23.250377,77.414345,06:10,Wednesday,Cloudy,Area_B,7.33,12.33,Area_D,3.72,Area_B
MP-2026-02728,P2728,46-55,Male,23.31553,77.34933,12:45,Wednesday,Clear,Area_D,5.12,62.1,Area_E,1.9,Area_D
MP-2026-02729,P2729,26-35,Male,23.244402,77.493214,10:50,Thursday,Clear,Area_D,6.35,76.37,Area_C,6.85,Area_B
MP-2026-02730,P2730,18-25,Male,23.177563,77.414013,03:33,Wednesday,Clear,Area_C,8.65,4.21,Area_C,7.2,Area_I
MP-2026-02731,P2731,26-35,Male,23.315883,77.344154,13:52,Thursday,Clear,Area_E,6.49,20.38,Area_D,2.73,Area_D
MP-2026-02732,P2732,18-25,Female,23.292886,77.487132,11:43,Monday,Clear,Area_A,25.64,9.48,Area_B,2.04,Area_A
MP-2026-02733,P2733,36-45,Female,23.328289,77.481963,09:40,Monday,Clear,Area_A,11.61,8.25,Area_F,4.45,Area_I
MP-2026-02734,P2734,26-35,Male,23.174824,77.339403,11:12,Tuesday,Clear,Area_H,5.76,11.16,Area_G,7.79,Area_I
MP-2026-02735,P2735,18-25,Male,23.323242,77.33177,12:45,Monday,Clear,Area_B,11.91,14.09,Area_A,3.32,Area_B
MP-2026-02736,P2736,46-55,Male,23.258703,77.468925,14:34,Monday,Clear,Area_D,5.24,5.49,Area_B,0.57,Area_B
MP-2026-02737,P2737,26-35,Female,23.249327,77.496594,16:51,Tuesday,Clear,Area_B,8.49,67.69,Area_E,10.59,Area_E
MP-2026-02738,P2738,18-25,Female,23.174134,77.42032,12:32,Friday,Clear,Area_B,8.75,4.52,Area_F,2.0,Area_B
MP-2026-02739,P2739,56+,Male,23.311032,77.415243,18:58,Saturday,Clear,Area_D,10.11,17.84,Area_A,1.37,Area_C
MP-2026-02740,P2740,18-25,Female,23.169082,77.412372,18:05,Tuesday,Cloudy,Area_A,16.3,63.14,Area_G,0.74,Area_B
MP-2026-02741,P2741,46-55,Other,23.172961,77.351316,12:03,Sunday,Clear,Area_I,11.15,28.22,Area_E,10.04,Area_A
MP-2026-02742,P2742,56+,Female,23.256568,77.40393,18:10,Sunday,Clear,Area_B,18.99,30.06,Area_H,3.82,Area_H
MP-2026-02743,P2743,46-55,Male,23.260569,77.41517,08:54,Tuesday,Clear,Area_H,8.64,59.15,Area_D,2.44,Area_E
MP-2026-02744,P2744,26-35,Male,23.186732,77.476726,08:15,Friday,Clear,Area_D,4.74,23.2,Area_I,10.29,Area_B
MP-2026-02745,P2745,46-55,Female,23.318668,77.337295,15:57,Friday,Clear,Area_G,14.24,20.29,Area_E,8.34,Area_H
MP-2026-02746,P2746,18-25,Other,23.257856,77.327888,16:01,Friday,Fog,Area_C,9.11,21.13,Area_E,0.97,Area_C
MP-2026-02747,P2747,46-55,Female,23.193262,77.482696,17:47,Wednesday,Clear,Area_C,22.4,38.18,Area_F,3.07,Area_C
MP-2026-02748,P2748,46-55,Male,23.323384,77.484305,12:23,Sunday,Clear,Area_A,13.55,28.77,Area_B,3.08,Area_A
MP-2026-02749,P2749,56+,Female,23.18432,77.492112,21:16,Tuesday,Clear,Area_H,2.57,3.16,Area_H,0.4,Area_H
MP-2026-02750,P2750,46-55,Female,23.24909,77.479543,12:03,Tuesday,Clear,Area_B,23.85,70.33,Area_G,4.79,Area_H
MP-2026-02751,P2751,26-35,Male,23.339306,77.414549,14:07,Saturday,Clear,Area_D,8.55,34.86,Area_E,1.04,Area_D
MP-2026-02752,P2752,36-45,Female,23.243693,77.484042,20:20,Sunday,Cloudy,Area_D,4.17,19.06,Area_A,19.61,Area_C
MP-2026-02753,P2753,26-35,Female,23.31379,77.468632,07:51,Thursday,Cloudy,Area_B,14.03,69.04,Area_D,8.55,Area_B
MP-2026-02754,P2754,36-45,Male,23.178104,77.344083,11:06,Friday,Cloudy,Area_E,4.53,21.78,Area_B,0.75,Area_E
MP-2026-02755,P2755,36-45,Female,23.184877,77.402712,20:26,Tuesday,Clear,Area_E,9.34,37.08,Area_G,1.86,Area_H
MP-2026-02756,P2756,36-45,Male,23.242216,77.41961,18:10,Saturday,Fog,Area_D,4.42,17.77,Area_A,3.8,Area_B
MP-2026-02757,P2757,18-25,Male,23.165021,77.416458,09:10,Friday,Rain,Area_I,10.54,6.98,Area_B,0.78,Area_E
MP-2026-02758,P2758,56+,Female,23.241141,77.39712,06:19,Monday,Clear,Area_F,8.37,12.69,Area_E,2.44,Area_G
MP-2026-02759,P2759,18-25,Male,23.242324,77.47351,17:41,Monday,Clear,Area_A,8.49,55.33,Area_H,7.38,Area_F
MP-2026-02760,P2760,46-55,Male,23.174084,77.404589,18:12,Wednesday,Clear,Area_A,8.34,30.87,Area_B,0.32,Area_C
MP-2026-02761,P2761,36-45,Female,23.250652,77.398182,16:51,Wednesday,Clear,Area_A,9.46,11.62,Area_D,2.65,Area_D
MP-2026-02762,P2762,46-55,Male,23.308518,77.420065,23:38,Sunday,Clear,Area_B,3.66,4.08,Area_E,0.28,Area_B
MP-2026-02763,P2763,46-55,Male,23.191336,77.396975,12:10,Saturday,Rain,Area_C,10.01,5.54,Area_B,5.34,Area_E
MP-2026-02764,P2764,36-45,Male,23.184413,77.339355,09:47,Sunday,Cloudy,Area_B,14.47,24.28,Area_J,2.17,Area_I
MP-2026-02765,P2765,36-45,Female,23.172617,77.470337,22:18,Friday,Clear,Area_F,3.82,23.48,Area_E,7.47,Area_I
MP-2026-02766,P2766,26-35,Male,23.32172,77.478619,14:45,Tuesday,Rain,Area_F,5.63,4.17,Area_C,1.77,Area_F
MP-2026-02767,P2767,18-25,Male,23.245435,77.476555,01:56,Tuesday,Rain,Area_H,10.39,49.98,Area_J,1.4,Area_F
MP-2026-02768,P2768,36-45,Male,23.254911,77.412233,18:16,Monday,Clear,Area_H,8.57,5.75,Area_D,2.82,Area_E
MP-2026-02769,P2769,18-25,Female,23.173713,77.48466,15:15,Monday,Clear,Area_E,8.82,19.34,Area_C,3.32,Area_B
MP-2026-02770,P2770,36-45,Male,23.262473,77.485168,13:28,Sunday,Clear,Area_B,15.32,19.41,Area_H,3.5,Area_I
MP-2026-02771,P2771,26-35,Male,23.248783,77.348359,15:42,Wednesday,Rain,Area_E,5.92,2.91,Area_D,4.69,Area_H
MP-2026-02772,P2772,46-55,Female,23.254986,77.500174,20:16,Sunday,Rain,Area_B,5.84,70.6,Area_E,0.1,Area_B
MP-2026-02773,P2773,56+,Female,23.183267,77.415957,08:35,Saturday,Clear,Area_D,2.64,2.64,Area_F,0.86,Area_E
MP-2026-02774,P2774,26-35,Female,23.303369,77.424621,12:49,Thursday,Clear,Area_A,6.18,76.6,Area_A,8.96,Area_D
MP-2026-02775,P2775,46-55,Male,23.088228,77.618949,19:13,Wednesday,Clear,Area_J,10.58,62.44,Area_J,1.94,Area_J
MP-2026-02776,P2776,26-35,Male,23.322564,77.480687,18:25,Monday,Cloudy,Area_F,10.31,23.14,Area_B,0.57,Area_B
MP-2026-02777,P2777,18-25,Male,23.25202,77.407551,09:42,Tuesday,Cloudy,Area_B,11.48,1.88,Area_D,3.14,Area_G
MP-2026-02778,P2778,46-55,Female,23.24752,77.340296,09:48,Monday,Cloudy,Area_G,9.06,13.31,Area_G,0.53,Area_E
MP-2026-02779,P2779,26-35,Female,23.314505,77.487128,18:51,Monday,Clear,Area_D,18.9,52.47,Area_I,4.56,Area_C
MP-2026-02780,P2780,26-35,Male,23.159647,77.491046,09:29,Wednesday,Rain,Area_H,16.46,63.11,Area_F,1.39,Area_F
MP-2026-02781,P2781,46-55,Female,23.313582,77.474531,18:17,Friday,Clear,Area_D,7.65,57.7,Area_A,3.57,Area_F
MP-2026-02782,P2782,18-25,Female,23.335781,77.344564,18:05,Wednesday,Clear,Area_A,5.46,25.14,Area_E,3.15,Area_B
MP-2026-02783,P2783,36-45,Male,23.246088,77.391225,06:55,Saturday,Clear,Area_G,5.35,19.82,Area_G,1.39,Area_H
MP-2026-02784,P2784,26-35,Male,23.30359,77.415481,14:24,Tuesday,Rain,Area_H,16.9,44.38,Area_D,2.33,Area_C
MP-2026-02785,P2785,18-25,Female,23.201264,77.477699,10:47,Tuesday,Cloudy,Area_E,12.68,40.52,Area_E,2.36,Area_E
MP-2026-02786,P2786,46-55,Female,23.189318,77.395127,07:10,Thursday,Rain,Area_I,7.37,17.18,Area_G,0.91,Area_I
MP-2026-02787,P2787,56+,Male,23.204534,77.421378,07:03,Monday,Cloudy,Area_E,9.59,9.71,Area_D,5.27,Area_H
MP-2026-02788,P2788,56+,Male,23.235016,77.406572,14:18,Monday,Clear,Area_F,6.2,21.9,Area_E,0.94,Area_F
MP-2026-02789,P2789,36-45,Female,23.249339,77.414772,20:44,Wednesday,Rain,Area_C,4.75,39.62,Area_F,11.5,Area_C
MP-2026-02790,P2790,18-25,Male,23.176427,77.404758,22:43,Tuesday,Rain,Area_E,5.08,9.67,Area_I,1.24,Area_E
MP-2026-02791,P2791,56+,Female,23.240193,77.341922,14:24,Sunday,Cloudy,Area_A,5.66,23.84,Area_F,11.38,Area_B
MP-2026-02792,P2792,18-25,Male,23.168045,77.403128,16:42,Monday,Cloudy,Area_I,16.48,62.77,Area_I,9.47,Area_F
MP-2026-02793,P2793,46-55,Female,23.184175,77.336091,22:26,Wednesday,Rain,Area_G,12.55,42.23,Area_H,0.28,Area_G
MP-2026-02794,P2794,46-55,Male,23.311631,77.405865,18:05,Monday,Cloudy,Area_C,13.74,43.05,Area_E,0.31,Area_B
MP-2026-02795,P2795,36-45,Male,23.176602,77.502472,16:14,Saturday,Clear,Area_B,27.67,41.41,Area_D,4.22,Area_B
MP-2026-02796,P2796,36-45,Male,23.057275,77.599789,18:03,Saturday,Rain,Area_J,4.34,18.64,Area_J,12.97,Area_J
MP-2026-02797,P2797,46-55,Female,23.270896,77.343318,14:16,Tuesday,Clear,Area_B,9.18,8.03,Area_G,1.01,Area_C
MP-2026-02798,P2798,26-35,Female,23.169411,77.418036,10:00,Friday,Fog,Area_G,18.74,13.23,Area_H,7.03,Area_E
MP-2026-02799,P2799,56+,Male,23.179318,77.342781,10:49,Saturday,Clear,Area_C,7.82,7.36,Area_E,0.76,Area_G
MP-2026-02800,P2800,26-35,Male,23.182685,77.332786,06:09,Sunday,Rain,Area_C,9.85,23.15,Area_A,0.19,Area_A
MP-2026-02801,P2801,26-35,Male,23.17665,77.488045,06:59,Thursday,Clear,Area_I,8.06,43.8,Area_E,18.8,Area_C
MP-2026-02802,P2802,18-25,Male,23.316499,77.396441,06:08,Tuesday,Clear,Area_B,6.78,22.88,Area_B,1.09,Area_B
MP-2026-02803,P2803,36-45,Female,23.251137,77.409805,13:58,Friday,Clear,Area_C,9.24,4.06,Area_B,5.5,Area_C
MP-2026-02804,P2804,36-45,Female,23.327894,77.485089,18:11,Thursday,Clear,Area_C,7.12,20.86,Area_F,10.4,Area_C
MP-2026-02805,P2805,26-35,Female,23.178876,77.413447,07:13,Sunday,Clear,Area_E,8.06,37.44,Area_E,2.38,Area_H
MP-2026-02806,P2806,46-55,Male,23.321388,77.398908,15:50,Wednesday,Fog,Area_F,18.0,30.34,Area_H,3.75,Area_B
MP-2026-02807,P2807,46-55,Female,23.312887,77.415124,18:00,Saturday,Cloudy,Area_B,7.25,19.14,Area_A,3.46,Area_B
MP-2026-02808,P2808,18-25,Male,23.244257,77.420669,09:05,Saturday,Cloudy,Area_E,3.27,12.87,Area_A,1.62,Area_E
MP-2026-02809,P2809,56+,Female,23.237675,77.413666,16:26,Sunday,Clear,Area_G,8.7,15.05,Area_E,0.21,Area_D
MP-2026-02810,P2810,26-35,Female,23.323503,77.333612,16:24,Monday,Rain,Area_C,20.7,9.04,Area_E,0.56,Area_F
MP-2026-02811,P2811,18-25,Male,23.307217,77.399405,10:42,Wednesday,Rain,Area_C,11.75,24.46,Area_C,0.79,Area_C
MP-2026-02812,P2812,46-55,Female,23.233904,77.409777,13:07,Sunday,Clear,Area_A,11.63,44.3,Area_B,1.52,Area_E
MP-2026-02813,P2813,46-55,Other,23.319667,77.320314,15:20,Saturday,Clear,Area_A,3.83,6.89,Area_B,2.72,Area_A
MP-2026-02814,P2814,46-55,Male,23.18066,77.469747,19:38,Tuesday,Clear,Area_I,18.15,27.55,Area_F,0.3,Area_I
MP-2026-02815,P2815,36-45,Other,23.317908,77.494386,03:28,Wednesday,Clear,Area_B,2.42,4.16,Area_F,0.42,Area_C
MP-2026-02816,P2816,36-45,Male,23.195147,77.410004,14:10,Sunday,Clear,Area_G,13.3,44.78,Area_F,1.08,Area_F
MP-2026-02817,P2817,18-25,Other,23.231012,77.476175,14:43,Saturday,Clear,Area_E,6.23,12.77,Area_D,0.46,Area_E
MP-2026-02818,P2818,36-45,Female,23.23371,77.411093,10:13,Saturday,Clear,Area_B,17.36,15.57,Area_F,0.26,Area_B
MP-2026-02819,P2819,36-45,Male,23.310247,77.340824,09:06,Sunday,Cloudy,Area_B,5.72,10.44,Area_D,0.29,Area_E
MP-2026-02820,P2820,26-35,Male,23.329482,77.411898,09:42,Saturday,Clear,Area_E,8.77,6.84,Area_I,1.63,Area_E
MP-2026-02821,P2821,18-25,Female,23.252633,77.400231,23:21,Sunday,Rain,Area_D,4.38,24.22,Area_G,4.5,Area_F
MP-2026-02822,P2822,26-35,Female,23.190028,77.422035,07:35,Sunday,Clear,Area_A,19.05,20.48,Area_H,1.22,Area_I
MP-2026-02823,P2823,18-25,Male,23.1923,77.32805,17:15,Thursday,Clear,Area_C,7.67,65.46,Area_F,3.13,Area_H
MP-2026-02824,P2824,46-55,Other,23.187969,77.343917,07:34,Saturday,Clear,Area_E,6.26,8.77,Area_D,3.96,Area_A
MP-2026-02825,P2825,26-35,Male,23.264435,77.489806,20:22,Sunday,Cloudy,Area_B,22.07,64.28,Area_A,14.34,Area_B
MP-2026-02826,P2826,26-35,Female,23.176711,77.420858,18:50,Friday,Cloudy,Area_C,9.31,4.68,Area_E,0.13,Area_F
MP-2026-02827,P2827,18-25,Female,23.305242,77.413037,13:49,Thursday,Clear,Area_B,9.65,22.56,Area_D,12.67,Area_B
MP-2026-02828,P2828,56+,Female,23.194876,77.468391,09:22,Thursday,Fog,Area_D,6.07,3.85,Area_H,10.66,Area_I
MP-2026-02829,P2829,18-25,Female,23.248869,77.469982,08:44,Friday,Cloudy,Area_C,20.09,15.1,Area_C,4.46,Area_C
MP-2026-02830,P2830,26-35,Male,23.256078,77.323849,07:22,Monday,Clear,Area_B,8.57,46.39,Area_A,5.18,Area_D
MP-2026-02831,P2831,26-35,Female,23.241653,77.335467,10:50,Friday,Clear,Area_B,14.08,10.63,Area_B,2.69,Area_A
MP-2026-02832,P2832,36-45,Other,23.32331,77.340597,15:38,Thursday,Cloudy,Area_A,7.17,44.29,Area_E,4.71,Area_A
MP-2026-02833,P2833,26-35,Female,23.184865,77.48256,08:17,Wednesday,Clear,Area_H,12.08,38.37,Area_I,0.77,Area_I
MP-2026-02834,P2834,36-45,Female,23.24935,77.349346,16:48,Wednesday,Clear,Area_H,9.22,20.19,Area_B,2.51,Area_B
MP-2026-02835,P2835,26-35,Female,23.243053,77.350215,19:08,Thursday,Clear,Area_G,11.35,16.67,Area_E,1.73,Area_E
MP-2026-02836,P2836,36-45,Female,23.261464,77.408244,11:06,Monday,Clear,Area_G,10.02,3.48,Area_G,0.74,Area_G
MP-2026-02837,P2837,26-35,Female,23.268136,77.398008,19:14,Wednesday,Clear,Area_B,10.2,52.23,Area_B,3.25,Area_F
MP-2026-02838,P2838,36-45,Female,23.185035,77.340132,08:21,Sunday,Rain,Area_A,11.33,35.38,Area_H,4.47,Area_E
MP-2026-02839,P2839,36-45,Female,23.249398,77.347679,07:30,Thursday,Cloudy,Area_G,22.74,52.02,Area_E,4.21,Area_H
MP-2026-02840,P2840,56+,Female,23.176921,77.344261,05:24,Wednesday,Clear,Area_G,7.43,21.22,Area_G,0.12,Area_H
MP-2026-02841,P2841,46-55,Male,23.248502,77.329914,13:28,Wednesday,Cloudy,Area_E,16.45,21.67,Area_G,0.23,Area_B
MP-2026-02842,P2842,18-25,Female,23.262278,77.40445,05:02,Friday,Cloudy,Area_F,14.76,77.99,Area_D,0.45,Area_F
MP-2026-02843,P2843,36-45,Female,23.179706,77.483102,00:14,Sunday,Clear,Area_I,9.29,21.68,Area_C,0.74,Area_E
MP-2026-02844,P2844,46-55,Male,23.241595,77.474478,09:23,Friday,Fog,Area_D,6.7,14.8,Area_G,0.72,Area_E
MP-2026-02845,P2845,56+,Female,23.082167,77.621995,21:55,Monday,Cloudy,Area_F,4.03,2.5,Area_J,2.97,Area_J
MP-2026-02846,P2846,36-45,Male,23.242713,77.478432,20:49,Monday,Cloudy,Area_B,14.84,44.79,Area_D,16.08,Area_B
MP-2026-02847,P2847,18-25,Male,23.257706,77.343173,16:40,Wednesday,Clear,Area_H,18.08,52.85,Area_H,14.22,Area_H
MP-2026-02848,P2848,18-25,Other,23.17606,77.34626,00:27,Sunday,Cloudy,Area_H,11.1,55.49,Area_E,2.92,Area_H
MP-2026-02849,P2849,26-35,Female,23.165711,77.314092,19:49,Friday,Clear,Area_A,10.36,78.63,Area_B,0.35,Area_D
MP-2026-02850,P2850,18-25,Other,23.321515,77.337045,22:52,Saturday,Clear,Area_H,18.23,27.99,Area_F,4.53,Area_F
MP-2026-02851,P2851,36-45,Female,23.314276,77.41124,18:08,Wednesday,Clear,Area_B,12.87,53.2,Area_B,1.86,Area_E
MP-2026-02852,P2852,36-45,Female,23.079884,77.609891,09:07,Monday,Clear,Area_I,11.57,4.13,Area_H,4.86,Area_I
MP-2026-02853,P2853,36-45,Male,23.246108,77.324681,07:25,Sunday,Rain,Area_D,6.24,8.33,Area_H,3.39,Area_G
MP-2026-02854,P2854,18-25,Male,23.30744,77.428739,17:50,Sunday,Rain,Area_C,12.49,59.1,Area_D,0.24,Area_D
MP-2026-02855,P2855,36-45,Female,23.303957,77.421224,14:25,Wednesday,Cloudy,Area_D,9.49,6.99,Area_C,1.02,Area_D
MP-2026-02856,P2856,56+,Male,23.259966,77.335193,15:49,Monday,Clear,Area_C,4.47,21.87,Area_F,3.96,Area_H
MP-2026-02857,P2857,18-25,Male,23.165546,77.328676,09:00,Friday,Fog,Area_I,5.44,24.16,Area_D,0.69,Area_G
MP-2026-02858,P2858,26-35,Female,23.175004,77.407099,12:46,Saturday,Fog,Area_C,25.71,19.68,Area_G,5.79,Area_E
MP-2026-02859,P2859,36-45,Female,23.182964,77.477276,17:57,Wednesday,Clear,Area_J,17.56,30.14,Area_E,0.71,Area_C
MP-2026-02860,P2860,26-35,Female,23.17014,77.334628,12:11,Saturday,Cloudy,Area_D,6.75,5.52,Area_G,13.69,Area_D
MP-2026-02861,P2861,46-55,Female,23.257773,77.412471,18:17,Saturday,Clear,Area_D,9.65,71.32,Area_G,6.68,Area_D
MP-2026-02862,P2862,18-25,Other,23.172296,77.415338,07:06,Friday,Rain,Area_B,6.67,16.24,Area_E,0.92,Area_D
MP-2026-02863,P2863,36-45,Male,23.244429,77.409433,18:33,Wednesday,Clear,Area_A,11.84,15.0,Area_H,0.12,Area_A
MP-2026-02864,P2864,26-35,Male,23.324391,77.34665,16:50,Monday,Cloudy,Area_E,14.08,13.71,Area_F,7.63,Area_E
MP-2026-02865,P2865,18-25,Male,23.243865,77.329991,15:05,Wednesday,Clear,Area_E,10.39,1.35,Area_E,3.16,Area_E
MP-2026-02866,P2866,18-25,Female,23.173442,77.41104,16:56,Monday,Clear,Area_I,6.82,35.2,Area_E,16.24,Area_E
MP-2026-02867,P2867,26-35,Male,23.175304,77.485875,11:45,Thursday,Rain,Area_E,22.06,69.6,Area_H,2.82,Area_E
MP-2026-02868,P2868,18-25,Male,23.171798,77.482711,05:48,Saturday,Clear,Area_G,8.54,3.38,Area_F,5.11,Area_F
MP-2026-02869,P2869,26-35,Male,23.253278,77.34901,08:26,Saturday,Cloudy,Area_G,21.99,14.74,Area_H,7.43,Area_G
MP-2026-02870,P2870,26-35,Female,23.182223,77.492088,18:29,Saturday,Clear,Area_H,11.58,36.98,Area_I,0.37,Area_H
MP-2026-02871,P2871,36-45,Female,23.187866,77.476028,19:26,Tuesday,Rain,Area_A,13.91,66.92,Area_H,3.61,Area_I
MP-2026-02872,P2872,36-45,Male,23.316255,77.470949,13:52,Thursday,Clear,Area_A,6.65,9.72,Area_B,0.45,Area_B
MP-2026-02873,P2873,36-45,Male,23.172948,77.484213,08:00,Wednesday,Clear,Area_B,10.3,3.08,Area_A,2.48,Area_G
MP-2026-02874,P2874,26-35,Other,23.265073,77.475508,17:38,Monday,Clear,Area_C,16.37,57.42,Area_F,1.4,Area_C
MP-2026-02875,P2875,26-35,Female,23.190052,77.471383,17:59,Sunday,Rain,Area_E,5.94,3.88,Area_C,2.9,Area_E
MP-2026-02876,P2876,36-45,Female,23.249225,77.3987,16:08,Saturday,Cloudy,Area_H,11.62,10.76,Area_I,3.74,Area_C
MP-2026-02877,P2877,36-45,Male,23.316457,77.408369,21:36,Thursday,Cloudy,Area_C,6.5,17.39,Area_I,23.91,Area_I
MP-2026-02878,P2878,36-45,Female,23.250438,77.339413,21:10,Monday,Clear,Area_F,6.24,9.84,Area_A,2.56,Area_F
MP-2026-02879,P2879,46-55,Male,23.177607,77.337808,16:53,Tuesday,Fog,Area_B,7.11,39.21,Area_I,7.98,Area_B
MP-2026-02880,P2880,36-45,Female,23.251341,77.471526,18:25,Sunday,Cloudy,Area_I,18.56,66.65,Area_B,0.57,Area_B
MP-2026-02881,P2881,26-35,Male,23.324713,77.34117,14:55,Wednesday,Cloudy,Area_F,14.9,21.3,Area_B,6.25,Area_B
MP-2026-02882,P2882,36-45,Female,23.315778,77.326241,18:07,Friday,Clear,Area_C,20.21,32.42,Area_B,4.13,Area_B
MP-2026-02883,P2883,36-45,Male,23.253896,77.479071,22:45,Sunday,Clear,Area_D,16.78,75.39,Area_C,22.82,Area_F
MP-2026-02884,P2884,36-45,Male,23.253627,77.328596,12:51,Sunday,Clear,Area_B,9.17,58.43,Area_E,5.88,Area_B
MP-2026-02885,P2885,46-55,Female,23.257839,77.41011,11:45,Thursday,Clear,Area_C,4.17,10.07,Area_F,4.37,Area_E
MP-2026-02886,P2886,46-55,Other,23.247888,77.403791,12:13,Thursday,Clear,Area_I,8.36,60.41,Area_B,5.48,Area_D
MP-2026-02887,P2887,56+,Female,23.251647,77.329065,07:44,Monday,Clear,Area_A,6.9,78.9,Area_A,0.18,Area_A
MP-2026-02888,P2888,36-45,Male,23.174117,77.475044,17:11,Sunday,Fog,Area_D,10.94,41.25,Area_H,4.76,Area_B
MP-2026-02889,P2889,26-35,Female,23.238877,77.48614,05:39,Saturday,Clear,Area_B,2.72,1.01,Area_C,2.09,Area_F
MP-2026-02890,P2890,26-35,Male,23.253696,77.423269,18:23,Saturday,Clear,Area_B,24.56,10.2,Area_I,6.02,Area_B
MP-2026-02891,P2891,36-45,Male,23.058431,77.599844,19:46,Saturday,Clear,Area_A,5.65,56.96,Area_D,3.68,Area_F
MP-2026-02892,P2892,18-25,Male,23.320279,77.326608,17:19,Friday,Cloudy,Area_B,10.63,16.5,Area_B,1.74,Area_B
MP-2026-02893,P2893,18-25,Male,23.255649,77.355112,07:46,Thursday,Cloudy,Area_A,4.12,6.81,Area_B,0.1,Area_A
MP-2026-02894,P2894,18-25,Other,23.324308,77.482639,18:07,Thursday,Clear,Area_C,18.68,75.53,Area_F,3.04,Area_C
MP-2026-02895,P2895,36-45,Female,23.252533,77.412694,15:56,Thursday,Clear,Area_A,4.93,61.04,Area_I,1.51,Area_A
MP-2026-02896,P2896,46-55,Male,23.186562,77.47467,17:39,Sunday,Clear,Area_B,14.0,56.55,Area_I,1.17,Area_H
MP-2026-02897,P2897,56+,Male,23.336826,77.408005,11:31,Thursday,Clear,Area_B,14.88,57.48,Area_B,9.04,Area_B
MP-2026-02898,P2898,26-35,Female,23.322053,77.342593,18:11,Friday,Clear,Area_B,9.68,69.93,Area_D,1.43,Area_B
MP-2026-02899,P2899,36-45,Male,23.185077,77.35569,07:36,Wednesday,Clear,Area_A,6.56,2.89,Area_E,6.76,Area_D
MP-2026-02900,P2900,18-25,Female,23.234735,77.456876,21:35,Wednesday,Clear,Area_E,14.3,18.82,Area_C,2.93,Area_E
MP-2026-02901,P2901,36-45,Female,23.243927,77.480483,13:50,Wednesday,Clear,Area_E,9.82,77.94,Area_C,3.76,Area_H
MP-2026-02902,P2902,56+,Male,23.162152,77.426509,07:20,Sunday,Clear,Area_I,10.78,2.21,Area_H,0.22,Area_I
MP-2026-02903,P2903,26-35,Female,23.182835,77.475294,16:39,Friday,Clear,Area_F,12.72,10.41,Area_J,23.68,Area_J
MP-2026-02904,P2904,18-25,Male,23.26618,77.347922,16:07,Monday,Clear,Area_C,14.55,32.55,Area_D,1.2,Area_G
MP-2026-02905,P2905,36-45,Male,23.245586,77.344949,21:34,Wednesday,Cloudy,Area_A,14.72,68.24,Area_A,8.29,Area_D
MP-2026-02906,P2906,26-35,Female,23.336201,77.404049,14:32,Friday,Clear,Area_C,30.0,78.21,Area_C,2.94,Area_E
MP-2026-02907,P2907,36-45,Female,23.319611,77.420941,21:15,Thursday,Cloudy,Area_G,9.1,4.06,Area_D,0.11,Area_B
MP-2026-02908,P2908,46-55,Female,23.189276,77.475037,20:08,Tuesday,Clear,Area_H,9.91,11.1,Area_D,1.39,Area_H
MP-2026-02909,P2909,18-25,Female,23.248226,77.422921,13:32,Wednesday,Fog,Area_B,14.51,50.6,Area_C,3.91,Area_F
MP-2026-02910,P2910,26-35,Male,23.328195,77.421605,07:36,Saturday,Cloudy,Area_A,4.24,23.74,Area_A,6.5,Area_A
MP-2026-02911,P2911,18-25,Female,23.184423,77.396046,10:26,Tuesday,Cloudy,Area_G,15.03,69.33,Area_D,2.71,Area_E
MP-2026-02912,P2912,36-45,Female,23.346646,77.41258,12:40,Monday,Fog,Area_B,10.61,15.02,Area_D,1.59,Area_H
MP-2026-02913,P2913,18-25,Female,23.303486,77.329616,17:59,Sunday,Clear,Area_C,6.25,51.77,Area_E,5.5,Area_A
MP-2026-02914,P2914,18-25,Female,23.247634,77.486162,19:30,Wednesday,Cloudy,Area_C,9.42,24.77,Area_F,3.49,Area_C
MP-2026-02915,P2915,46-55,Male,23.241854,77.490213,18:00,Friday,Rain,Area_H,8.61,5.23,Area_F,0.1,Area_C
MP-2026-02916,P2916,26-35,Male,23.190063,77.485012,07:53,Monday,Cloudy,Area_D,7.0,9.23,Area_I,0.14,Area_H
MP-2026-02917,P2917,56+,Female,23.197629,77.424641,19:29,Saturday,Cloudy,Area_B,2.12,3.42,Area_H,0.98,Area_D
MP-2026-02918,P2918,26-35,Female,23.240075,77.483999,16:44,Friday,Cloudy,Area_I,9.33,73.71,Area_I,5.33,Area_F
MP-2026-02919,P2919,46-55,Female,23.187641,77.345291,16:35,Thursday,Cloudy,Area_C,19.13,34.63,Area_C,2.56,Area_B
MP-2026-02920,P2920,26-35,Female,23.319095,77.33279,01:18,Wednesday,Clear,Area_H,5.55,5.26,Area_H,1.81,Area_B
MP-2026-02921,P2921,56+,Female,23.333998,77.348538,17:21,Saturday,Cloudy,Area_B,4.86,67.59,Area_D,0.1,Area_H
MP-2026-02922,P2922,36-45,Female,23.254098,77.4962,21:47,Friday,Clear,Area_A,7.88,61.92,Area_C,11.69,Area_C
MP-2026-02923,P2923,26-35,Male,23.19961,77.480118,14:32,Monday,Clear,Area_F,14.44,21.22,Area_D,2.44,Area_E
MP-2026-02924,P2924,36-45,Male,23.172525,77.41806,20:31,Wednesday,Clear,Area_A,27.7,20.77,Area_B,1.81,Area_B
MP-2026-02925,P2925,26-35,Female,23.245737,77.413951,15:44,Wednesday,Clear,Area_I,19.36,66.96,Area_D,0.82,Area_H
MP-2026-02926,P2926,46-55,Female,23.174616,77.472845,21:12,Thursday,Rain,Area_H,6.02,17.49,Area_H,2.55,Area_G
MP-2026-02927,P2927,36-45,Female,23.308315,77.403941,10:52,Friday,Clear,Area_A,8.76,15.22,Area_C,6.46,Area_A
MP-2026-02928,P2928,36-45,Female,23.322411,77.463162,20:24,Monday,Cloudy,Area_D,5.48,7.68,Area_F,11.3,Area_F
MP-2026-02929,P2929,26-35,Male,23.181415,77.48,03:20,Thursday,Cloudy,Area_G,7.21,9.39,Area_I,8.11,Area_I
MP-2026-02930,P2930,46-55,Female,23.179696,77.481256,05:09,Friday,Clear,Area_G,3.56,6.37,Area_G,2.58,Area_G
MP-2026-02931,P2931,46-55,Female,23.264163,77.413323,14:40,Wednesday,Clear,Area_G,5.93,5.85,Area_H,2.09,Area_G
MP-2026-02932,P2932,36-45,Male,23.182898,77.409884,18:55,Saturday,Clear,Area_B,7.99,44.4,Area_D,4.44,Area_B
MP-2026-02933,P2933,56+,Male,23.309807,77.356268,18:42,Thursday,Clear,Area_G,6.8,38.21,Area_H,0.1,Area_G
MP-2026-02934,P2934,18-25,Male,23.246781,77.322634,20:51,Tuesday,Cloudy,Area_F,14.94,20.02,Area_E,0.19,Area_F
MP-2026-02935,P2935,26-35,Male,23.315682,77.336339,15:33,Sunday,Rain,Area_E,6.14,5.87,Area_H,3.21,Area_E
MP-2026-02936,P2936,56+,Female,23.186697,77.477821,06:14,Saturday,Cloudy,Area_B,12.14,63.08,Area_A,12.16,Area_A
MP-2026-02937,P2937,36-45,Other,23.236961,77.329727,07:33,Tuesday,Clear,Area_G,19.2,15.09,Area_F,2.56,Area_E
MP-2026-02938,P2938,46-55,Male,23.184512,77.336382,10:58,Monday,Clear,Area_C,11.06,24.31,Area_D,1.32,Area_G
MP-2026-02939,P2939,36-45,Female,23.17571,77.414808,02:50,Wednesday,Rain,Area_A,12.37,22.16,Area_E,2.45,Area_G
MP-2026-02940,P2940,18-25,Female,23.308579,77.474838,12:00,Thursday,Cloudy,Area_E,16.18,61.89,Area_B,6.26,Area_E
MP-2026-02941,P2941,36-45,Male,23.19028,77.482036,06:01,Friday,Rain,Area_A,18.32,63.95,Area_F,1.01,Area_I
MP-2026-02942,P2942,18-25,Female,23.174306,77.479036,05:00,Sunday,Clear,Area_I,13.53,46.03,Area_I,1.08,Area_I
MP-2026-02943,P2943,26-35,Female,23.314928,77.470729,10:29,Wednesday,Clear,Area_E,10.29,20.13,Area_B,2.88,Area_C
MP-2026-02944,P2944,26-35,Male,23.309635,77.409427,22:12,Sunday,Clear,Area_E,3.1,7.51,Area_A,9.04,Area_C
MP-2026-02945,P2945,26-35,Male,23.307452,77.410817,07:11,Wednesday,Clear,Area_H,3.3,7.44,Area_E,0.34,Area_H
MP-2026-02946,P2946,46-55,Male,23.262056,77.348965,09:38,Thursday,Clear,Area_C,7.84,59.87,Area_C,4.27,Area_E
MP-2026-02947,P2947,18-25,Male,23.258875,77.437114,19:09,Thursday,Clear,Area_B,10.78,67.18,Area_C,7.07,Area_F
MP-2026-02948,P2948,26-35,Female,23.235786,77.409917,08:01,Thursday,Clear,Area_F,8.89,1.41,Area_D,0.43,Area_B
MP-2026-02949,P2949,56+,Female,23.250631,77.485499,08:30,Monday,Cloudy,Area_G,10.2,70.92,Area_B,2.18,Area_E
MP-2026-02950,P2950,26-35,Female,23.172093,77.40769,10:00,Thursday,Clear,Area_D,20.25,39.06,Area_E,4.94,Area_C
MP-2026-02951,P2951,26-35,Female,23.252543,77.333541,21:57,Wednesday,Clear,Area_C,7.54,44.57,Area_D,3.48,Area_C
MP-2026-02952,P2952,26-35,Female,23.163865,77.339939,17:02,Monday,Clear,Area_A,11.38,17.23,Area_H,3.12,Area_H
MP-2026-02953,P2953,36-45,Female,23.18506,77.33388,05:53,Tuesday,Cloudy,Area_C,8.0,28.31,Area_H,0.1,Area_D
MP-2026-02954,P2954,36-45,Female,23.180557,77.342856,07:57,Sunday,Clear,Area_H,14.43,3.85,Area_H,2.79,Area_A
MP-2026-02955,P2955,56+,Male,23.194704,77.41683,18:10,Sunday,Fog,Area_F,4.62,61.14,Area_G,0.76,Area_C
MP-2026-02956,P2956,26-35,Female,23.245983,77.336859,21:55,Tuesday,Clear,Area_B,2.93,4.12,Area_H,3.09,Area_H
MP-2026-02957,P2957,26-35,Male,23.255637,77.347984,17:27,Sunday,Clear,Area_J,11.2,4.54,Area_J,0.18,Area_B
MP-2026-02958,P2958,36-45,Female,23.177254,77.337762,19:30,Sunday,Rain,Area_D,8.26,2.06,Area_C,9.51,Area_H
MP-2026-02959,P2959,36-45,Male,23.300206,77.341317,13:37,Sunday,Cloudy,Area_F,2.2,6.6,Area_I,0.91,Area_A
MP-2026-02960,P2960,36-45,Male,23.262642,77.470031,06:42,Tuesday,Clear,Area_C,6.66,6.31,Area_H,2.86,Area_G
MP-2026-02961,P2961,56+,Male,23.257512,77.485548,14:36,Monday,Rain,Area_A,5.9,8.43,Area_E,0.62,Area_E
MP-2026-02962,P2962,46-55,Male,23.243483,77.349434,10:01,Friday,Clear,Area_C,15.32,26.8,Area_B,7.33,Area_E
MP-2026-02963,P2963,18-25,Female,23.243743,77.357277,05:11,Wednesday,Cloudy,Area_A,7.93,15.16,Area_B,4.69,Area_A
MP-2026-02964,P2964,36-45,Male,23.194881,77.477197,06:35,Sunday,Rain,Area_F,5.7,2.29,Area_E,2.81,Area_F
MP-2026-02965,P2965,36-45,Female,23.19079,77.3323,20:07,Tuesday,Clear,Area_E,11.49,7.93,Area_B,0.19,Area_E
MP-2026-02966,P2966,18-25,Male,23.052807,77.613115,17:50,Saturday,Cloudy,Area_J,7.37,48.24,Area_J,5.34,Area_J
MP-2026-02967,P2967,18-25,Female,23.189739,77.48028,20:44,Friday,Clear,Area_H,7.05,16.47,Area_H,2.18,Area_F
MP-2026-02968,P2968,18-25,Male,23.163176,77.393454,19:19,Wednesday,Cloudy,Area_H,21.7,67.03,Area_F,1.08,Area_H
MP-2026-02969,P2969,56+,Other,23.248365,77.409924,16:20,Sunday,Cloudy,Area_B,7.11,38.12,Area_C,4.12,Area_F
MP-2026-02970,P2970,46-55,Female,23.255754,77.405109,12:51,Thursday,Clear,Area_A,19.36,13.98,Area_D,2.59,Area_H
MP-2026-02971,P2971,36-45,Female,23.30691,77.395741,17:02,Wednesday,Cloudy,Area_C,7.63,5.86,Area_A,3.99,Area_F
MP-2026-02972,P2972,26-35,Female,23.241862,77.470766,12:08,Tuesday,Clear,Area_I,11.53,32.15,Area_H,9.21,Area_H
MP-2026-02973,P2973,18-25,Male,23.190856,77.342657,16:30,Friday,Clear,Area_B,9.65,6.9,Area_E,4.86,Area_H
MP-2026-02974,P2974,26-35,Female,23.24037,77.477413,11:21,Friday,Cloudy,Area_D,7.44,2.68,Area_H,3.72,Area_E
MP-2026-02975,P2975,36-45,Male,23.184652,77.329009,11:57,Tuesday,Cloudy,Area_D,3.28,2.59,Area_D,7.74,Area_D
MP-2026-02976,P2976,18-25,Male,23.315308,77.390851,13:40,Thursday,Clear,Area_I,10.91,6.09,Area_E,15.91,Area_A
MP-2026-02977,P2977,46-55,Male,23.192125,77.333774,09:15,Tuesday,Clear,Area_H,6.42,20.76,Area_E,0.15,Area_G
MP-2026-02978,P2978,26-35,Female,23.260951,77.415388,00:20,Wednesday,Cloudy,Area_A,17.08,10.73,Area_D,2.5,Area_A
MP-2026-02979,P2979,36-45,Female,23.179053,77.497702,19:29,Saturday,Clear,Area_D,7.25,52.82,Area_E,1.31,Area_I
MP-2026-02980,P2980,46-55,Female,23.239086,77.342246,20:25,Tuesday,Cloudy,Area_A,26.57,73.05,Area_D,2.21,Area_D
MP-2026-02981,P2981,26-35,Female,23.33527,77.347932,18:30,Wednesday,Rain,Area_C,18.23,39.63,Area_A,3.83,Area_B
MP-2026-02982,P2982,18-25,Other,23.241698,77.483813,22:27,Tuesday,Clear,Area_B,17.34,5.74,Area_G,1.2,Area_B
MP-2026-02983,P2983,56+,Male,23.16899,77.476608,07:02,Sunday,Rain,Area_B,16.1,24.71,Area_G,8.72,Area_H
MP-2026-02984,P2984,18-25,Female,23.312821,77.480787,09:28,Monday,Cloudy,Area_D,20.64,59.68,Area_F,5.82,Area_A
MP-2026-02985,P2985,36-45,Male,23.30544,77.396992,18:44,Wednesday,Cloudy,Area_C,9.08,22.71,Area_E,4.6,Area_C
MP-2026-02986,P2986,18-25,Other,23.23805,77.404649,18:07,Sunday,Cloudy,Area_E,21.78,11.05,Area_A,2.07,Area_C
MP-2026-02987,P2987,56+,Male,23.325052,77.326142,11:01,Tuesday,Clear,Area_A,13.33,21.82,Area_B,5.21,Area_D
MP-2026-02988,P2988,26-35,Male,23.235427,77.489325,11:49,Friday,Cloudy,Area_C,20.23,14.12,Area_F,2.8,Area_C
MP-2026-02989,P2989,36-45,Male,23.166118,77.463812,11:18,Tuesday,Cloudy,Area_B,8.24,21.53,Area_A,5.23,Area_D
MP-2026-02990,P2990,26-35,Male,23.166701,77.470593,08:35,Friday,Clear,Area_G,9.16,24.44,Area_H,5.36,Area_H
MP-2026-02991,P2991,18-25,Male,23.249302,77.41894,12:41,Friday,Rain,Area_A,8.68,42.85,Area_E,11.62,Area_A
MP-2026-02992,P2992,26-35,Female,23.257488,77.486082,08:26,Monday,Cloudy,Area_C,12.24,11.13,Area_F,3.74,Area_I
MP-2026-02993,P2993,36-45,Female,23.245808,77.412408,07:20,Sunday,Clear,Area_J,11.05,23.12,Area_B,0.41,Area_H
MP-2026-02994,P2994,36-45,Male,23.240797,77.464586,01:07,Thursday,Fog,Area_E,15.79,64.59,Area_C,0.6,Area_E
MP-2026-02995,P2995,18-25,Female,23.319059,77.428526,07:20,Tuesday,Clear,Area_F,27.13,34.12,Area_G,3.1,Area_H
MP-2026-02996,P2996,46-55,Female,23.192872,77.342186,13:52,Wednesday,Rain,Area_H,5.01,7.97,Area_D,3.95,Area_H
MP-2026-02997,P2997,26-35,Female,23.225854,77.411787,16:02,Tuesday,Clear,Area_H,9.66,24.49,Area_H,11.59,Area_H
MP-2026-02998,P2998,36-45,Female,23.31234,77.476527,06:31,Friday,Clear,Area_C,10.96,2.81,Area_F,2.12,Area_C
MP-2026-02999,P2999,26-35,Female,23.178374,77.330338,15:52,Thursday,Rain,Area_A,11.63,1.22,Area_C,1.55,Area_F
MP-2026-03000,P3000,18-25,Female,23.314302,77.479891,08:56,Tuesday,Clear,Area_A,12.39,38.73,Area_B,9.28,Area_B
MP-2026-03001,P3001,26-35,Female,23.327219,77.334711,11:09,Tuesday,Clear,Area_E,14.45,27.37,Area_C,0.29,Area_E
MP-2026-03002,P3002,36-45,Male,23.314453,77.410206,10:37,Thursday,Rain,Area_C,12.3,73.43,Area_A,1.73,Area_A
MP-2026-03003,P3003,26-35,Male,23.183562,77.329025,05:05,Saturday,Cloudy,Area_I,13.12,67.2,Area_I,1.96,Area_I
MP-2026-03004,P3004,46-55,Female,23.265507,77.470913,11:41,Thursday,Clear,Area_C,11.65,13.14,Area_A,1.39,Area_C
MP-2026-03005,P3005,18-25,Male,23.177612,77.49001,23:10,Friday,Clear,Area_B,5.99,39.19,Area_D,3.05,Area_B
MP-2026-03006,P3006,26-35,Male,23.253178,77.411324,15:28,Wednesday,Clear,Area_B,9.83,14.5,Area_D,2.13,Area_C
MP-2026-03007,P3007,36-45,Female,23.190882,77.488402,06:40,Sunday,Cloudy,Area_C,9.6,16.12,Area_H,3.48,Area_I
MP-2026-03008,P3008,46-55,Male,23.196848,77.349837,19:18,Saturday,Clear,Area_E,7.76,16.89,Area_A,1.54,Area_E
MP-2026-03009,P3009,26-35,Female,23.328202,77.496754,13:03,Monday,Cloudy,Area_G,13.32,60.05,Area_H,2.17,Area_E
MP-2026-03010,P3010,26-35,Female,23.251963,77.47598,07:49,Tuesday,Clear,Area_A,18.54,24.51,Area_D,1.15,Area_A
MP-2026-03011,P3011,26-35,Female,23.247162,77.332073,19:08,Saturday,Clear,Area_C,12.65,41.81,Area_F,0.48,Area_C
MP-2026-03012,P3012,26-35,Female,23.326357,77.334452,19:11,Saturday,Cloudy,Area_B,11.93,45.53,Area_A,0.17,Area_B
MP-2026-03013,P3013,36-45,Female,23.178945,77.330967,15:24,Sunday,Cloudy,Area_G,9.05,45.68,Area_I,7.12,Area_B
MP-2026-03014,P3014,36-45,Female,23.320686,77.339114,06:03,Tuesday,Rain,Area_E,6.27,9.22,Area_D,2.41,Area_E
MP-2026-03015,P3015,18-25,Female,23.182168,77.334205,19:39,Friday,Cloudy,Area_G,18.47,76.15,Area_A,8.59,Area_G
MP-2026-03016,P3016,46-55,Female,23.253524,77.39865,22:50,Monday,Cloudy,Area_D,13.32,67.69,Area_H,0.65,Area_H
MP-2026-03017,P3017,26-35,Female,23.180739,77.332558,08:26,Friday,Clear,Area_A,14.97,33.61,Area_F,0.1,Area_E
MP-2026-03018,P3018,56+,Male,23.177221,77.335358,09:02,Thursday,Rain,Area_D,4.75,15.01,Area_D,0.12,Area_D
MP-2026-03019,P3019,36-45,Male,23.260353,77.357492,06:55,Tuesday,Clear,Area_D,9.54,66.84,Area_E,7.38,Area_A
MP-2026-03020,P3020,26-35,Male,23.248472,77.406613,07:30,Friday,Fog,Area_G,14.23,1.83,Area_B,0.96,Area_A
MP-2026-03021,P3021,36-45,Male,23.200572,77.330302,07:42,Wednesday,Clear,Area_E,5.97,20.23,Area_H,0.64,Area_G
MP-2026-03022,P3022,18-25,Male,23.25848,77.335062,09:49,Saturday,Clear,Area_A,17.59,66.02,Area_G,10.69,Area_E
MP-2026-03023,P3023,18-25,Female,23.188259,77.483477,11:37,Monday,Fog,Area_C,21.91,43.52,Area_F,1.33,Area_C
MP-2026-03024,P3024,26-35,Male,23.250625,77.328972,16:34,Sunday,Clear,Area_D,5.16,10.56,Area_J,2.23,Area_E
MP-2026-03025,P3025,36-45,Female,23.166922,77.393585,16:21,Wednesday,Rain,Area_B,9.24,8.79,Area_C,4.71,Area_B
MP-2026-03026,P3026,18-25,Female,23.191728,77.483137,13:43,Wednesday,Clear,Area_D,8.99,15.91,Area_B,2.84,Area_H
MP-2026-03027,P3027,56+,Female,23.328854,77.403689,09:36,Sunday,Clear,Area_B,4.83,75.3,Area_B,3.6,Area_E
MP-2026-03028,P3028,26-35,Male,23.316099,77.418275,02:16,Tuesday,Cloudy,Area_G,12.73,18.61,Area_D,3.74,Area_G
MP-2026-03029,P3029,26-35,Male,23.174972,77.348532,08:28,Wednesday,Clear,Area_E,11.06,73.1,Area_D,3.96,Area_H
MP-2026-03030,P3030,26-35,Male,23.270452,77.41956,16:07,Monday,Cloudy,Area_E,4.72,12.13,Area_B,3.7,Area_F
MP-2026-03031,P3031,26-35,Female,23.313999,77.345143,09:28,Tuesday,Clear,Area_B,12.71,71.24,Area_B,2.78,Area_D
MP-2026-03032,P3032,18-25,Other,23.186459,77.339126,10:36,Wednesday,Clear,Area_C,6.09,2.68,Area_C,0.69,Area_A
MP-2026-03033,P3033,18-25,Female,23.323683,77.470912,06:36,Tuesday,Clear,Area_C,15.21,15.6,Area_B,0.17,Area_B
MP-2026-03034,P3034,36-45,Male,23.263107,77.339333,19:08,Monday,Clear,Area_C,15.56,29.46,Area_B,1.85,Area_B
MP-2026-03035,P3035,18-25,Female,23.172487,77.485579,07:17,Tuesday,Clear,Area_D,13.23,35.86,Area_E,0.95,Area_D
MP-2026-03036,P3036,26-35,Other,23.177424,77.394191,17:09,Saturday,Clear,Area_A,13.08,61.05,Area_D,4.3,Area_A
MP-2026-03037,P3037,26-35,Female,23.19401,77.340387,15:03,Saturday,Clear,Area_C,12.54,76.87,Area_C,2.55,Area_F
MP-2026-03038,P3038,36-45,Female,23.319691,77.493416,09:32,Wednesday,Clear,Area_C,5.05,9.57,Area_C,4.33,Area_B
MP-2026-03039,P3039,18-25,Female,23.318097,77.345154,17:32,Thursday,Clear,Area_B,5.63,11.54,Area_H,4.06,Area_B
MP-2026-03040,P3040,36-45,Female,23.323197,77.34436,19:20,Tuesday,Rain,Area_E,8.28,61.63,Area_D,4.24,Area_D
MP-2026-03041,P3041,26-35,Female,23.176415,77.344071,08:30,Wednesday,Clear,Area_D,3.71,1.11,Area_H,2.51,Area_I
MP-2026-03042,P3042,26-35,Male,23.239,77.411516,20:00,Friday,Clear,Area_G,15.41,79.47,Area_I,3.46,Area_H
MP-2026-03043,P3043,26-35,Other,23.331641,77.421505,18:54,Wednesday,Cloudy,Area_E,10.6,37.44,Area_C,3.39,Area_B
MP-2026-03044,P3044,36-45,Male,23.177176,77.482808,13:36,Sunday,Rain,Area_C,15.25,79.12,Area_E,2.12,Area_I
MP-2026-03045,P3045,36-45,Male,23.181338,77.473219,18:09,Wednesday,Clear,Area_H,8.27,22.62,Area_I,7.1,Area_I
MP-2026-03046,P3046,18-25,Female,23.328772,77.467622,19:54,Tuesday,Fog,Area_A,12.43,28.11,Area_E,7.0,Area_B
MP-2026-03047,P3047,56+,Female,23.325643,77.459385,11:21,Monday,Clear,Area_E,7.17,22.71,Area_B,0.73,Area_E
MP-2026-03048,P3048,26-35,Female,23.321776,77.419809,13:36,Saturday,Clear,Area_A,9.17,1.15,Area_H,0.14,Area_E
MP-2026-03049,P3049,46-55,Female,23.249237,77.412719,12:43,Saturday,Rain,Area_C,9.05,14.02,Area_E,10.72,Area_D
MP-2026-03050,P3050,26-35,Female,23.330685,77.349352,07:22,Saturday,Clear,Area_G,8.48,57.51,Area_C,1.48,Area_A
MP-2026-03051,P3051,36-45,Female,23.314884,77.4085,08:20,Monday,Rain,Area_A,4.5,15.22,Area_E,0.37,Area_A
MP-2026-03052,P3052,36-45,Male,23.242153,77.354645,11:44,Saturday,Clear,Area_E,9.47,62.96,Area_D,1.51,Area_D
MP-2026-03053,P3053,56+,Male,23.312734,77.473455,15:17,Tuesday,Clear,Area_A,5.37,37.2,Area_B,6.45,Area_E
MP-2026-03054,P3054,26-35,Other,23.324036,77.485497,18:21,Wednesday,Clear,Area_C,6.5,14.22,Area_D,0.1,Area_C
MP-2026-03055,P3055,56+,Male,23.332059,77.47282,19:50,Saturday,Clear,Area_D,18.7,53.57,Area_G,1.74,Area_E
MP-2026-03056,P3056,56+,Female,23.321163,77.339051,10:46,Wednesday,Clear,Area_B,13.91,18.81,Area_A,9.74,Area_D
MP-2026-03057,P3057,18-25,Male,23.302237,77.33611,20:19,Friday,Cloudy,Area_E,8.47,74.4,Area_A,3.62,Area_A
MP-2026-03058,P3058,36-45,Female,23.252434,77.408418,05:05,Wednesday,Clear,Area_G,14.83,29.87,Area_D,2.49,Area_D
MP-2026-03059,P3059,26-35,Male,23.251229,77.492946,15:54,Monday,Rain,Area_B,13.75,24.74,Area_J,0.29,Area_F
MP-2026-03060,P3060,26-35,Male,23.188907,77.484079,14:23,Friday,Clear,Area_H,10.32,6.73,Area_D,11.72,Area_E
MP-2026-03061,P3061,26-35,Other,23.315932,77.325097,17:23,Saturday,Clear,Area_A,6.74,6.98,Area_D,5.96,Area_F
MP-2026-03062,P3062,46-55,Female,23.270484,77.466238,06:23,Thursday,Cloudy,Area_F,3.24,4.62,Area_B,2.14,Area_C
MP-2026-03063,P3063,26-35,Female,23.241495,77.335735,23:21,Tuesday,Cloudy,Area_B,15.25,60.91,Area_H,2.79,Area_A
MP-2026-03064,P3064,46-55,Other,23.190788,77.330913,21:36,Thursday,Clear,Area_E,7.37,36.35,Area_B,4.49,Area_E
MP-2026-03065,P3065,46-55,Female,23.321625,77.343293,08:25,Friday,Cloudy,Area_C,1.44,7.85,Area_B,4.51,Area_A
MP-2026-03066,P3066,36-45,Female,23.072202,77.614929,15:12,Friday,Clear,Area_J,4.3,78.77,Area_J,1.0,Area_J
MP-2026-03067,P3067,26-35,Female,23.183148,77.33501,16:15,Wednesday,Clear,Area_G,9.03,13.78,Area_D,0.16,Area_G
MP-2026-03068,P3068,26-35,Female,23.176617,77.401461,22:53,Saturday,Clear,Area_A,19.04,51.48,Area_E,11.58,Area_F
MP-2026-03069,P3069,26-35,Female,23.259462,77.337346,17:21,Friday,Rain,Area_A,6.9,50.04,Area_A,8.29,Area_B
MP-2026-03070,P3070,26-35,Female,23.181954,77.347711,19:30,Friday,Rain,Area_F,11.0,10.73,Area_E,3.34,Area_H
MP-2026-03071,P3071,36-45,Male,23.078497,77.60497,13:29,Monday,Fog,Area_J,6.99,32.1,Area_J,10.78,Area_J
MP-2026-03072,P3072,18-25,Male,23.321475,77.417876,19:36,Saturday,Clear,Area_I,13.76,24.62,Area_D,0.56,Area_B
MP-2026-03073,P3073,46-55,Male,23.322602,77.347909,15:08,Wednesday,Clear,Area_B,7.89,4.02,Area_B,4.23,Area_B
MP-2026-03074,P3074,46-55,Male,23.266955,77.497784,18:49,Friday,Rain,Area_B,12.03,14.98,Area_I,2.26,Area_H
MP-2026-03075,P3075,36-45,Female,23.071206,77.610285,07:48,Tuesday,Clear,Area_A,23.14,48.38,Area_F,11.2,Area_J
MP-2026-03076,P3076,26-35,Female,23.328149,77.400295,17:09,Thursday,Clear,Area_C,9.05,17.55,Area_C,2.16,Area_C
MP-2026-03077,P3077,18-25,Male,23.24104,77.482608,17:37,Saturday,Cloudy,Area_A,19.84,30.45,Area_D,1.66,Area_A
MP-2026-03078,P3078,36-45,Male,23.168595,77.410071,16:26,Friday,Fog,Area_E,10.35,2.73,Area_E,8.53,Area_H
MP-2026-03079,P3079,18-25,Female,23.249846,77.411522,13:29,Sunday,Clear,Area_C,6.66,22.62,Area_G,2.53,Area_F
MP-2026-03080,P3080,46-55,Female,23.241506,77.486098,13:07,Saturday,Clear,Area_E,6.82,3.49,Area_C,1.7,Area_I
MP-2026-03081,P3081,26-35,Female,23.32381,77.412165,09:16,Thursday,Clear,Area_H,14.13,75.96,Area_A,4.0,Area_B
MP-2026-03082,P3082,18-25,Female,23.18639,77.42573,06:22,Tuesday,Clear,Area_I,10.53,57.8,Area_E,12.51,Area_I
MP-2026-03083,P3083,46-55,Female,23.322315,77.481218,09:11,Tuesday,Cloudy,Area_B,8.14,74.15,Area_B,0.25,Area_E
MP-2026-03084,P3084,56+,Male,23.164878,77.413212,08:16,Friday,Clear,Area_A,13.54,42.43,Area_E,6.37,Area_I
MP-2026-03085,P3085,26-35,Female,23.265313,77.330436,21:50,Monday,Cloudy,Area_H,8.2,15.67,Area_H,0.26,Area_H
MP-2026-03086,P3086,18-25,Other,23.180516,77.411101,08:57,Monday,Clear,Area_I,14.5,21.96,Area_G,4.23,Area_I
MP-2026-03087,P3087,26-35,Female,23.33116,77.408002,12:23,Thursday,Clear,Area_H,17.51,70.07,Area_F,1.07,Area_E
MP-2026-03088,P3088,36-45,Male,23.320397,77.47109,08:26,Saturday,Fog,Area_C,10.46,77.53,Area_G,0.88,Area_G
MP-2026-03089,P3089,46-55,Male,23.245848,77.464122,11:24,Monday,Cloudy,Area_D,13.68,41.41,Area_A,6.68,Area_B
MP-2026-03090,P3090,26-35,Male,23.179149,77.348949,20:21,Monday,Clear,Area_B,8.29,51.79,Area_A,4.47,Area_D
MP-2026-03091,P3091,18-25,Female,23.253682,77.341012,20:33,Thursday,Cloudy,Area_G,12.05,68.48,Area_H,5.3,Area_G
MP-2026-03092,P3092,18-25,Female,23.32388,77.40573,08:57,Sunday,Clear,Area_F,19.02,42.89,Area_A,9.14,Area_A
MP-2026-03093,P3093,46-55,Female,23.236617,77.34209,15:13,Monday,Clear,Area_G,10.19,49.59,Area_G,1.93,Area_C
MP-2026-03094,P3094,56+,Female,23.17379,77.489917,06:45,Sunday,Clear,Area_F,2.88,3.9,Area_E,24.0,Area_F
MP-2026-03095,P3095,18-25,Other,23.247444,77.475367,17:29,Sunday,Clear,Area_H,12.57,17.42,Area_E,1.7,Area_H
MP-2026-03096,P3096,36-45,Male,23.188493,77.334068,05:56,Tuesday,Rain,Area_E,13.25,70.06,Area_G,6.72,Area_D
MP-2026-03097,P3097,46-55,Male,23.184313,77.42081,17:21,Friday,Clear,Area_A,8.03,71.29,Area_D,7.98,Area_E
MP-2026-03098,P3098,26-35,Female,23.253349,77.409004,09:38,Thursday,Clear,Area_A,8.53,23.29,Area_C,4.36,Area_H
MP-2026-03099,P3099,56+,Female,23.32158,77.330379,06:03,Wednesday,Clear,Area_A,8.94,2.34,Area_H,3.25,Area_I
MP-2026-03100,P3100,46-55,Other,23.251022,77.362285,18:27,Monday,Cloudy,Area_A,4.1,5.98,Area_G,10.75,Area_H
MP-2026-03101,P3101,26-35,Male,23.251588,77.333204,10:43,Wednesday,Clear,Area_D,14.96,76.54,Area_F,1.5,Area_I
MP-2026-03102,P3102,26-35,Male,23.185287,77.479662,16:06,Monday,Rain,Area_C,9.82,72.81,Area_C,0.72,Area_F
MP-2026-03103,P3103,18-25,Male,23.085455,77.631905,22:06,Tuesday,Clear,Area_H,8.26,23.41,Area_E,1.77,Area_E
MP-2026-03104,P3104,36-45,Male,23.30584,77.346662,11:13,Friday,Clear,Area_D,8.42,2.02,Area_A,2.47,Area_C
MP-2026-03105,P3105,26-35,Female,23.162998,77.417693,13:10,Sunday,Cloudy,Area_F,17.01,73.81,Area_E,3.47,Area_G
MP-2026-03106,P3106,36-45,Male,23.25163,77.324396,06:05,Friday,Clear,Area_B,8.39,22.18,Area_E,3.84,Area_B
MP-2026-03107,P3107,36-45,Female,23.260934,77.464696,06:04,Wednesday,Fog,Area_G,14.61,26.41,Area_H,0.54,Area_C
MP-2026-03108,P3108,18-25,Female,23.191617,77.341092,14:24,Tuesday,Rain,Area_C,10.77,68.11,Area_B,9.58,Area_C
MP-2026-03109,P3109,56+,Male,23.17813,77.406387,18:42,Saturday,Clear,Area_B,7.15,9.85,Area_E,0.98,Area_F
MP-2026-03110,P3110,46-55,Other,23.252977,77.333039,04:30,Saturday,Cloudy,Area_C,7.62,50.11,Area_E,4.02,Area_A
MP-2026-03111,P3111,56+,Male,23.24645,77.337392,13:06,Wednesday,Clear,Area_B,10.54,3.96,Area_H,0.57,Area_I
MP-2026-03112,P3112,46-55,Other,23.325503,77.463981,14:12,Friday,Cloudy,Area_B,18.39,24.0,Area_A,9.62,Area_B
MP-2026-03113,P3113,46-55,Other,23.177097,77.342598,21:33,Monday,Clear,Area_A,23.51,68.09,Area_B,1.67,Area_D
MP-2026-03114,P3114,26-35,Male,23.238216,77.409534,02:35,Saturday,Clear,Area_B,6.69,37.43,Area_G,2.46,Area_A
MP-2026-03115,P3115,46-55,Other,23.179109,77.408831,17:31,Sunday,Clear,Area_H,19.57,78.53,Area_G,1.85,Area_B
MP-2026-03116,P3116,26-35,Female,23.307404,77.418174,10:26,Wednesday,Rain,Area_B,10.29,22.03,Area_B,0.1,Area_E
MP-2026-03117,P3117,18-25,Male,23.320747,77.34726,09:43,Tuesday,Clear,Area_A,9.58,44.64,Area_C,1.5,Area_B
MP-2026-03118,P3118,36-45,Male,23.236768,77.403668,08:24,Friday,Clear,Area_C,9.58,20.62,Area_F,2.12,Area_F
MP-2026-03119,P3119,26-35,Male,23.322804,77.407122,09:26,Thursday,Clear,Area_F,8.87,73.08,Area_E,3.07,Area_C
MP-2026-03120,P3120,36-45,Male,23.2445,77.349102,06:59,Wednesday,Clear,Area_F,6.12,22.01,Area_F,4.34,Area_F
MP-2026-03121,P3121,26-35,Female,23.243553,77.404076,07:45,Sunday,Clear,Area_A,8.93,9.88,Area_G,15.96,Area_E
MP-2026-03122,P3122,46-55,Female,23.250907,77.413489,18:07,Thursday,Cloudy,Area_F,13.08,21.35,Area_C,2.77,Area_E
MP-2026-03123,P3123,36-45,Female,23.329629,77.336582,09:37,Monday,Cloudy,Area_A,3.91,1.42,Area_B,1.91,Area_A
MP-2026-03124,P3124,36-45,Other,23.29254,77.486203,17:31,Sunday,Cloudy,Area_E,17.61,58.49,Area_B,1.47,Area_F
MP-2026-03125,P3125,18-25,Male,23.058187,77.616504,19:13,Saturday,Clear,Area_J,9.38,18.7,Area_J,1.71,Area_J
MP-2026-03126,P3126,36-45,Male,23.254748,77.348897,17:06,Tuesday,Clear,Area_B,9.75,19.45,Area_G,1.69,Area_G
MP-2026-03127,P3127,46-55,Female,23.20438,77.490215,16:59,Friday,Clear,Area_D,1.97,2.44,Area_I,5.13,Area_H
MP-2026-03128,P3128,46-55,Female,23.308785,77.346774,19:46,Friday,Clear,Area_A,9.41,39.31,Area_D,1.47,Area_B
MP-2026-03129,P3129,36-45,Female,23.180711,77.409475,08:23,Tuesday,Clear,Area_D,8.07,22.02,Area_E,2.8,Area_H
MP-2026-03130,P3130,56+,Female,23.329677,77.400807,18:46,Monday,Cloudy,Area_B,5.99,3.94,Area_F,8.27,Area_C
MP-2026-03131,P3131,18-25,Female,23.328477,77.342473,19:15,Monday,Fog,Area_A,23.82,8.42,Area_A,7.07,Area_A
MP-2026-03132,P3132,56+,Female,23.322104,77.338511,07:21,Thursday,Clear,Area_B,21.5,57.59,Area_E,0.42,Area_A
MP-2026-03133,P3133,56+,Female,23.248406,77.340556,18:53,Friday,Clear,Area_D,11.78,17.19,Area_H,7.12,Area_G
MP-2026-03134,P3134,56+,Male,23.19187,77.410286,20:07,Thursday,Clear,Area_G,19.0,65.7,Area_G,1.13,Area_G
MP-2026-03135,P3135,18-25,Other,23.184906,77.410256,10:10,Friday,Clear,Area_A,22.99,40.0,Area_G,1.93,Area_H
MP-2026-03136,P3136,36-45,Female,23.339076,77.40925,18:17,Wednesday,Fog,Area_A,14.2,63.5,Area_D,7.28,Area_A
MP-2026-03137,P3137,18-25,Female,23.183954,77.412754,19:11,Saturday,Cloudy,Area_D,13.91,55.62,Area_D,2.53,Area_E
MP-2026-03138,P3138,26-35,Male,23.303131,77.401581,11:03,Wednesday,Rain,Area_G,13.11,44.72,Area_G,10.3,Area_D
MP-2026-03139,P3139,46-55,Female,23.250289,77.49632,11:02,Tuesday,Fog,Area_E,3.78,3.5,Area_E,12.5,Area_C
MP-2026-03140,P3140,26-35,Male,23.327782,77.40901,14:42,Saturday,Clear,Area_E,15.3,66.11,Area_E,0.28,Area_E
MP-2026-03141,P3141,36-45,Female,23.249831,77.40538,18:11,Thursday,Rain,Area_F,8.7,7.87,Area_C,5.07,Area_B
MP-2026-03142,P3142,56+,Male,23.309417,77.326176,17:29,Saturday,Cloudy,Area_A,13.23,59.46,Area_F,1.83,Area_C
MP-2026-03143,P3143,56+,Female,23.241915,77.415397,15:44,Friday,Clear,Area_I,4.62,3.08,Area_G,4.7,Area_D
MP-2026-03144,P3144,46-55,Female,23.321964,77.412889,13:25,Friday,Clear,Area_F,7.91,6.86,Area_D,1.0,Area_D
MP-2026-03145,P3145,46-55,Male,23.247345,77.399575,10:48,Wednesday,Cloudy,Area_C,8.85,50.39,Area_A,3.51,Area_D
MP-2026-03146,P3146,26-35,Female,23.253884,77.458695,13:14,Monday,Cloudy,Area_B,12.4,49.84,Area_D,5.09,Area_E
MP-2026-03147,P3147,46-55,Male,23.188086,77.400071,17:14,Wednesday,Clear,Area_F,8.51,51.95,Area_F,0.37,Area_G
MP-2026-03148,P3148,26-35,Female,23.251684,77.334132,21:08,Wednesday,Clear,Area_B,30.0,21.81,Area_E,2.06,Area_D
MP-2026-03149,P3149,36-45,Female,23.243754,77.329935,18:58,Saturday,Clear,Area_C,8.32,16.77,Area_H,2.65,Area_E
MP-2026-03150,P3150,36-45,Other,23.323984,77.408986,06:14,Tuesday,Cloudy,Area_C,10.91,48.24,Area_F,0.27,Area_F
MP-2026-03151,P3151,46-55,Male,23.264689,77.404,18:14,Monday,Clear,Area_D,5.93,2.43,Area_A,10.16,Area_D
MP-2026-03152,P3152,36-45,Male,23.258198,77.341396,14:39,Monday,Clear,Area_C,16.27,29.21,Area_H,6.76,Area_E
MP-2026-03153,P3153,36-45,Male,23.317028,77.326204,10:51,Wednesday,Clear,Area_C,6.8,18.2,Area_D,0.62,Area_A
MP-2026-03154,P3154,46-55,Female,23.327057,77.408433,06:46,Sunday,Clear,Area_H,8.98,21.2,Area_E,0.57,Area_I
MP-2026-03155,P3155,36-45,Female,23.173567,77.340215,12:28,Tuesday,Clear,Area_H,17.62,17.47,Area_H,1.51,Area_H
MP-2026-03156,P3156,46-55,Female,23.315493,77.482467,10:31,Sunday,Rain,Area_C,18.93,32.2,Area_C,0.14,Area_C
MP-2026-03157,P3157,26-35,Male,23.323469,77.419454,09:18,Friday,Rain,Area_C,20.4,48.31,Area_C,1.98,Area_D
MP-2026-03158,P3158,46-55,Female,23.071033,77.622682,20:07,Sunday,Rain,Area_E,7.58,58.79,Area_F,1.95,Area_I
MP-2026-03159,P3159,26-35,Other,23.186871,77.351219,11:10,Tuesday,Rain,Area_A,9.44,51.58,Area_A,0.7,Area_D
MP-2026-03160,P3160,26-35,Male,23.31575,77.404604,18:20,Friday,Cloudy,Area_C,20.94,21.77,Area_C,9.69,Area_F
MP-2026-03161,P3161,18-25,Female,23.239681,77.408834,14:02,Saturday,Clear,Area_H,14.69,41.13,Area_I,1.28,Area_H
MP-2026-03162,P3162,26-35,Male,23.322227,77.334769,07:43,Monday,Clear,Area_F,10.96,1.22,Area_A,9.43,Area_A
MP-2026-03163,P3163,18-25,Female,23.2565,77.416928,12:36,Friday,Clear,Area_B,11.22,31.93,Area_A,2.02,Area_B
MP-2026-03164,P3164,18-25,Female,23.242329,77.346629,12:24,Saturday,Rain,Area_I,18.55,66.35,Area_D,1.88,Area_G
MP-2026-03165,P3165,18-25,Male,23.187208,77.47722,15:07,Tuesday,Rain,Area_F,4.35,13.98,Area_F,5.37,Area_I
MP-2026-03166,P3166,26-35,Male,23.078546,77.604962,15:38,Tuesday,Cloudy,Area_F,11.23,79.06,Area_I,0.55,Area_H
MP-2026-03167,P3167,36-45,Male,23.175961,77.329035,13:06,Monday,Clear,Area_C,28.55,3.87,Area_B,4.03,Area_A
MP-2026-03168,P3168,46-55,Male,23.186152,77.335325,18:43,Friday,Clear,Area_F,5.73,1.98,Area_E,1.0,Area_D
MP-2026-03169,P3169,56+,Other,23.309559,77.356849,13:21,Monday,Clear,Area_D,6.94,15.88,Area_B,0.78,Area_E
MP-2026-03170,P3170,56+,Male,23.16745,77.485467,07:09,Wednesday,Rain,Area_A,8.44,11.59,Area_F,2.28,Area_E
MP-2026-03171,P3171,26-35,Male,23.307474,77.334277,06:47,Monday,Cloudy,Area_B,11.8,45.28,Area_B,2.18,Area_B
MP-2026-03172,P3172,46-55,Male,23.175557,77.476758,15:52,Monday,Clear,Area_B,3.16,47.63,Area_E,5.59,Area_F
MP-2026-03173,P3173,18-25,Male,23.239903,77.47737,10:15,Friday,Cloudy,Area_B,8.16,3.34,Area_E,6.19,Area_E
MP-2026-03174,P3174,56+,Male,23.160565,77.404345,15:00,Monday,Cloudy,Area_E,7.01,2.01,Area_G,0.18,Area_E
MP-2026-03175,P3175,26-35,Female,23.319474,77.398913,08:46,Saturday,Cloudy,Area_C,7.3,70.42,Area_G,1.45,Area_D
MP-2026-03176,P3176,26-35,Female,23.250911,77.414362,21:08,Saturday,Clear,Area_A,6.38,7.97,Area_G,2.16,Area_A
MP-2026-03177,P3177,26-35,Female,23.18106,77.404812,16:41,Saturday,Clear,Area_G,5.79,3.59,Area_A,3.12,Area_B
MP-2026-03178,P3178,26-35,Female,23.170325,77.474931,22:45,Friday,Rain,Area_D,8.25,7.36,Area_B,6.4,Area_D
MP-2026-03179,P3179,36-45,Female,23.186597,77.487845,08:01,Thursday,Fog,Area_F,5.32,6.16,Area_F,0.22,Area_I
MP-2026-03180,P3180,56+,Male,23.26233,77.489406,09:48,Saturday,Cloudy,Area_C,5.51,71.24,Area_G,1.02,Area_I
MP-2026-03181,P3181,26-35,Male,23.252058,77.397709,08:38,Monday,Rain,Area_E,19.82,32.26,Area_H,5.37,Area_E
MP-2026-03182,P3182,36-45,Male,23.326372,77.476963,06:20,Saturday,Clear,Area_G,12.02,9.25,Area_B,0.57,Area_A
MP-2026-03183,P3183,18-25,Female,23.313651,77.470857,16:57,Saturday,Clear,Area_C,5.5,37.94,Area_C,6.82,Area_B
MP-2026-03184,P3184,36-45,Other,23.181636,77.477871,17:04,Friday,Clear,Area_A,18.9,28.81,Area_C,6.32,Area_H
MP-2026-03185,P3185,18-25,Female,23.260558,77.418627,03:15,Sunday,Clear,Area_B,20.44,23.58,Area_D,3.94,Area_B
MP-2026-03186,P3186,56+,Other,23.256381,77.41868,20:35,Tuesday,Fog,Area_F,2.72,3.4,Area_C,0.17,Area_F
MP-2026-03187,P3187,46-55,Male,23.190865,77.410884,17:08,Sunday,Clear,Area_E,11.21,17.76,Area_E,1.5,Area_H
MP-2026-03188,P3188,36-45,Female,23.189752,77.474212,14:31,Monday,Clear,Area_A,10.54,16.65,Area_H,15.42,Area_H
MP-2026-03189,P3189,26-35,Male,23.241722,77.41924,12:23,Thursday,Clear,Area_C,4.0,19.29,Area_B,12.29,Area_D
MP-2026-03190,P3190,36-45,Female,23.241181,77.407204,18:42,Saturday,Clear,Area_D,5.81,22.78,Area_G,4.03,Area_H
MP-2026-03191,P3191,26-35,Male,23.322054,77.39665,09:57,Wednesday,Clear,Area_B,6.29,53.99,Area_I,4.45,Area_B
MP-2026-03192,P3192,36-45,Female,23.32722,77.480022,22:19,Wednesday,Fog,Area_B,30.0,13.83,Area_C,0.1,Area_B
MP-2026-03193,P3193,36-45,Other,23.303137,77.343983,20:26,Wednesday,Cloudy,Area_C,11.64,23.08,Area_E,5.57,Area_D
MP-2026-03194,P3194,56+,Female,23.252458,77.479694,19:37,Friday,Cloudy,Area_J,3.08,18.88,Area_I,0.18,Area_A
MP-2026-03195,P3195,26-35,Male,23.233795,77.398835,08:03,Friday,Clear,Area_D,5.61,57.38,Area_E,1.41,Area_F
MP-2026-03196,P3196,18-25,Male,23.244438,77.481113,05:18,Wednesday,Clear,Area_A,7.35,13.75,Area_A,3.48,Area_B
MP-2026-03197,P3197,18-25,Male,23.17648,77.497454,18:40,Wednesday,Clear,Area_B,9.1,3.87,Area_C,6.23,Area_F
MP-2026-03198,P3198,26-35,Female,23.176388,77.402804,10:45,Saturday,Cloudy,Area_G,23.31,52.73,Area_I,3.23,Area_E
MP-2026-03199,P3199,26-35,Female,23.17032,77.482171,17:05,Wednesday,Rain,Area_C,13.94,14.52,Area_D,3.63,Area_E
MP-2026-03200,P3200,56+,Male,23.168644,77.405915,10:00,Thursday,Cloudy,Area_C,9.14,22.64,Area_F,0.45,Area_C
MP-2026-03201,P3201,26-35,Female,23.331018,77.471433,09:06,Wednesday,Cloudy,Area_E,4.52,2.34,Area_E,2.03,Area_E
MP-2026-03202,P3202,36-45,Male,23.24979,77.472346,08:00,Thursday,Rain,Area_E,8.05,5.48,Area_B,0.16,Area_E
MP-2026-03203,P3203,36-45,Female,23.249547,77.398001,09:52,Friday,Clear,Area_H,16.36,46.54,Area_D,2.59,Area_D
MP-2026-03204,P3204,56+,Male,23.317896,77.404805,13:41,Sunday,Clear,Area_D,4.23,39.25,Area_A,3.49,Area_E
MP-2026-03205,P3205,26-35,Male,23.233861,77.333964,21:26,Tuesday,Rain,Area_E,23.14,46.61,Area_G,0.99,Area_H
MP-2026-03206,P3206,36-45,Female,23.181106,77.420062,19:37,Tuesday,Clear,Area_F,16.79,65.73,Area_I,0.16,Area_F
MP-2026-03207,P3207,36-45,Female,23.17497,77.341934,12:20,Sunday,Fog,Area_H,6.73,49.0,Area_G,0.72,Area_D
MP-2026-03208,P3208,36-45,Male,23.326456,77.487973,09:00,Sunday,Cloudy,Area_A,12.62,22.1,Area_E,0.79,Area_B
MP-2026-03209,P3209,46-55,Female,23.180956,77.342555,18:25,Monday,Fog,Area_E,11.66,58.73,Area_E,0.85,Area_D
MP-2026-03210,P3210,18-25,Female,23.177895,77.420573,07:29,Sunday,Rain,Area_D,14.06,75.38,Area_I,3.49,Area_E
MP-2026-03211,P3211,46-55,Male,23.31822,77.407208,19:09,Thursday,Clear,Area_C,9.03,18.09,Area_F,16.42,Area_B
MP-2026-03212,P3212,36-45,Female,23.308882,77.470198,17:54,Tuesday,Cloudy,Area_B,5.65,66.19,Area_F,11.55,Area_F
MP-2026-03213,P3213,46-55,Female,23.259369,77.421144,17:36,Friday,Clear,Area_F,11.43,61.12,Area_I,3.38,Area_C
MP-2026-03214,P3214,36-45,Female,23.18856,77.334727,13:23,Tuesday,Clear,Area_F,7.86,15.61,Area_G,1.6,Area_E
MP-2026-03215,P3215,18-25,Male,23.249114,77.349168,17:47,Wednesday,Clear,Area_B,7.0,3.62,Area_E,3.37,Area_D
MP-2026-03216,P3216,18-25,Female,23.165613,77.331356,08:06,Wednesday,Cloudy,Area_B,4.92,4.45,Area_B,1.91,Area_B
MP-2026-03217,P3217,18-25,Male,23.313909,77.415151,15:49,Wednesday,Clear,Area_B,5.42,13.49,Area_D,5.81,Area_A
MP-2026-03218,P3218,26-35,Female,23.244818,77.41249,09:38,Friday,Fog,Area_D,4.39,69.36,Area_E,3.98,Area_H
MP-2026-03219,P3219,36-45,Female,23.334098,77.34787,11:22,Friday,Cloudy,Area_D,4.26,13.74,Area_E,12.25,Area_D
MP-2026-03220,P3220,36-45,Female,23.314026,77.477268,14:54,Thursday,Clear,Area_A,10.44,18.95,Area_H,0.54,Area_B
MP-2026-03221,P3221,26-35,Female,23.237711,77.486968,07:54,Monday,Clear,Area_F,7.24,16.26,Area_I,13.82,Area_D
MP-2026-03222,P3222,26-35,Female,23.33165,77.347643,23:09,Thursday,Clear,Area_B,11.86,1.44,Area_B,4.75,Area_B
MP-2026-03223,P3223,26-35,Female,23.314983,77.488276,08:03,Wednesday,Clear,Area_G,20.53,24.69,Area_E,6.68,Area_G
MP-2026-03224,P3224,36-45,Female,23.253333,77.413141,13:22,Wednesday,Rain,Area_G,10.66,24.42,Area_G,6.32,Area_D
MP-2026-03225,P3225,18-25,Female,23.323676,77.480383,07:01,Saturday,Rain,Area_C,10.5,18.39,Area_C,4.06,Area_F
MP-2026-03226,P3226,36-45,Female,23.258353,77.347414,20:54,Sunday,Clear,Area_C,3.74,11.24,Area_E,4.12,Area_B
MP-2026-03227,P3227,56+,Male,23.192319,77.337106,19:23,Monday,Clear,Area_D,9.56,23.99,Area_F,2.06,Area_C
MP-2026-03228,P3228,26-35,Male,23.323492,77.408375,09:29,Saturday,Clear,Area_I,8.37,74.27,Area_A,9.82,Area_E
MP-2026-03229,P3229,18-25,Male,23.245102,77.40518,20:28,Wednesday,Clear,Area_G,14.09,51.25,Area_I,0.58,Area_G
MP-2026-03230,P3230,26-35,Female,23.192023,77.403009,11:25,Wednesday,Cloudy,Area_D,13.04,61.56,Area_E,3.79,Area_E
MP-2026-03231,P3231,18-25,Male,23.252116,77.462343,10:48,Tuesday,Clear,Area_E,23.55,78.28,Area_B,9.36,Area_E
MP-2026-03232,P3232,56+,Male,23.33541,77.407464,11:52,Thursday,Clear,Area_E,10.29,14.32,Area_B,3.16,Area_F
MP-2026-03233,P3233,18-25,Female,23.197368,77.364312,09:26,Sunday,Clear,Area_F,7.97,1.6,Area_I,0.55,Area_H
MP-2026-03234,P3234,26-35,Male,23.316929,77.407065,05:11,Wednesday,Rain,Area_H,8.35,19.55,Area_E,4.22,Area_C
MP-2026-03235,P3235,26-35,Female,23.198287,77.410823,18:21,Thursday,Clear,Area_A,15.19,65.28,Area_D,5.24,Area_G
MP-2026-03236,P3236,56+,Other,23.317842,77.483273,07:27,Tuesday,Clear,Area_F,7.38,21.58,Area_H,0.19,Area_F
MP-2026-03237,P3237,36-45,Male,23.319418,77.309623,12:11,Thursday,Clear,Area_F,4.46,2.73,Area_F,2.05,Area_D
MP-2026-03238,P3238,46-55,Female,23.318712,77.416408,06:44,Wednesday,Rain,Area_F,9.93,3.17,Area_F,2.38,Area_F
MP-2026-03239,P3239,46-55,Male,23.253486,77.327472,14:27,Saturday,Rain,Area_A,7.32,31.47,Area_A,1.92,Area_D
MP-2026-03240,P3240,26-35,Male,23.180438,77.486496,13:43,Thursday,Clear,Area_A,13.41,4.78,Area_C,0.69,Area_F
MP-2026-03241,P3241,46-55,Female,23.199353,77.347395,12:02,Wednesday,Cloudy,Area_G,5.87,44.48,Area_H,23.29,Area_D
MP-2026-03242,P3242,26-35,Male,23.160638,77.417382,15:43,Tuesday,Cloudy,Area_B,9.29,62.36,Area_J,1.0,Area_I
MP-2026-03243,P3243,36-45,Male,23.254326,77.354627,19:22,Thursday,Clear,Area_C,9.36,18.43,Area_F,6.36,Area_C
MP-2026-03244,P3244,26-35,Male,23.326281,77.41477,11:25,Saturday,Rain,Area_H,30.0,58.75,Area_B,4.13,Area_B
MP-2026-03245,P3245,46-55,Male,23.172099,77.38927,12:53,Friday,Clear,Area_C,9.95,31.37,Area_A,0.86,Area_E
MP-2026-03246,P3246,46-55,Female,23.178784,77.336445,12:07,Thursday,Clear,Area_A,10.6,13.12,Area_A,2.92,Area_D
MP-2026-03247,P3247,26-35,Male,23.308941,77.489376,11:21,Friday,Clear,Area_C,4.17,11.6,Area_B,4.71,Area_C
MP-2026-03248,P3248,56+,Female,23.338849,77.485497,04:24,Tuesday,Clear,Area_B,5.8,2.06,Area_E,4.52,Area_A
MP-2026-03249,P3249,36-45,Female,23.312368,77.418609,17:08,Thursday,Rain,Area_F,9.94,22.29,Area_G,0.33,Area_H
MP-2026-03250,P3250,36-45,Female,23.255171,77.483776,07:51,Thursday,Clear,Area_H,8.0,29.14,Area_H,3.29,Area_H
MP-2026-03251,P3251,36-45,Female,23.242879,77.478332,08:00,Tuesday,Clear,Area_C,11.57,50.83,Area_E,3.39,Area_C
MP-2026-03252,P3252,56+,Male,23.17608,77.480439,18:40,Thursday,Clear,Area_G,8.37,6.19,Area_F,3.49,Area_E
MP-2026-03253,P3253,56+,Male,23.251416,77.353645,22:21,Friday,Clear,Area_F,12.71,44.72,Area_A,1.81,Area_G
MP-2026-03254,P3254,46-55,Male,23.174644,77.389808,16:37,Tuesday,Fog,Area_A,7.86,5.2,Area_C,9.44,Area_E
MP-2026-03255,P3255,18-25,Female,23.327016,77.491649,17:45,Saturday,Fog,Area_B,8.93,14.1,Area_B,1.44,Area_C
MP-2026-03256,P3256,26-35,Male,23.329178,77.415599,13:33,Friday,Rain,Area_A,29.32,62.15,Area_C,10.58,Area_A
MP-2026-03257,P3257,46-55,Female,23.176776,77.413512,19:42,Thursday,Fog,Area_C,11.12,22.94,Area_B,10.06,Area_F
MP-2026-03258,P3258,56+,Male,23.264437,77.388723,08:24,Tuesday,Clear,Area_C,5.22,18.04,Area_B,0.5,Area_D
MP-2026-03259,P3259,18-25,Male,23.181391,77.356615,06:30,Monday,Clear,Area_B,11.03,61.04,Area_I,3.11,Area_A
MP-2026-03260,P3260,56+,Other,23.313821,77.416603,18:50,Saturday,Rain,Area_G,3.64,21.17,Area_F,1.44,Area_B
MP-2026-03261,P3261,26-35,Male,23.165804,77.467013,09:00,Monday,Cloudy,Area_C,9.29,72.82,Area_E,3.23,Area_C
MP-2026-03262,P3262,26-35,Male,23.243192,77.485823,09:02,Wednesday,Clear,Area_A,8.41,22.35,Area_D,1.51,Area_E
MP-2026-03263,P3263,56+,Male,23.172007,77.476142,20:35,Wednesday,Clear,Area_H,6.53,2.57,Area_G,14.55,Area_H
MP-2026-03264,P3264,56+,Male,23.17313,77.340714,13:05,Sunday,Cloudy,Area_C,6.37,11.41,Area_E,2.65,Area_G
MP-2026-03265,P3265,36-45,Male,23.180445,77.409854,09:59,Wednesday,Rain,Area_H,11.67,71.83,Area_G,8.64,Area_H
MP-2026-03266,P3266,26-35,Female,23.252476,77.481018,11:09,Tuesday,Cloudy,Area_A,8.03,13.47,Area_B,0.1,Area_A
MP-2026-03267,P3267,26-35,Female,23.262345,77.480773,02:38,Monday,Clear,Area_B,29.08,48.63,Area_A,4.28,Area_E
MP-2026-03268,P3268,18-25,Male,23.314147,77.339632,20:24,Wednesday,Clear,Area_C,14.72,10.08,Area_A,0.72,Area_A
MP-2026-03269,P3269,26-35,Male,23.156736,77.425977,16:14,Friday,Clear,Area_A,10.87,7.61,Area_B,7.39,Area_A
MP-2026-03270,P3270,56+,Male,23.237368,77.406223,11:27,Saturday,Clear,Area_F,4.39,24.2,Area_H,1.48,Area_F
MP-2026-03271,P3271,26-35,Male,23.324527,77.338716,07:44,Saturday,Clear,Area_G,9.68,5.5,Area_D,1.33,Area_G
MP-2026-03272,P3272,46-55,Female,23.320909,77.403012,08:13,Sunday,Clear,Area_C,10.42,9.56,Area_F,9.35,Area_A
MP-2026-03273,P3273,36-45,Female,23.182498,77.491504,20:37,Saturday,Cloudy,Area_C,6.38,51.05,Area_E,13.78,Area_E
MP-2026-03274,P3274,26-35,Female,23.238627,77.416361,18:43,Saturday,Cloudy,Area_C,11.12,21.0,Area_C,0.93,Area_B
MP-2026-03275,P3275,18-25,Male,23.331761,77.42373,07:04,Saturday,Clear,Area_G,12.85,78.92,Area_E,4.73,Area_G
MP-2026-03276,P3276,18-25,Male,23.183014,77.334953,18:18,Tuesday,Clear,Area_I,11.12,5.14,Area_H,1.17,Area_I
MP-2026-03277,P3277,36-45,Male,23.252882,77.350214,22:44,Tuesday,Rain,Area_I,25.45,50.17,Area_E,2.46,Area_E
MP-2026-03278,P3278,36-45,Male,23.177587,77.484181,17:24,Monday,Rain,Area_I,9.76,7.0,Area_B,1.67,Area_F
MP-2026-03279,P3279,18-25,Other,23.309378,77.402795,18:04,Sunday,Clear,Area_F,19.36,59.74,Area_E,7.51,Area_I
MP-2026-03280,P3280,18-25,Male,23.176358,77.416025,19:50,Thursday,Fog,Area_C,15.2,16.55,Area_F,0.36,Area_B
MP-2026-03281,P3281,26-35,Female,23.19333,77.405134,10:54,Thursday,Clear,Area_E,8.33,6.61,Area_D,6.9,Area_G
MP-2026-03282,P3282,26-35,Female,23.254624,77.342337,20:42,Tuesday,Cloudy,Area_F,11.03,75.88,Area_E,9.25,Area_D
MP-2026-03283,P3283,36-45,Female,23.24958,77.478062,07:21,Monday,Clear,Area_A,6.21,6.12,Area_C,1.17,Area_E
MP-2026-03284,P3284,18-25,Male,23.185991,77.325026,17:35,Wednesday,Cloudy,Area_E,12.25,5.85,Area_F,4.95,Area_D
MP-2026-03285,P3285,18-25,Male,23.319845,77.41883,13:30,Friday,Clear,Area_D,8.86,65.02,Area_G,1.93,Area_D
MP-2026-03286,P3286,18-25,Male,23.253545,77.482595,09:26,Thursday,Clear,Area_C,9.0,5.81,Area_F,6.01,Area_C
MP-2026-03287,P3287,36-45,Male,23.317699,77.478039,02:52,Monday,Clear,Area_A,9.57,2.92,Area_B,2.97,Area_A
MP-2026-03288,P3288,46-55,Male,23.168091,77.403372,18:40,Wednesday,Clear,Area_D,6.66,3.85,Area_D,2.62,Area_H
MP-2026-03289,P3289,26-35,Male,23.315651,77.409187,10:20,Sunday,Cloudy,Area_B,21.67,52.44,Area_C,0.74,Area_H
MP-2026-03290,P3290,18-25,Male,23.298169,77.477683,18:11,Friday,Clear,Area_C,9.91,15.24,Area_A,0.1,Area_E
MP-2026-03291,P3291,36-45,Female,23.322679,77.416293,04:22,Monday,Clear,Area_C,6.44,23.08,Area_F,4.47,Area_A
MP-2026-03292,P3292,56+,Male,23.316669,77.418126,17:18,Tuesday,Clear,Area_F,5.57,17.62,Area_F,1.25,Area_F
MP-2026-03293,P3293,36-45,Female,23.179409,77.349085,08:06,Wednesday,Clear,Area_G,7.19,3.26,Area_E,3.81,Area_G
MP-2026-03294,P3294,46-55,Male,23.192131,77.464429,17:10,Thursday,Clear,Area_E,12.52,65.94,Area_I,2.94,Area_H
MP-2026-03295,P3295,26-35,Female,23.175764,77.321975,15:11,Wednesday,Clear,Area_C,3.56,7.22,Area_A,6.51,Area_D
MP-2026-03296,P3296,46-55,Female,23.188539,77.349679,17:18,Monday,Cloudy,Area_C,8.68,10.3,Area_B,0.14,Area_D
MP-2026-03297,P3297,36-45,Other,23.179649,77.421954,01:38,Tuesday,Clear,Area_G,14.0,9.55,Area_G,8.32,Area_G
MP-2026-03298,P3298,18-25,Male,23.313369,77.358728,13:44,Saturday,Clear,Area_E,7.61,75.32,Area_B,6.22,Area_E
MP-2026-03299,P3299,56+,Male,23.257267,77.482145,18:16,Friday,Clear,Area_C,5.16,56.94,Area_B,1.73,Area_C
MP-2026-03300,P3300,26-35,Male,23.250282,77.355281,12:09,Thursday,Clear,Area_A,10.02,67.8,Area_E,2.33,Area_E
MP-2026-03301,P3301,18-25,Male,23.17358,77.417004,19:18,Sunday,Clear,Area_D,19.29,21.46,Area_G,7.1,Area_E
MP-2026-03302,P3302,46-55,Male,23.260509,77.403498,14:14,Wednesday,Cloudy,Area_H,11.9,31.03,Area_C,1.68,Area_F
MP-2026-03303,P3303,26-35,Female,23.17495,77.476764,08:13,Monday,Fog,Area_D,10.11,7.8,Area_F,2.28,Area_E
MP-2026-03304,P3304,18-25,Female,23.162267,77.486317,08:46,Thursday,Clear,Area_H,6.8,7.04,Area_I,8.42,Area_J
MP-2026-03305,P3305,36-45,Female,23.191058,77.342959,19:22,Friday,Clear,Area_F,5.52,21.92,Area_H,2.27,Area_D
MP-2026-03306,P3306,36-45,Female,23.242855,77.412198,14:57,Monday,Cloudy,Area_J,10.86,11.44,Area_E,0.1,Area_A
MP-2026-03307,P3307,18-25,Male,23.245759,77.470888,08:32,Saturday,Clear,Area_D,5.89,16.3,Area_J,2.63,Area_H
MP-2026-03308,P3308,26-35,Other,23.166575,77.407268,18:12,Monday,Rain,Area_D,14.72,12.29,Area_G,1.25,Area_H
MP-2026-03309,P3309,26-35,Male,23.198352,77.338054,16:46,Tuesday,Rain,Area_C,9.32,17.75,Area_C,4.46,Area_B
MP-2026-03310,P3310,56+,Female,23.175795,77.336015,09:34,Monday,Clear,Area_D,3.05,20.71,Area_A,3.43,Area_D
MP-2026-03311,P3311,18-25,Female,23.180216,77.415418,11:16,Wednesday,Cloudy,Area_A,11.66,20.21,Area_A,0.1,Area_A
MP-2026-03312,P3312,18-25,Female,23.249977,77.346156,20:19,Sunday,Clear,Area_G,17.79,15.57,Area_H,1.28,Area_B
MP-2026-03313,P3313,46-55,Female,23.258491,77.417024,22:47,Saturday,Cloudy,Area_A,9.03,13.96,Area_F,10.76,Area_C
MP-2026-03314,P3314,46-55,Female,23.18334,77.35776,14:46,Tuesday,Rain,Area_E,2.4,6.13,Area_H,2.01,Area_E
MP-2026-03315,P3315,18-25,Female,23.326547,77.349231,16:46,Thursday,Clear,Area_H,4.99,12.05,Area_D,4.19,Area_B
MP-2026-03316,P3316,18-25,Male,23.164295,77.330152,13:01,Monday,Cloudy,Area_G,10.46,9.53,Area_H,2.3,Area_G
MP-2026-03317,P3317,26-35,Male,23.338551,77.346094,08:12,Tuesday,Clear,Area_B,8.19,14.44,Area_E,9.99,Area_D
MP-2026-03318,P3318,26-35,Female,23.250618,77.353759,16:00,Saturday,Clear,Area_B,6.13,24.07,Area_I,1.21,Area_E
MP-2026-03319,P3319,56+,Male,23.263606,77.426449,22:42,Wednesday,Rain,Area_C,16.51,20.93,Area_G,0.52,Area_D
MP-2026-03320,P3320,56+,Male,23.174983,77.472852,09:31,Tuesday,Clear,Area_D,5.49,72.4,Area_G,5.6,Area_H
MP-2026-03321,P3321,56+,Female,23.243312,77.335201,19:01,Tuesday,Clear,Area_A,11.1,11.36,Area_B,11.51,Area_A
MP-2026-03322,P3322,26-35,Male,23.262088,77.478864,18:33,Friday,Clear,Area_G,16.76,61.43,Area_E,2.3,Area_F
MP-2026-03323,P3323,46-55,Male,23.320596,77.42369,13:28,Thursday,Cloudy,Area_F,8.34,12.5,Area_C,4.22,Area_E
MP-2026-03324,P3324,26-35,Male,23.247021,77.353263,20:00,Tuesday,Clear,Area_B,13.16,21.5,Area_A,0.17,Area_B
MP-2026-03325,P3325,36-45,Male,23.237952,77.409558,08:17,Saturday,Cloudy,Area_C,14.07,20.64,Area_F,4.88,Area_I
MP-2026-03326,P3326,56+,Female,23.192608,77.41651,04:10,Monday,Clear,Area_E,2.13,6.49,Area_E,11.83,Area_B
MP-2026-03327,P3327,36-45,Male,23.248359,77.343815,10:46,Wednesday,Cloudy,Area_D,7.6,21.99,Area_E,3.21,Area_D
MP-2026-03328,P3328,36-45,Female,23.321224,77.477526,09:37,Saturday,Rain,Area_G,18.51,55.81,Area_E,0.41,Area_F
MP-2026-03329,P3329,56+,Male,23.24697,77.480527,14:01,Sunday,Rain,Area_D,6.92,5.59,Area_H,6.11,Area_F
MP-2026-03330,P3330,26-35,Female,23.322661,77.344495,15:16,Thursday,Clear,Area_B,7.67,65.35,Area_A,0.29,Area_B
MP-2026-03331,P3331,18-25,Male,23.232344,77.467626,19:05,Friday,Clear,Area_C,14.08,54.92,Area_C,15.18,Area_B
MP-2026-03332,P3332,36-45,Male,23.318278,77.404939,14:18,Tuesday,Fog,Area_H,9.49,42.42,Area_E,1.14,Area_D
MP-2026-03333,P3333,36-45,Female,23.314277,77.476292,18:27,Tuesday,Clear,Area_C,6.29,24.57,Area_B,3.96,Area_C
MP-2026-03334,P3334,36-45,Male,23.248793,77.347909,18:02,Thursday,Cloudy,Area_A,9.83,4.13,Area_A,0.93,Area_B
MP-2026-03335,P3335,36-45,Male,23.247757,77.48669,05:57,Monday,Rain,Area_G,30.0,7.23,Area_I,1.06,Area_D
MP-2026-03336,P3336,36-45,Male,23.259215,77.415444,08:41,Thursday,Fog,Area_A,6.6,55.9,Area_B,2.15,Area_D
MP-2026-03337,P3337,18-25,Female,23.251101,77.357335,12:32,Wednesday,Cloudy,Area_A,9.66,23.21,Area_E,2.5,Area_D
MP-2026-03338,P3338,36-45,Male,23.184968,77.474996,06:26,Sunday,Rain,Area_C,9.79,12.22,Area_F,4.55,Area_C
MP-2026-03339,P3339,18-25,Female,23.248908,77.457874,20:15,Wednesday,Clear,Area_C,30.0,46.08,Area_I,4.59,Area_E
MP-2026-03340,P3340,18-25,Male,23.24027,77.423039,14:39,Monday,Rain,Area_C,10.46,14.47,Area_D,0.31,Area_E
MP-2026-03341,P3341,26-35,Male,23.331525,77.491285,10:55,Friday,Cloudy,Area_F,19.05,6.6,Area_C,6.02,Area_F
MP-2026-03342,P3342,18-25,Female,23.320369,77.41315,06:07,Thursday,Clear,Area_A,7.97,19.86,Area_A,3.69,Area_A
MP-2026-03343,P3343,36-45,Female,23.332817,77.415476,17:42,Saturday,Fog,Area_B,6.74,6.53,Area_E,2.49,Area_B
MP-2026-03344,P3344,26-35,Male,23.169027,77.485207,08:41,Saturday,Cloudy,Area_A,14.69,2.38,Area_C,0.26,Area_F
MP-2026-03345,P3345,18-25,Female,23.250598,77.463677,16:36,Friday,Cloudy,Area_D,30.0,58.42,Area_E,4.21,Area_E
MP-2026-03346,P3346,26-35,Female,23.31997,77.332973,17:22,Saturday,Cloudy,Area_B,5.89,2.64,Area_D,1.3,Area_B
MP-2026-03347,P3347,26-35,Female,23.329554,77.460574,05:33,Monday,Clear,Area_E,12.93,72.35,Area_F,0.91,Area_E
MP-2026-03348,P3348,36-45,Male,23.328015,77.478626,16:50,Wednesday,Clear,Area_I,10.55,5.31,Area_F,8.02,Area_I
MP-2026-03349,P3349,36-45,Female,23.325299,77.469307,20:57,Thursday,Clear,Area_G,11.75,1.1,Area_H,7.13,Area_F
MP-2026-03350,P3350,18-25,Female,23.194033,77.335699,12:46,Friday,Clear,Area_C,30.0,12.69,Area_H,3.97,Area_G
MP-2026-03351,P3351,18-25,Male,23.166444,77.486536,17:42,Saturday,Clear,Area_A,8.13,33.16,Area_I,6.61,Area_F
MP-2026-03352,P3352,26-35,Female,23.309717,77.404841,15:19,Thursday,Cloudy,Area_A,4.22,17.25,Area_A,2.15,Area_C
MP-2026-03353,P3353,18-25,Female,23.179734,77.400901,20:38,Wednesday,Rain,Area_D,5.42,72.39,Area_A,3.88,Area_D
MP-2026-03354,P3354,26-35,Female,23.172872,77.327306,09:32,Sunday,Clear,Area_E,7.38,15.72,Area_F,0.64,Area_E
MP-2026-03355,P3355,56+,Female,23.172445,77.336952,14:36,Saturday,Clear,Area_F,6.53,50.12,Area_F,4.44,Area_E
MP-2026-03356,P3356,18-25,Female,23.325451,77.464772,11:28,Saturday,Cloudy,Area_E,7.33,34.58,Area_A,1.2,Area_E
MP-2026-03357,P3357,18-25,Female,23.18298,77.404481,22:01,Thursday,Rain,Area_H,11.72,65.74,Area_I,5.78,Area_H
MP-2026-03358,P3358,26-35,Male,23.25633,77.408753,18:43,Friday,Cloudy,Area_G,24.53,49.74,Area_E,1.01,Area_C
MP-2026-03359,P3359,56+,Female,23.254219,77.487694,16:00,Sunday,Rain,Area_B,9.87,32.34,Area_C,6.25,Area_B
MP-2026-03360,P3360,36-45,Male,23.314572,77.492471,09:09,Wednesday,Rain,Area_A,14.32,50.5,Area_E,1.35,Area_B
MP-2026-03361,P3361,26-35,Female,23.255706,77.475744,10:44,Wednesday,Clear,Area_E,10.67,3.73,Area_E,0.83,Area_B
MP-2026-03362,P3362,26-35,Male,23.348443,77.474712,16:09,Monday,Fog,Area_A,8.4,6.58,Area_D,7.66,Area_E
MP-2026-03363,P3363,56+,Male,23.326747,77.341124,14:47,Tuesday,Clear,Area_I,6.03,23.56,Area_F,0.52,Area_D
MP-2026-03364,P3364,46-55,Female,23.254599,77.482334,05:16,Monday,Clear,Area_E,6.67,75.41,Area_J,0.99,Area_E
MP-2026-03365,P3365,26-35,Female,23.246682,77.40006,02:54,Sunday,Clear,Area_A,17.81,32.22,Area_E,10.66,Area_F
MP-2026-03366,P3366,18-25,Female,23.161563,77.420569,17:41,Tuesday,Fog,Area_C,22.11,4.12,Area_I,7.44,Area_F
MP-2026-03367,P3367,36-45,Male,23.252814,77.334884,01:28,Monday,Clear,Area_B,6.17,59.97,Area_C,1.02,Area_G
MP-2026-03368,P3368,26-35,Female,23.173189,77.475447,09:29,Saturday,Cloudy,Area_D,8.67,13.81,Area_G,1.89,Area_D
MP-2026-03369,P3369,36-45,Female,23.175151,77.490992,17:43,Wednesday,Clear,Area_B,7.78,6.03,Area_A,2.95,Area_D
MP-2026-03370,P3370,56+,Male,23.247417,77.350761,20:18,Friday,Fog,Area_B,10.12,22.9,Area_I,3.06,Area_H
MP-2026-03371,P3371,46-55,Male,23.177105,77.35879,17:19,Wednesday,Clear,Area_B,5.98,20.45,Area_D,6.81,Area_B
MP-2026-03372,P3372,18-25,Female,23.053059,77.637138,13:32,Thursday,Clear,Area_J,11.44,4.39,Area_I,6.82,Area_H
MP-2026-03373,P3373,36-45,Female,23.327665,77.470357,11:41,Tuesday,Cloudy,Area_D,4.29,1.68,Area_C,3.53,Area_F
MP-2026-03374,P3374,26-35,Male,23.257967,77.455836,12:58,Friday,Clear,Area_J,6.84,8.46,Area_C,4.2,Area_D
MP-2026-03375,P3375,18-25,Female,23.160755,77.416147,01:44,Tuesday,Fog,Area_H,14.43,27.67,Area_E,2.89,Area_H
MP-2026-03376,P3376,36-45,Male,23.24441,77.340765,06:39,Tuesday,Rain,Area_I,13.31,27.52,Area_E,13.11,Area_G
MP-2026-03377,P3377,26-35,Male,23.340833,77.339173,07:26,Sunday,Rain,Area_H,6.0,10.29,Area_H,4.42,Area_A
MP-2026-03378,P3378,46-55,Male,23.315536,77.416663,13:49,Wednesday,Cloudy,Area_D,21.73,43.29,Area_D,0.78,Area_D
MP-2026-03379,P3379,36-45,Female,23.241356,77.336937,07:28,Friday,Cloudy,Area_A,9.34,12.81,Area_I,2.08,Area_A
MP-2026-03380,P3380,36-45,Female,23.255473,77.341243,18:36,Thursday,Clear,Area_D,8.79,51.65,Area_D,7.22,Area_B
MP-2026-03381,P3381,26-35,Male,23.187836,77.495767,16:18,Friday,Clear,Area_C,8.25,49.52,Area_I,0.53,Area_H
MP-2026-03382,P3382,46-55,Male,23.314876,77.389646,14:01,Wednesday,Clear,Area_D,17.08,40.18,Area_D,0.26,Area_E
MP-2026-03383,P3383,26-35,Female,23.247065,77.493958,21:55,Tuesday,Cloudy,Area_E,4.16,31.28,Area_F,0.16,Area_E
MP-2026-03384,P3384,36-45,Female,23.296869,77.391616,21:11,Tuesday,Rain,Area_D,4.87,3.18,Area_G,19.8,Area_E
MP-2026-03385,P3385,26-35,Female,23.175286,77.340564,06:33,Saturday,Cloudy,Area_A,8.2,74.38,Area_E,7.11,Area_D
MP-2026-03386,P3386,36-45,Male,23.073476,77.625199,16:31,Friday,Clear,Area_J,4.41,23.95,Area_J,4.25,Area_I
MP-2026-03387,P3387,26-35,Male,23.173172,77.342125,14:07,Thursday,Clear,Area_D,16.05,13.53,Area_H,3.83,Area_D
MP-2026-03388,P3388,26-35,Male,23.181037,77.414341,13:12,Tuesday,Clear,Area_A,30.0,68.13,Area_C,4.68,Area_F
MP-2026-03389,P3389,46-55,Male,23.260639,77.408455,18:41,Wednesday,Fog,Area_D,8.24,23.05,Area_F,3.71,Area_H
MP-2026-03390,P3390,36-45,Male,23.065727,77.610101,18:25,Tuesday,Cloudy,Area_A,9.55,2.93,Area_B,6.28,Area_F
MP-2026-03391,P3391,26-35,Male,23.321011,77.483305,14:19,Monday,Clear,Area_G,20.67,29.84,Area_G,3.39,Area_H
MP-2026-03392,P3392,26-35,Female,23.260461,77.421347,16:14,Monday,Clear,Area_F,11.64,2.88,Area_I,0.47,Area_D
MP-2026-03393,P3393,18-25,Female,23.252741,77.336433,20:38,Tuesday,Clear,Area_E,8.73,16.99,Area_D,0.47,Area_G
MP-2026-03394,P3394,36-45,Male,23.247225,77.341624,08:21,Saturday,Clear,Area_D,11.26,62.4,Area_A,1.89,Area_G
MP-2026-03395,P3395,36-45,Female,23.304826,77.480881,13:34,Friday,Rain,Area_J,8.43,10.04,Area_E,3.71,Area_B
MP-2026-03396,P3396,46-55,Male,23.244685,77.487098,08:24,Tuesday,Cloudy,Area_A,5.54,1.53,Area_E,1.59,Area_C
MP-2026-03397,P3397,46-55,Male,23.304971,77.334003,07:15,Wednesday,Clear,Area_E,13.41,68.62,Area_B,2.2,Area_D
MP-2026-03398,P3398,36-45,Male,23.324904,77.351265,10:27,Friday,Clear,Area_B,26.64,20.35,Area_D,2.96,Area_E
MP-2026-03399,P3399,18-25,Female,23.320451,77.382747,11:20,Friday,Clear,Area_B,16.46,11.2,Area_E,9.72,Area_A
MP-2026-03400,P3400,18-25,Male,23.263529,77.341827,06:29,Saturday,Clear,Area_F,9.54,65.28,Area_H,3.28,Area_A
MP-2026-03401,P3401,56+,Male,23.254154,77.360013,17:50,Wednesday,Rain,Area_A,12.14,11.31,Area_F,2.02,Area_A
MP-2026-03402,P3402,18-25,Male,23.330317,77.407992,12:46,Tuesday,Rain,Area_C,21.75,50.15,Area_C,12.71,Area_C
MP-2026-03403,P3403,18-25,Male,23.242629,77.403857,07:38,Thursday,Rain,Area_D,8.43,5.81,Area_D,2.88,Area_E
MP-2026-03404,P3404,26-35,Female,23.248151,77.358964,09:04,Sunday,Clear,Area_A,5.73,27.89,Area_G,4.78,Area_D
MP-2026-03405,P3405,26-35,Female,23.172605,77.348834,15:30,Friday,Cloudy,Area_I,14.38,14.96,Area_F,0.57,Area_G
MP-2026-03406,P3406,26-35,Male,23.245514,77.487673,14:17,Monday,Rain,Area_I,17.93,46.97,Area_I,5.4,Area_G
MP-2026-03407,P3407,18-25,Other,23.186269,77.485567,18:47,Monday,Clear,Area_F,8.3,60.03,Area_F,12.41,Area_H
MP-2026-03408,P3408,26-35,Female,23.260119,77.400263,14:08,Monday,Clear,Area_B,7.07,62.45,Area_F,3.81,Area_E
MP-2026-03409,P3409,46-55,Male,23.17588,77.502133,13:31,Wednesday,Clear,Area_D,11.49,6.52,Area_D,0.97,Area_D
MP-2026-03410,P3410,56+,Male,23.256431,77.481579,14:20,Wednesday,Clear,Area_A,8.36,48.46,Area_H,5.3,Area_C
MP-2026-03411,P3411,26-35,Male,23.333352,77.480263,20:48,Monday,Rain,Area_A,8.46,14.05,Area_C,4.06,Area_F
MP-2026-03412,P3412,36-45,Male,23.25117,77.413538,21:39,Wednesday,Clear,Area_C,13.68,7.43,Area_F,3.14,Area_C
MP-2026-03413,P3413,26-35,Male,23.319879,77.48105,17:39,Saturday,Clear,Area_C,17.38,38.41,Area_F,5.27,Area_C
MP-2026-03414,P3414,46-55,Female,23.246422,77.397542,11:29,Wednesday,Clear,Area_D,9.29,15.99,Area_G,0.72,Area_D
MP-2026-03415,P3415,26-35,Male,23.16457,77.402687,21:07,Monday,Cloudy,Area_A,19.59,18.95,Area_E,2.06,Area_B
MP-2026-03416,P3416,36-45,Female,23.301587,77.487395,16:04,Friday,Clear,Area_F,10.76,59.56,Area_C,4.22,Area_F
MP-2026-03417,P3417,18-25,Male,23.183122,77.485597,13:34,Friday,Rain,Area_E,6.82,6.23,Area_G,4.35,Area_D
MP-2026-03418,P3418,36-45,Male,23.258706,77.478181,20:25,Wednesday,Fog,Area_F,9.6,21.8,Area_F,5.3,Area_H
MP-2026-03419,P3419,18-25,Female,23.244425,77.322055,13:26,Friday,Clear,Area_J,13.67,30.87,Area_J,1.1,Area_E
MP-2026-03420,P3420,26-35,Male,23.232491,77.33666,16:28,Sunday,Clear,Area_H,9.37,33.92,Area_G,0.35,Area_E
MP-2026-03421,P3421,36-45,Male,23.319563,77.408716,18:39,Saturday,Clear,Area_C,7.8,51.63,Area_C,1.51,Area_C
MP-2026-03422,P3422,18-25,Male,23.323373,77.403986,12:39,Monday,Cloudy,Area_F,9.22,5.19,Area_I,1.26,Area_E
MP-2026-03423,P3423,46-55,Other,23.168955,77.411042,15:19,Tuesday,Clear,Area_I,20.93,6.9,Area_H,1.79,Area_I
MP-2026-03424,P3424,46-55,Male,23.315852,77.473984,09:03,Sunday,Clear,Area_C,14.85,21.9,Area_F,4.76,Area_C
MP-2026-03425,P3425,18-25,Female,23.319289,77.346275,09:31,Friday,Clear,Area_C,19.76,13.96,Area_A,0.61,Area_E
MP-2026-03426,P3426,18-25,Male,23.326878,77.470768,08:02,Tuesday,Clear,Area_C,5.84,59.32,Area_F,3.38,Area_C
MP-2026-03427,P3427,46-55,Male,23.176806,77.324305,23:25,Thursday,Cloudy,Area_H,9.85,8.0,Area_I,2.6,Area_H
MP-2026-03428,P3428,56+,Male,23.308441,77.332804,15:16,Tuesday,Fog,Area_A,16.94,35.5,Area_I,1.32,Area_H
MP-2026-03429,P3429,18-25,Other,23.183151,77.399609,13:14,Monday,Cloudy,Area_B,4.13,58.7,Area_G,2.59,Area_H
MP-2026-03430,P3430,36-45,Male,23.314179,77.406367,12:42,Monday,Cloudy,Area_A,13.62,61.96,Area_B,1.96,Area_C
MP-2026-03431,P3431,26-35,Male,23.31221,77.358894,05:25,Monday,Cloudy,Area_B,10.6,8.67,Area_B,3.95,Area_E
MP-2026-03432,P3432,18-25,Female,23.25179,77.422295,18:08,Wednesday,Clear,Area_A,16.77,71.49,Area_H,14.3,Area_G
MP-2026-03433,P3433,56+,Female,23.318388,77.344585,05:48,Friday,Cloudy,Area_B,27.25,28.87,Area_B,2.26,Area_C
MP-2026-03434,P3434,46-55,Male,23.168924,77.484489,09:06,Friday,Rain,Area_A,5.71,10.73,Area_I,1.56,Area_I
MP-2026-03435,P3435,18-25,Female,23.259255,77.33593,19:40,Saturday,Clear,Area_B,16.89,37.07,Area_E,2.22,Area_D
MP-2026-03436,P3436,26-35,Female,23.251844,77.426838,08:04,Monday,Fog,Area_D,5.07,32.88,Area_A,2.24,Area_D
MP-2026-03437,P3437,46-55,Female,23.188078,77.467597,13:26,Monday,Clear,Area_C,9.71,4.34,Area_H,2.87,Area_G
MP-2026-03438,P3438,26-35,Female,23.249454,77.337138,23:26,Friday,Clear,Area_E,15.24,43.54,Area_D,0.13,Area_E
MP-2026-03439,P3439,18-25,Male,23.179179,77.345401,10:00,Friday,Clear,Area_D,8.87,23.2,Area_A,9.78,Area_D
MP-2026-03440,P3440,26-35,Male,23.315852,77.347165,13:05,Saturday,Clear,Area_E,30.0,10.38,Area_B,0.97,Area_C
MP-2026-03441,P3441,18-25,Female,23.175297,77.487403,09:26,Wednesday,Clear,Area_H,13.69,44.46,Area_H,8.35,Area_I
MP-2026-03442,P3442,26-35,Female,23.324546,77.388833,14:29,Thursday,Cloudy,Area_D,14.21,6.86,Area_B,2.75,Area_D
MP-2026-03443,P3443,18-25,Female,23.317928,77.341844,20:53,Friday,Rain,Area_A,13.83,49.5,Area_B,9.65,Area_B
MP-2026-03444,P3444,36-45,Male,23.183115,77.409615,19:38,Tuesday,Cloudy,Area_F,15.38,17.16,Area_B,7.78,Area_F
MP-2026-03445,P3445,26-35,Other,23.243301,77.409825,00:18,Wednesday,Rain,Area_H,9.0,1.81,Area_H,6.4,Area_H
MP-2026-03446,P3446,36-45,Other,23.322776,77.411366,08:18,Thursday,Clear,Area_I,6.32,75.49,Area_A,4.37,Area_A
MP-2026-03447,P3447,18-25,Male,23.178573,77.326652,18:07,Monday,Clear,Area_D,17.89,28.95,Area_F,7.6,Area_F
MP-2026-03448,P3448,26-35,Female,23.178196,77.355266,17:51,Sunday,Cloudy,Area_F,5.61,7.08,Area_H,0.91,Area_D
MP-2026-03449,P3449,26-35,Male,23.297682,77.343673,15:43,Monday,Clear,Area_D,11.55,4.47,Area_A,0.87,Area_D
MP-2026-03450,P3450,26-35,Female,23.186861,77.479658,12:28,Saturday,Clear,Area_G,12.22,77.0,Area_E,5.36,Area_H
MP-2026-03451,P3451,36-45,Male,23.258703,77.47822,09:21,Wednesday,Clear,Area_F,10.02,7.24,Area_E,0.55,Area_F
MP-2026-03452,P3452,56+,Female,23.317921,77.411355,12:49,Saturday,Clear,Area_E,2.72,6.34,Area_D,0.48,Area_E
MP-2026-03453,P3453,46-55,Other,23.177935,77.346012,09:02,Sunday,Cloudy,Area_C,15.99,78.09,Area_F,1.7,Area_C
MP-2026-03454,P3454,26-35,Female,23.243482,77.396989,09:52,Tuesday,Clear,Area_A,9.12,24.67,Area_B,13.98,Area_A
MP-2026-03455,P3455,36-45,Male,23.270161,77.341482,09:16,Saturday,Clear,Area_B,11.1,12.5,Area_A,1.56,Area_B
MP-2026-03456,P3456,26-35,Female,23.192451,77.412186,15:45,Saturday,Cloudy,Area_A,23.39,6.67,Area_G,0.68,Area_H
MP-2026-03457,P3457,26-35,Male,23.175699,77.415845,07:00,Sunday,Clear,Area_F,26.06,22.62,Area_E,3.21,Area_B
MP-2026-03458,P3458,18-25,Male,23.243265,77.329452,05:59,Sunday,Clear,Area_C,28.52,42.09,Area_C,6.29,Area_C
MP-2026-03459,P3459,46-55,Male,23.19647,77.334311,08:52,Wednesday,Clear,Area_C,14.47,60.16,Area_D,2.25,Area_I
MP-2026-03460,P3460,26-35,Male,23.189464,77.343792,12:22,Sunday,Rain,Area_D,18.05,11.2,Area_H,2.46,Area_D
MP-2026-03461,P3461,36-45,Male,23.255179,77.400279,20:42,Monday,Fog,Area_I,4.32,49.52,Area_H,0.48,Area_B
MP-2026-03462,P3462,36-45,Other,23.247204,77.478248,10:49,Saturday,Cloudy,Area_F,8.96,74.16,Area_A,1.03,Area_A
MP-2026-03463,P3463,36-45,Female,23.305955,77.48014,12:14,Monday,Clear,Area_E,14.51,78.32,Area_F,4.72,Area_B
MP-2026-03464,P3464,18-25,Female,23.178181,77.40115,06:41,Friday,Clear,Area_G,14.23,22.69,Area_E,0.41,Area_I
MP-2026-03465,P3465,18-25,Female,23.241706,77.465969,21:24,Saturday,Clear,Area_H,7.77,6.29,Area_J,0.18,Area_I
MP-2026-03466,P3466,56+,Female,23.329997,77.484546,05:03,Monday,Clear,Area_B,7.66,20.22,Area_F,3.91,Area_B
MP-2026-03467,P3467,46-55,Female,23.237945,77.469274,17:37,Monday,Clear,Area_C,3.93,13.98,Area_C,0.97,Area_C
MP-2026-03468,P3468,26-35,Male,23.31749,77.341707,23:34,Sunday,Cloudy,Area_G,11.07,72.48,Area_D,0.92,Area_H
MP-2026-03469,P3469,18-25,Female,23.316506,77.463921,15:45,Thursday,Cloudy,Area_G,28.39,34.94,Area_G,3.77,Area_E
MP-2026-03470,P3470,18-25,Other,23.319199,77.415932,20:14,Sunday,Rain,Area_D,16.03,25.4,Area_H,6.56,Area_H
MP-2026-03471,P3471,36-45,Female,23.246582,77.486866,14:24,Friday,Cloudy,Area_C,9.54,17.75,Area_F,6.31,Area_H
MP-2026-03472,P3472,26-35,Female,23.177607,77.346693,02:16,Monday,Rain,Area_C,9.42,57.91,Area_D,6.79,Area_F
MP-2026-03473,P3473,46-55,Male,23.3201,77.331843,16:15,Sunday,Clear,Area_F,4.51,42.71,Area_A,11.24,Area_B
MP-2026-03474,P3474,18-25,Male,23.227952,77.40649,12:09,Saturday,Clear,Area_H,9.0,7.71,Area_E,1.32,Area_E
MP-2026-03475,P3475,26-35,Female,23.068172,77.586834,16:59,Sunday,Rain,Area_I,23.92,70.01,Area_G,10.69,Area_F
MP-2026-03476,P3476,36-45,Female,23.320768,77.411639,11:09,Wednesday,Clear,Area_A,7.56,23.18,Area_D,0.19,Area_A
MP-2026-03477,P3477,26-35,Male,23.250255,77.423829,20:27,Friday,Clear,Area_F,11.26,3.03,Area_G,1.67,Area_F
MP-2026-03478,P3478,18-25,Female,23.301887,77.396948,11:01,Sunday,Clear,Area_C,15.72,34.98,Area_H,5.79,Area_E
MP-2026-03479,P3479,46-55,Other,23.324563,77.343752,13:21,Friday,Clear,Area_F,5.28,7.18,Area_E,3.14,Area_D
MP-2026-03480,P3480,56+,Male,23.171376,77.485946,18:42,Sunday,Cloudy,Area_A,9.72,7.16,Area_C,7.51,Area_F
MP-2026-03481,P3481,36-45,Male,23.172714,77.334576,12:58,Tuesday,Clear,Area_A,7.23,34.34,Area_E,2.72,Area_H
MP-2026-03482,P3482,26-35,Male,23.258986,77.463604,19:17,Tuesday,Clear,Area_B,30.0,21.62,Area_I,8.01,Area_B
MP-2026-03483,P3483,56+,Female,23.258998,77.477073,16:22,Monday,Cloudy,Area_C,7.16,24.83,Area_A,3.85,Area_C
MP-2026-03484,P3484,18-25,Male,23.253442,77.329646,18:42,Tuesday,Fog,Area_C,7.56,29.0,Area_A,8.58,Area_G
MP-2026-03485,P3485,36-45,Female,23.317788,77.413508,15:45,Friday,Rain,Area_A,8.14,12.42,Area_E,2.72,Area_G
MP-2026-03486,P3486,18-25,Male,23.260508,77.487384,07:35,Tuesday,Rain,Area_C,7.86,77.38,Area_B,2.63,Area_C
MP-2026-03487,P3487,36-45,Female,23.25143,77.349529,13:26,Monday,Cloudy,Area_H,10.81,23.21,Area_D,1.19,Area_D
MP-2026-03488,P3488,26-35,Female,23.17857,77.474513,17:18,Tuesday,Rain,Area_G,30.0,34.78,Area_D,1.39,Area_H
MP-2026-03489,P3489,18-25,Female,23.176445,77.416267,19:21,Friday,Cloudy,Area_A,14.66,20.95,Area_G,1.17,Area_G
MP-2026-03490,P3490,46-55,Female,23.17419,77.361683,15:09,Tuesday,Clear,Area_A,16.43,17.79,Area_G,1.73,Area_D
MP-2026-03491,P3491,26-35,Male,23.184007,77.410439,17:09,Friday,Clear,Area_B,20.85,52.64,Area_I,2.86,Area_H
MP-2026-03492,P3492,18-25,Male,23.183701,77.390556,19:11,Tuesday,Cloudy,Area_H,10.1,15.06,Area_H,1.93,Area_F
MP-2026-03493,P3493,36-45,Male,23.175313,77.465668,08:34,Thursday,Rain,Area_E,8.77,7.32,Area_E,13.24,Area_E
MP-2026-03494,P3494,46-55,Male,23.239354,77.479265,12:12,Sunday,Clear,Area_E,9.03,65.74,Area_E,1.25,Area_E
MP-2026-03495,P3495,46-55,Male,23.232903,77.351714,14:51,Saturday,Rain,Area_C,8.7,72.21,Area_A,0.22,Area_D
MP-2026-03496,P3496,26-35,Female,23.327715,77.346823,08:16,Sunday,Fog,Area_C,9.32,26.93,Area_B,1.73,Area_A
MP-2026-03497,P3497,56+,Male,23.250217,77.417127,07:19,Saturday,Clear,Area_D,5.71,61.04,Area_B,0.96,Area_E
MP-2026-03498,P3498,18-25,Female,23.17584,77.335888,16:34,Thursday,Clear,Area_F,4.61,15.01,Area_I,13.05,Area_E
MP-2026-03499,P3499,46-55,Female,23.184627,77.342819,09:24,Saturday,Clear,Area_B,13.07,11.16,Area_A,8.28,Area_G
MP-2026-03500,P3500,26-35,Male,23.257448,77.473288,18:07,Friday,Clear,Area_A,29.33,29.99,Area_I,0.47,Area_I
MP-2026-03501,P3501,46-55,Female,23.322558,77.415524,15:07,Tuesday,Cloudy,Area_D,14.28,37.55,Area_A,0.25,Area_D
MP-2026-03502,P3502,36-45,Female,23.174836,77.41449,19:43,Tuesday,Clear,Area_F,6.64,78.95,Area_H,3.17,Area_I
MP-2026-03503,P3503,18-25,Male,23.172914,77.454967,19:49,Thursday,Clear,Area_F,4.84,16.08,Area_H,6.74,Area_F
MP-2026-03504,P3504,46-55,Female,23.250618,77.338685,16:44,Wednesday,Cloudy,Area_G,10.8,31.49,Area_A,6.74,Area_E
MP-2026-03505,P3505,36-45,Male,23.255104,77.337481,15:24,Wednesday,Rain,Area_I,10.43,3.98,Area_G,0.68,Area_A
MP-2026-03506,P3506,18-25,Female,23.242195,77.335348,07:47,Thursday,Clear,Area_B,6.63,43.39,Area_C,10.87,Area_E
MP-2026-03507,P3507,56+,Other,23.322832,77.421377,14:25,Saturday,Cloudy,Area_A,8.77,22.97,Area_I,5.63,Area_E
MP-2026-03508,P3508,18-25,Male,23.06716,77.616622,20:24,Monday,Clear,Area_J,6.42,39.27,Area_J,6.27,Area_J
MP-2026-03509,P3509,18-25,Male,23.32599,77.410343,15:54,Sunday,Clear,Area_B,6.72,67.42,Area_F,3.84,Area_D
MP-2026-03510,P3510,46-55,Other,23.190235,77.336481,06:37,Sunday,Rain,Area_G,5.32,23.11,Area_H,6.48,Area_G
MP-2026-03511,P3511,46-55,Male,23.255887,77.477917,09:15,Saturday,Rain,Area_B,11.99,6.86,Area_F,9.14,Area_C
MP-2026-03512,P3512,26-35,Female,23.174981,77.487077,10:17,Sunday,Clear,Area_H,30.0,62.23,Area_E,0.1,Area_D
MP-2026-03513,P3513,18-25,Male,23.177465,77.487181,22:32,Wednesday,Clear,Area_C,14.87,17.51,Area_F,1.16,Area_D
MP-2026-03514,P3514,36-45,Female,23.323475,77.362356,09:52,Thursday,Cloudy,Area_D,16.24,22.43,Area_A,0.57,Area_B
MP-2026-03515,P3515,26-35,Male,23.308766,77.332571,08:29,Wednesday,Clear,Area_A,7.57,8.8,Area_D,4.21,Area_A
MP-2026-03516,P3516,26-35,Female,23.244778,77.344545,13:18,Friday,Clear,Area_A,12.03,22.49,Area_D,2.06,Area_E
MP-2026-03517,P3517,26-35,Female,23.315141,77.343522,11:55,Monday,Clear,Area_B,8.82,2.76,Area_A,4.89,Area_B
MP-2026-03518,P3518,26-35,Male,23.329792,77.347026,21:42,Wednesday,Cloudy,Area_E,13.89,18.18,Area_C,1.3,Area_B
MP-2026-03519,P3519,26-35,Female,23.311969,77.472522,09:58,Monday,Rain,Area_F,7.33,22.4,Area_F,1.74,Area_F
MP-2026-03520,P3520,26-35,Male,23.300857,77.416409,19:02,Friday,Cloudy,Area_E,21.38,4.88,Area_B,9.09,Area_E
MP-2026-03521,P3521,36-45,Other,23.180486,77.423005,07:29,Sunday,Rain,Area_F,9.78,7.75,Area_D,1.71,Area_A
MP-2026-03522,P3522,46-55,Female,23.307348,77.479848,14:50,Saturday,Fog,Area_G,6.32,36.72,Area_D,4.47,Area_E
MP-2026-03523,P3523,56+,Female,23.254511,77.486145,11:21,Thursday,Cloudy,Area_C,8.04,51.28,Area_B,2.55,Area_B
MP-2026-03524,P3524,26-35,Male,23.237256,77.418766,18:02,Thursday,Clear,Area_J,7.66,24.8,Area_I,0.21,Area_H
MP-2026-03525,P3525,26-35,Female,23.255734,77.344421,21:14,Thursday,Clear,Area_B,8.62,64.29,Area_B,10.51,Area_H
MP-2026-03526,P3526,26-35,Male,23.170428,77.413891,14:05,Friday,Rain,Area_G,7.03,5.01,Area_H,18.3,Area_E
MP-2026-03527,P3527,18-25,Male,23.240395,77.483381,19:54,Friday,Clear,Area_C,10.27,9.34,Area_E,1.6,Area_E
MP-2026-03528,P3528,56+,Male,23.331198,77.405343,10:23,Wednesday,Clear,Area_F,3.11,7.1,Area_I,0.15,Area_E
MP-2026-03529,P3529,18-25,Male,23.246107,77.338117,18:05,Friday,Clear,Area_B,3.71,2.97,Area_H,8.62,Area_B
MP-2026-03530,P3530,36-45,Male,23.167485,77.40109,10:31,Thursday,Clear,Area_E,7.21,61.03,Area_G,2.59,Area_I
MP-2026-03531,P3531,26-35,Female,23.06247,77.613247,21:25,Thursday,Rain,Area_B,6.75,1.88,Area_D,0.37,Area_E
MP-2026-03532,P3532,18-25,Female,23.161524,77.330091,08:53,Monday,Clear,Area_A,10.73,18.72,Area_D,6.9,Area_G
MP-2026-03533,P3533,36-45,Male,23.19124,77.417692,10:43,Saturday,Clear,Area_G,7.26,45.88,Area_H,1.11,Area_G
MP-2026-03534,P3534,36-45,Male,23.268348,77.472023,04:21,Wednesday,Fog,Area_F,5.94,16.54,Area_C,4.62,Area_B
MP-2026-03535,P3535,36-45,Female,23.332829,77.329166,17:13,Tuesday,Clear,Area_A,10.97,31.58,Area_E,1.46,Area_B
MP-2026-03536,P3536,18-25,Other,23.252419,77.410911,06:56,Wednesday,Clear,Area_A,8.49,13.85,Area_G,0.25,Area_I
MP-2026-03537,P3537,36-45,Female,23.319151,77.414416,07:33,Tuesday,Clear,Area_A,10.06,69.44,Area_F,2.3,Area_E
MP-2026-03538,P3538,46-55,Female,23.189399,77.415379,17:03,Thursday,Rain,Area_E,11.24,47.75,Area_H,8.32,Area_E
MP-2026-03539,P3539,18-25,Male,23.326169,77.334424,17:24,Saturday,Cloudy,Area_G,10.56,20.41,Area_B,0.63,Area_B
MP-2026-03540,P3540,18-25,Female,23.181015,77.487705,16:28,Sunday,Clear,Area_C,11.05,5.32,Area_B,6.07,Area_C
MP-2026-03541,P3541,26-35,Male,23.174835,77.407818,18:03,Thursday,Clear,Area_D,5.43,16.93,Area_G,0.15,Area_D
MP-2026-03542,P3542,56+,Male,23.317981,77.410424,13:50,Saturday,Clear,Area_D,9.28,22.24,Area_A,3.78,Area_F
MP-2026-03543,P3543,46-55,Female,23.31868,77.41191,08:58,Saturday,Clear,Area_I,6.33,54.3,Area_B,10.49,Area_E
MP-2026-03544,P3544,46-55,Female,23.315064,77.329052,21:01,Wednesday,Clear,Area_B,5.64,27.48,Area_A,3.44,Area_D
MP-2026-03545,P3545,18-25,Female,23.161535,77.403078,17:42,Monday,Fog,Area_C,10.01,71.18,Area_F,1.87,Area_E
MP-2026-03546,P3546,18-25,Male,23.322738,77.46779,06:04,Saturday,Clear,Area_C,5.45,8.86,Area_C,0.42,Area_C
MP-2026-03547,P3547,26-35,Male,23.242762,77.486089,18:44,Wednesday,Clear,Area_F,11.34,56.72,Area_C,2.99,Area_F
MP-2026-03548,P3548,18-25,Female,23.254835,77.473388,22:39,Friday,Clear,Area_H,11.73,19.76,Area_G,10.38,Area_F
MP-2026-03549,P3549,36-45,Male,23.319215,77.339808,15:55,Sunday,Cloudy,Area_A,14.11,20.54,Area_C,2.34,Area_C
MP-2026-03550,P3550,46-55,Male,23.184275,77.354004,08:29,Monday,Rain,Area_E,6.8,18.87,Area_E,7.45,Area_A
MP-2026-03551,P3551,46-55,Female,23.253731,77.422685,19:11,Monday,Clear,Area_B,8.55,23.43,Area_E,7.1,Area_B
MP-2026-03552,P3552,26-35,Male,23.323776,77.354656,14:14,Sunday,Rain,Area_F,9.49,23.43,Area_B,0.52,Area_C
MP-2026-03553,P3553,36-45,Male,23.308733,77.412933,11:19,Friday,Clear,Area_D,9.42,21.38,Area_A,2.72,Area_E
MP-2026-03554,P3554,36-45,Male,23.222198,77.336117,17:42,Friday,Rain,Area_H,15.46,12.84,Area_G,9.7,Area_H
MP-2026-03555,P3555,26-35,Male,23.264094,77.498731,17:38,Sunday,Clear,Area_F,11.16,24.4,Area_I,4.17,Area_E
MP-2026-03556,P3556,18-25,Female,23.167685,77.487053,16:03,Tuesday,Cloudy,Area_E,18.57,36.44,Area_F,0.1,Area_C
MP-2026-03557,P3557,26-35,Male,23.177066,77.342211,10:46,Thursday,Cloudy,Area_H,18.19,24.86,Area_H,3.18,Area_F
MP-2026-03558,P3558,18-25,Female,23.267911,77.486931,14:16,Thursday,Cloudy,Area_H,6.36,1.9,Area_E,9.43,Area_E
MP-2026-03559,P3559,18-25,Female,23.318249,77.480679,17:39,Thursday,Cloudy,Area_I,12.75,6.5,Area_B,12.22,Area_F
MP-2026-03560,P3560,26-35,Female,23.255388,77.329841,02:50,Monday,Rain,Area_I,7.19,9.73,Area_F,2.23,Area_H
MP-2026-03561,P3561,36-45,Female,23.24675,77.48097,17:23,Friday,Clear,Area_A,5.77,15.14,Area_G,2.38,Area_H
MP-2026-03562,P3562,26-35,Female,23.170039,77.331119,08:24,Friday,Clear,Area_B,4.97,45.67,Area_B,1.0,Area_F
MP-2026-03563,P3563,26-35,Female,23.248172,77.475146,19:19,Tuesday,Cloudy,Area_B,20.05,57.78,Area_B,0.14,Area_B
MP-2026-03564,P3564,26-35,Male,23.183079,77.334006,13:48,Saturday,Cloudy,Area_E,5.47,13.87,Area_E,9.41,Area_E
MP-2026-03565,P3565,18-25,Male,23.17217,77.476771,19:45,Tuesday,Clear,Area_E,9.6,76.88,Area_F,4.66,Area_F
MP-2026-03566,P3566,56+,Female,23.175868,77.402359,22:26,Wednesday,Cloudy,Area_D,2.45,17.84,Area_D,2.02,Area_H
MP-2026-03567,P3567,18-25,Female,23.337217,77.337927,20:07,Sunday,Cloudy,Area_B,30.0,33.31,Area_E,1.83,Area_D
MP-2026-03568,P3568,46-55,Male,23.075521,77.618469,18:55,Saturday,Clear,Area_J,7.03,13.14,Area_J,4.69,Area_J
MP-2026-03569,P3569,56+,Male,23.18449,77.401356,19:47,Tuesday,Cloudy,Area_A,6.72,21.87,Area_D,1.33,Area_B
MP-2026-03570,P3570,26-35,Male,23.24105,77.335988,14:13,Thursday,Clear,Area_H,16.53,34.67,Area_D,4.05,Area_E
MP-2026-03571,P3571,26-35,Female,23.31792,77.340951,10:40,Monday,Cloudy,Area_G,28.57,69.75,Area_A,6.36,Area_D
MP-2026-03572,P3572,18-25,Male,23.319567,77.399123,08:32,Wednesday,Rain,Area_D,8.06,14.62,Area_E,0.89,Area_G
MP-2026-03573,P3573,36-45,Female,23.244149,77.334583,06:29,Monday,Clear,Area_G,9.04,56.2,Area_G,1.08,Area_G
MP-2026-03574,P3574,36-45,Male,23.322094,77.405913,16:48,Saturday,Clear,Area_E,5.95,10.87,Area_A,1.62,Area_E
MP-2026-03575,P3575,26-35,Female,23.182258,77.39886,14:17,Wednesday,Clear,Area_E,9.62,64.29,Area_D,0.3,Area_E
MP-2026-03576,P3576,36-45,Female,23.246347,77.462846,05:22,Friday,Clear,Area_E,6.59,24.84,Area_F,2.84,Area_A
MP-2026-03577,P3577,56+,Female,23.164854,77.390688,07:46,Thursday,Cloudy,Area_A,7.04,68.76,Area_I,5.18,Area_E
MP-2026-03578,P3578,36-45,Male,23.331957,77.341759,13:27,Tuesday,Clear,Area_G,10.2,16.39,Area_E,7.35,Area_I
MP-2026-03579,P3579,56+,Female,23.244203,77.356149,09:04,Sunday,Rain,Area_E,6.62,5.51,Area_F,0.65,Area_E
MP-2026-03580,P3580,36-45,Male,23.314816,77.419353,17:50,Saturday,Clear,Area_C,14.73,20.7,Area_A,4.47,Area_B
MP-2026-03581,P3581,18-25,Other,23.259249,77.459645,09:08,Saturday,Clear,Area_E,8.6,11.91,Area_F,0.11,Area_I
MP-2026-03582,P3582,26-35,Male,23.312672,77.467035,21:35,Sunday,Clear,Area_A,4.82,19.28,Area_B,7.85,Area_A
MP-2026-03583,P3583,36-45,Male,23.195507,77.345041,18:07,Saturday,Clear,Area_B,12.67,36.1,Area_A,9.97,Area_C
MP-2026-03584,P3584,46-55,Male,23.322784,77.486744,20:37,Monday,Rain,Area_B,12.71,21.69,Area_D,1.53,Area_B
MP-2026-03585,P3585,26-35,Male,23.186936,77.48031,04:59,Sunday,Clear,Area_F,6.9,28.42,Area_F,1.14,Area_H
MP-2026-03586,P3586,18-25,Female,23.177672,77.481631,20:26,Tuesday,Cloudy,Area_E,18.67,48.18,Area_H,0.59,Area_F
MP-2026-03587,P3587,18-25,Female,23.253409,77.478363,18:22,Thursday,Clear,Area_B,18.46,36.76,Area_F,1.2,Area_C
MP-2026-03588,P3588,18-25,Female,23.316316,77.345316,18:43,Tuesday,Clear,Area_A,11.9,56.73,Area_D,0.17,Area_B
MP-2026-03589,P3589,46-55,Female,23.314953,77.337043,14:37,Monday,Clear,Area_D,7.59,1.69,Area_I,3.57,Area_C
MP-2026-03590,P3590,18-25,Male,23.25377,77.400047,14:25,Tuesday,Cloudy,Area_H,14.62,7.34,Area_E,6.27,Area_H
MP-2026-03591,P3591,18-25,Female,23.338612,77.487084,08:06,Monday,Clear,Area_C,12.47,10.6,Area_B,1.67,Area_B
MP-2026-03592,P3592,26-35,Male,23.184543,77.407297,08:02,Tuesday,Clear,Area_E,5.74,15.57,Area_D,13.64,Area_D
MP-2026-03593,P3593,56+,Male,23.31984,77.41614,19:27,Thursday,Cloudy,Area_D,6.33,13.06,Area_D,9.25,Area_B
MP-2026-03594,P3594,26-35,Male,23.168235,77.475075,15:20,Monday,Cloudy,Area_H,9.33,7.17,Area_F,4.22,Area_H
MP-2026-03595,P3595,56+,Male,23.16311,77.480727,14:11,Saturday,Clear,Area_C,24.58,43.72,Area_F,1.33,Area_E
MP-2026-03596,P3596,18-25,Female,23.198996,77.48381,18:53,Thursday,Cloudy,Area_A,6.88,4.48,Area_H,1.69,Area_F
MP-2026-03597,P3597,46-55,Male,23.232477,77.480277,00:25,Monday,Clear,Area_H,8.6,69.83,Area_I,9.97,Area_F
MP-2026-03598,P3598,36-45,Female,23.240913,77.422393,15:14,Monday,Clear,Area_F,14.32,14.64,Area_C,4.53,Area_F
MP-2026-03599,P3599,46-55,Female,23.258041,77.407106,15:58,Thursday,Cloudy,Area_D,19.3,25.57,Area_G,2.81,Area_C
MP-2026-03600,P3600,18-25,Female,23.195878,77.342834,16:05,Thursday,Cloudy,Area_G,13.13,34.4,Area_G,3.08,Area_D
MP-2026-03601,P3601,18-25,Male,23.249693,77.407483,15:27,Monday,Clear,Area_E,10.6,14.74,Area_F,4.38,Area_B
MP-2026-03602,P3602,26-35,Male,23.235064,77.341407,17:21,Tuesday,Rain,Area_A,6.4,71.33,Area_B,0.71,Area_A
MP-2026-03603,P3603,26-35,Male,23.324793,77.399106,20:20,Friday,Clear,Area_B,9.2,58.72,Area_E,9.14,Area_B
MP-2026-03604,P3604,36-45,Male,23.17283,77.477788,10:30,Wednesday,Clear,Area_D,2.62,24.6,Area_G,1.03,Area_E
MP-2026-03605,P3605,36-45,Female,23.265522,77.402856,14:46,Saturday,Clear,Area_A,6.73,48.6,Area_D,3.09,Area_H
MP-2026-03606,P3606,46-55,Male,23.300156,77.481425,12:57,Sunday,Rain,Area_I,20.18,8.31,Area_C,2.81,Area_F
MP-2026-03607,P3607,18-25,Male,23.259139,77.401068,08:26,Thursday,Clear,Area_D,7.57,57.11,Area_A,0.7,Area_D
MP-2026-03608,P3608,26-35,Male,23.182902,77.414448,13:18,Saturday,Cloudy,Area_E,11.94,6.06,Area_I,1.59,Area_H
MP-2026-03609,P3609,56+,Male,23.187253,77.352368,17:38,Monday,Clear,Area_C,6.43,12.21,Area_I,2.13,Area_H
MP-2026-03610,P3610,18-25,Male,23.166733,77.486022,07:40,Saturday,Cloudy,Area_E,22.54,60.71,Area_D,1.55,Area_G
MP-2026-03611,P3611,26-35,Male,23.263117,77.467013,05:24,Sunday,Cloudy,Area_E,13.16,21.31,Area_J,1.55,Area_E
MP-2026-03612,P3612,36-45,Male,23.064422,77.60888,19:23,Monday,Clear,Area_A,14.71,22.42,Area_C,3.4,Area_F
MP-2026-03613,P3613,26-35,Female,23.335583,77.481438,19:18,Tuesday,Cloudy,Area_A,6.55,20.93,Area_A,7.32,Area_A
MP-2026-03614,P3614,46-55,Male,23.178053,77.352392,23:42,Wednesday,Cloudy,Area_I,10.05,15.16,Area_J,0.19,Area_I
MP-2026-03615,P3615,56+,Male,23.259639,77.345955,12:54,Friday,Clear,Area_D,4.0,10.53,Area_E,1.76,Area_D
MP-2026-03616,P3616,26-35,Female,23.317349,77.318624,20:34,Friday,Clear,Area_E,14.89,31.86,Area_B,7.19,Area_B
MP-2026-03617,P3617,26-35,Male,23.186612,77.404953,18:57,Sunday,Rain,Area_B,6.88,58.28,Area_C,2.82,Area_B
MP-2026-03618,P3618,36-45,Male,23.173821,77.459187,16:55,Sunday,Clear,Area_C,8.65,4.0,Area_F,1.92,Area_I
MP-2026-03619,P3619,26-35,Male,23.164223,77.488286,13:55,Friday,Clear,Area_H,23.97,61.32,Area_E,5.93,Area_E
MP-2026-03620,P3620,18-25,Male,23.328423,77.350169,16:04,Tuesday,Cloudy,Area_C,10.16,29.31,Area_B,3.6,Area_C
MP-2026-03621,P3621,56+,Male,23.331188,77.471566,15:09,Monday,Clear,Area_C,5.81,33.85,Area_A,0.1,Area_B
MP-2026-03622,P3622,36-45,Male,23.333803,77.345434,07:52,Wednesday,Clear,Area_A,13.8,7.96,Area_E,2.86,Area_D
MP-2026-03623,P3623,36-45,Female,23.335506,77.424822,18:08,Monday,Cloudy,Area_B,10.23,9.36,Area_A,2.33,Area_A
MP-2026-03624,P3624,26-35,Female,23.249051,77.347487,20:50,Sunday,Clear,Area_B,9.08,13.85,Area_G,2.24,Area_F
MP-2026-03625,P3625,26-35,Male,23.248186,77.35059,12:02,Friday,Rain,Area_D,19.5,57.65,Area_H,4.32,Area_D
MP-2026-03626,P3626,36-45,Other,23.250977,77.484932,17:46,Friday,Cloudy,Area_B,6.66,62.06,Area_H,2.19,Area_E
MP-2026-03627,P3627,26-35,Male,23.313189,77.472001,20:18,Monday,Rain,Area_E,6.8,46.99,Area_C,3.38,Area_F
MP-2026-03628,P3628,26-35,Male,23.258178,77.471949,10:16,Monday,Clear,Area_H,8.61,20.14,Area_E,1.35,Area_H
MP-2026-03629,P3629,18-25,Female,23.164999,77.478861,16:38,Friday,Fog,Area_A,8.08,6.58,Area_G,2.73,Area_E
MP-2026-03630,P3630,46-55,Male,23.253164,77.394042,10:11,Monday,Clear,Area_A,16.46,75.02,Area_E,5.97,Area_D
MP-2026-03631,P3631,36-45,Female,23.184115,77.476571,10:56,Monday,Clear,Area_C,8.57,4.06,Area_I,0.83,Area_F
MP-2026-03632,P3632,36-45,Male,23.236024,77.348404,13:08,Monday,Cloudy,Area_E,13.71,19.53,Area_G,2.23,Area_D
MP-2026-03633,P3633,26-35,Male,23.241064,77.415822,19:35,Sunday,Clear,Area_D,11.32,9.45,Area_D,1.18,Area_D
MP-2026-03634,P3634,26-35,Female,23.188752,77.350815,10:21,Monday,Clear,Area_D,10.82,7.77,Area_I,3.18,Area_I
MP-2026-03635,P3635,26-35,Male,23.326432,77.358331,19:35,Wednesday,Fog,Area_B,7.62,41.27,Area_B,1.15,Area_F
MP-2026-03636,P3636,36-45,Female,23.302782,77.402824,19:20,Tuesday,Cloudy,Area_C,6.3,23.7,Area_C,3.51,Area_C
MP-2026-03637,P3637,36-45,Female,23.325382,77.413889,16:16,Tuesday,Clear,Area_D,5.36,3.38,Area_E,2.86,Area_C
MP-2026-03638,P3638,26-35,Male,23.17307,77.408401,18:25,Thursday,Clear,Area_D,5.2,19.59,Area_G,3.93,Area_F
MP-2026-03639,P3639,46-55,Female,23.176555,77.410566,08:32,Sunday,Cloudy,Area_F,18.25,38.17,Area_I,0.65,Area_F
MP-2026-03640,P3640,46-55,Female,23.310509,77.323034,06:49,Monday,Clear,Area_E,6.89,8.18,Area_F,5.27,Area_E
MP-2026-03641,P3641,26-35,Female,23.326927,77.416026,07:42,Monday,Clear,Area_C,17.22,67.66,Area_B,1.66,Area_E
MP-2026-03642,P3642,26-35,Female,23.319942,77.341319,18:42,Thursday,Clear,Area_A,16.61,49.04,Area_B,2.73,Area_A
MP-2026-03643,P3643,36-45,Female,23.325867,77.34925,18:54,Monday,Clear,Area_B,8.19,66.11,Area_A,6.67,Area_F
MP-2026-03644,P3644,56+,Female,23.33123,77.475215,16:09,Thursday,Clear,Area_A,4.78,19.75,Area_C,2.68,Area_B
MP-2026-03645,P3645,46-55,Male,23.245203,77.426489,11:18,Saturday,Cloudy,Area_A,14.15,78.44,Area_D,1.48,Area_E
MP-2026-03646,P3646,18-25,Male,23.174666,77.472159,16:18,Sunday,Cloudy,Area_G,5.26,19.25,Area_H,2.71,Area_F
MP-2026-03647,P3647,26-35,Male,23.254199,77.484622,13:24,Friday,Cloudy,Area_A,8.01,30.49,Area_C,1.86,Area_C
MP-2026-03648,P3648,26-35,Female,23.1799,77.327038,17:30,Wednesday,Clear,Area_A,8.3,2.13,Area_A,1.09,Area_A
MP-2026-03649,P3649,56+,Male,23.322151,77.408077,23:10,Monday,Cloudy,Area_C,11.87,28.12,Area_A,7.57,Area_C
MP-2026-03650,P3650,18-25,Female,23.17445,77.360682,19:12,Thursday,Clear,Area_B,25.32,22.23,Area_H,1.38,Area_E
MP-2026-03651,P3651,36-45,Female,23.236232,77.341644,13:43,Saturday,Clear,Area_D,12.04,9.5,Area_D,2.06,Area_D
MP-2026-03652,P3652,26-35,Male,23.254046,77.391551,16:25,Friday,Cloudy,Area_D,3.92,20.72,Area_D,2.99,Area_E
MP-2026-03653,P3653,26-35,Female,23.255073,77.334664,19:49,Thursday,Fog,Area_H,30.0,73.82,Area_A,8.27,Area_B
MP-2026-03654,P3654,18-25,Female,23.267936,77.482479,08:25,Thursday,Rain,Area_A,13.11,74.52,Area_A,8.2,Area_A
MP-2026-03655,P3655,36-45,Other,23.256696,77.492761,16:57,Tuesday,Cloudy,Area_B,7.23,3.85,Area_I,2.08,Area_F
MP-2026-03656,P3656,46-55,Female,23.323241,77.497911,19:50,Tuesday,Cloudy,Area_C,9.9,22.5,Area_F,0.1,Area_B
MP-2026-03657,P3657,46-55,Female,23.249264,77.387661,20:42,Thursday,Cloudy,Area_E,3.67,3.0,Area_D,10.39,Area_E
MP-2026-03658,P3658,36-45,Female,23.324635,77.412943,07:38,Tuesday,Rain,Area_C,15.75,69.67,Area_C,2.82,Area_B
MP-2026-03659,P3659,18-25,Male,23.32325,77.483876,13:31,Thursday,Clear,Area_H,13.33,66.54,Area_G,4.43,Area_E
MP-2026-03660,P3660,36-45,Male,23.250131,77.343653,18:34,Friday,Clear,Area_D,2.89,7.5,Area_G,2.47,Area_B
MP-2026-03661,P3661,36-45,Female,23.164404,77.332306,17:45,Sunday,Cloudy,Area_I,14.47,48.87,Area_C,0.1,Area_H
MP-2026-03662,P3662,18-25,Female,23.183739,77.48191,13:24,Wednesday,Cloudy,Area_E,29.03,59.26,Area_I,0.42,Area_E
MP-2026-03663,P3663,26-35,Male,23.174967,77.419205,18:12,Sunday,Clear,Area_G,14.09,66.14,Area_H,9.52,Area_H
MP-2026-03664,P3664,46-55,Male,23.187784,77.393338,01:41,Sunday,Clear,Area_G,3.65,2.59,Area_G,0.76,Area_A
MP-2026-03665,P3665,18-25,Male,23.190843,77.336503,14:03,Sunday,Clear,Area_A,23.18,20.84,Area_H,6.85,Area_E
MP-2026-03666,P3666,36-45,Male,23.240661,77.481656,17:22,Friday,Clear,Area_D,9.53,75.75,Area_F,3.62,Area_C
MP-2026-03667,P3667,26-35,Male,23.183993,77.493589,10:48,Saturday,Rain,Area_A,8.05,33.05,Area_C,0.36,Area_H
MP-2026-03668,P3668,56+,Male,23.191422,77.335847,18:16,Saturday,Clear,Area_F,12.22,48.25,Area_E,20.37,Area_H
MP-2026-03669,P3669,46-55,Male,23.254906,77.407534,11:47,Friday,Fog,Area_E,12.52,75.92,Area_B,1.04,Area_E
MP-2026-03670,P3670,36-45,Male,23.177882,77.492711,08:35,Thursday,Clear,Area_B,11.4,65.0,Area_A,6.96,Area_E
MP-2026-03671,P3671,18-25,Female,23.315059,77.403708,16:35,Thursday,Clear,Area_G,4.64,24.19,Area_G,2.71,Area_D
MP-2026-03672,P3672,26-35,Male,23.258047,77.465044,12:18,Sunday,Cloudy,Area_D,14.85,44.59,Area_G,5.99,Area_H
MP-2026-03673,P3673,18-25,Male,23.329072,77.327827,07:05,Friday,Cloudy,Area_E,16.78,58.61,Area_F,0.31,Area_E
MP-2026-03674,P3674,46-55,Male,23.1735,77.327963,08:16,Sunday,Clear,Area_I,6.95,5.61,Area_G,5.48,Area_G
MP-2026-03675,P3675,36-45,Female,23.066468,77.615597,10:38,Sunday,Clear,Area_J,11.37,5.32,Area_J,1.32,Area_J
MP-2026-03676,P3676,36-45,Female,23.328223,77.34585,08:25,Wednesday,Rain,Area_H,3.31,6.18,Area_D,0.58,Area_B
MP-2026-03677,P3677,26-35,Female,23.333675,77.483189,15:31,Monday,Cloudy,Area_F,6.11,3.55,Area_E,8.06,Area_F
MP-2026-03678,P3678,18-25,Male,23.255415,77.348101,19:15,Monday,Clear,Area_C,8.56,2.01,Area_E,4.34,Area_B
MP-2026-03679,P3679,36-45,Other,23.192532,77.344056,17:56,Saturday,Rain,Area_H,4.53,10.37,Area_D,18.81,Area_H
MP-2026-03680,P3680,36-45,Female,23.175402,77.358516,10:21,Saturday,Cloudy,Area_G,8.74,16.93,Area_H,0.1,Area_G
MP-2026-03681,P3681,46-55,Female,23.242002,77.468804,12:26,Wednesday,Cloudy,Area_C,6.55,57.64,Area_C,4.5,Area_D
MP-2026-03682,P3682,36-45,Female,23.065847,77.611379,03:18,Tuesday,Cloudy,Area_A,7.78,11.64,Area_A,7.89,Area_A
MP-2026-03683,P3683,36-45,Male,23.252119,77.42027,18:55,Saturday,Cloudy,Area_A,7.18,19.04,Area_A,0.16,Area_B
MP-2026-03684,P3684,46-55,Male,23.328171,77.425933,12:19,Sunday,Cloudy,Area_F,9.19,70.12,Area_H,5.21,Area_G
MP-2026-03685,P3685,26-35,Male,23.24128,77.354262,14:02,Saturday,Rain,Area_J,3.86,7.22,Area_I,2.92,Area_E
MP-2026-03686,P3686,36-45,Female,23.066126,77.606319,07:46,Wednesday,Cloudy,Area_J,16.39,69.52,Area_J,2.8,Area_J
MP-2026-03687,P3687,56+,Female,23.24581,77.380375,14:20,Monday,Clear,Area_B,22.36,26.31,Area_B,0.7,Area_B
MP-2026-03688,P3688,26-35,Female,23.22997,77.345003,20:49,Wednesday,Cloudy,Area_A,12.57,54.74,Area_B,4.52,Area_C
MP-2026-03689,P3689,26-35,Female,23.260773,77.331389,08:02,Tuesday,Clear,Area_B,12.77,40.77,Area_C,2.21,Area_B
MP-2026-03690,P3690,36-45,Female,23.173512,77.345227,06:11,Sunday,Clear,Area_E,7.43,36.71,Area_H,2.45,Area_E
MP-2026-03691,P3691,36-45,Female,23.185193,77.415391,09:07,Monday,Rain,Area_A,8.84,17.92,Area_C,0.1,Area_A
MP-2026-03692,P3692,26-35,Male,23.314585,77.411944,19:01,Friday,Clear,Area_H,12.72,53.25,Area_E,5.88,Area_B
MP-2026-03693,P3693,18-25,Female,23.232122,77.429309,17:00,Friday,Rain,Area_A,16.97,38.08,Area_H,7.41,Area_F
MP-2026-03694,P3694,46-55,Male,23.235616,77.483164,06:05,Wednesday,Clear,Area_A,30.0,3.42,Area_C,2.52,Area_A
MP-2026-03695,P3695,18-25,Male,23.309391,77.413977,11:07,Tuesday,Clear,Area_D,14.03,56.08,Area_A,0.67,Area_D
MP-2026-03696,P3696,26-35,Female,23.254868,77.409189,17:46,Wednesday,Cloudy,Area_D,8.71,5.96,Area_A,2.07,Area_B
MP-2026-03697,P3697,46-55,Female,23.259439,77.411123,11:09,Thursday,Rain,Area_H,4.95,9.54,Area_B,14.94,Area_A
MP-2026-03698,P3698,46-55,Male,23.334725,77.495966,00:06,Monday,Clear,Area_F,19.14,57.91,Area_C,2.21,Area_A
MP-2026-03699,P3699,36-45,Female,23.197287,77.424274,12:14,Wednesday,Clear,Area_A,6.59,79.73,Area_B,6.6,Area_G
MP-2026-03700,P3700,56+,Female,23.32271,77.486278,16:26,Saturday,Clear,Area_F,6.9,61.65,Area_C,2.04,Area_C
MP-2026-03701,P3701,18-25,Male,23.253405,77.351071,20:06,Saturday,Clear,Area_G,5.62,11.3,Area_A,4.96,Area_G
MP-2026-03702,P3702,26-35,Male,23.322987,77.340562,04:53,Wednesday,Cloudy,Area_H,13.79,8.07,Area_B,13.63,Area_C
MP-2026-03703,P3703,26-35,Female,23.313344,77.478845,21:04,Wednesday,Fog,Area_G,5.14,18.76,Area_C,1.13,Area_F
MP-2026-03704,P3704,26-35,Male,23.239747,77.346478,15:56,Sunday,Rain,Area_A,12.11,6.38,Area_D,7.33,Area_A
MP-2026-03705,P3705,46-55,Female,23.245285,77.469844,20:32,Sunday,Cloudy,Area_E,22.01,40.85,Area_A,0.24,Area_E
MP-2026-03706,P3706,46-55,Male,23.24416,77.398432,20:53,Thursday,Clear,Area_A,7.49,57.37,Area_D,16.07,Area_F
MP-2026-03707,P3707,26-35,Other,23.24186,77.341895,16:10,Tuesday,Clear,Area_G,7.39,57.28,Area_H,0.42,Area_G
MP-2026-03708,P3708,36-45,Male,23.318737,77.399534,17:47,Thursday,Rain,Area_B,7.22,18.6,Area_F,1.05,Area_B
MP-2026-03709,P3709,46-55,Male,23.257317,77.470183,19:35,Thursday,Cloudy,Area_F,4.63,50.14,Area_H,6.67,Area_F
MP-2026-03710,P3710,26-35,Female,23.254258,77.405516,09:25,Tuesday,Fog,Area_B,8.35,37.96,Area_C,0.29,Area_D
MP-2026-03711,P3711,26-35,Female,23.252511,77.404908,09:24,Friday,Clear,Area_A,5.54,1.72,Area_I,4.23,Area_F
MP-2026-03712,P3712,18-25,Female,23.175883,77.413483,07:49,Sunday,Clear,Area_H,6.43,22.19,Area_G,10.62,Area_H
MP-2026-03713,P3713,26-35,Male,23.244119,77.479386,07:33,Friday,Cloudy,Area_C,5.58,17.94,Area_B,1.25,Area_A
MP-2026-03714,P3714,36-45,Female,23.18003,77.404263,23:13,Thursday,Clear,Area_C,20.92,8.56,Area_B,5.94,Area_C
MP-2026-03715,P3715,26-35,Female,23.195718,77.417797,21:13,Friday,Clear,Area_E,15.55,47.11,Area_G,0.35,Area_E
MP-2026-03716,P3716,36-45,Male,23.314972,77.414098,17:37,Sunday,Clear,Area_F,9.36,1.56,Area_C,7.83,Area_F
MP-2026-03717,P3717,36-45,Male,23.328155,77.412325,14:50,Friday,Cloudy,Area_C,5.94,14.12,Area_B,3.14,Area_D
MP-2026-03718,P3718,18-25,Female,23.266888,77.477681,15:17,Tuesday,Cloudy,Area_D,6.47,58.56,Area_B,4.5,Area_F
MP-2026-03719,P3719,26-35,Male,23.318572,77.48473,17:12,Sunday,Rain,Area_A,10.71,26.95,Area_H,1.54,Area_B
MP-2026-03720,P3720,36-45,Male,23.325517,77.474182,06:18,Sunday,Clear,Area_B,12.86,48.18,Area_A,7.99,Area_B
MP-2026-03721,P3721,26-35,Female,23.181271,77.480602,19:54,Tuesday,Clear,Area_I,13.12,41.8,Area_H,5.11,Area_I
MP-2026-03722,P3722,18-25,Male,23.310398,77.473964,08:43,Tuesday,Clear,Area_B,15.7,22.26,Area_A,1.43,Area_A
MP-2026-03723,P3723,56+,Female,23.247889,77.46977,18:08,Friday,Cloudy,Area_A,7.07,8.89,Area_C,0.65,Area_C
MP-2026-03724,P3724,46-55,Female,23.255553,77.479361,09:40,Monday,Clear,Area_C,5.37,28.48,Area_B,2.81,Area_I
MP-2026-03725,P3725,56+,Other,23.068899,77.604785,10:25,Sunday,Clear,Area_D,5.28,20.41,Area_G,2.24,Area_D
MP-2026-03726,P3726,36-45,Female,23.315268,77.3312,16:42,Friday,Clear,Area_F,4.89,59.42,Area_E,0.22,Area_G
MP-2026-03727,P3727,26-35,Female,23.261019,77.33644,19:55,Monday,Clear,Area_A,8.21,32.73,Area_E,2.48,Area_F
MP-2026-03728,P3728,26-35,Female,23.311746,77.338201,15:34,Wednesday,Clear,Area_G,19.35,71.78,Area_H,1.17,Area_A
MP-2026-03729,P3729,18-25,Female,23.199163,77.342195,05:12,Thursday,Clear,Area_E,13.69,20.68,Area_B,7.58,Area_E
MP-2026-03730,P3730,36-45,Female,23.320698,77.406473,08:29,Tuesday,Clear,Area_B,16.22,19.83,Area_B,8.37,Area_F
MP-2026-03731,P3731,36-45,Female,23.183775,77.338793,19:26,Sunday,Clear,Area_G,9.48,21.56,Area_D,2.59,Area_H
MP-2026-03732,P3732,26-35,Female,23.177766,77.340623,18:16,Tuesday,Clear,Area_F,8.62,3.08,Area_D,0.79,Area_G
MP-2026-03733,P3733,26-35,Other,23.170693,77.484851,17:20,Thursday,Cloudy,Area_A,22.58,27.44,Area_F,1.96,Area_I
MP-2026-03734,P3734,26-35,Male,23.187651,77.421873,05:13,Thursday,Rain,Area_G,7.35,24.6,Area_D,0.98,Area_H
MP-2026-03735,P3735,56+,Male,23.171116,77.341588,05:02,Saturday,Clear,Area_G,20.45,10.87,Area_A,6.9,Area_G
MP-2026-03736,P3736,18-25,Other,23.325825,77.403962,17:34,Sunday,Cloudy,Area_H,13.54,79.49,Area_E,0.52,Area_C
MP-2026-03737,P3737,46-55,Male,23.245813,77.421438,03:25,Friday,Cloudy,Area_B,13.75,57.85,Area_E,8.14,Area_G
MP-2026-03738,P3738,18-25,Female,23.191918,77.49748,13:20,Tuesday,Clear,Area_A,10.41,29.4,Area_C,1.75,Area_E
MP-2026-03739,P3739,46-55,Male,23.329232,77.486647,15:26,Sunday,Clear,Area_C,9.23,57.75,Area_D,15.36,Area_C
MP-2026-03740,P3740,36-45,Female,23.243272,77.473052,16:56,Friday,Clear,Area_B,7.25,12.35,Area_D,0.24,Area_G
MP-2026-03741,P3741,18-25,Male,23.2623,77.342619,19:19,Thursday,Rain,Area_F,13.13,65.52,Area_G,3.45,Area_H
MP-2026-03742,P3742,56+,Female,23.165943,77.412896,13:14,Tuesday,Cloudy,Area_F,6.32,4.71,Area_I,2.11,Area_H
MP-2026-03743,P3743,26-35,Male,23.178509,77.339763,07:21,Friday,Clear,Area_H,5.71,23.45,Area_G,3.75,Area_D
MP-2026-03744,P3744,36-45,Other,23.313684,77.475769,07:24,Wednesday,Clear,Area_C,19.08,72.15,Area_I,2.69,Area_I
MP-2026-03745,P3745,26-35,Female,23.317096,77.334189,11:34,Tuesday,Fog,Area_B,17.18,38.46,Area_C,5.23,Area_B
MP-2026-03746,P3746,18-25,Male,23.180268,77.480711,20:27,Sunday,Clear,Area_C,12.64,21.92,Area_B,0.1,Area_I
MP-2026-03747,P3747,36-45,Male,23.237941,77.403796,22:42,Thursday,Clear,Area_H,14.12,9.45,Area_H,4.42,Area_D
MP-2026-03748,P3748,18-25,Male,23.311792,77.479405,08:22,Monday,Clear,Area_A,10.22,68.27,Area_F,7.56,Area_A
MP-2026-03749,P3749,56+,Male,23.060282,77.601784,05:59,Sunday,Clear,Area_I,22.63,18.56,Area_J,1.12,Area_J
MP-2026-03750,P3750,18-25,Male,23.179254,77.355465,07:41,Sunday,Cloudy,Area_J,5.59,5.95,Area_H,0.21,Area_I
MP-2026-03751,P3751,36-45,Female,23.32391,77.489564,05:54,Thursday,Rain,Area_C,5.26,22.82,Area_C,1.32,Area_C
MP-2026-03752,P3752,26-35,Female,23.081067,77.609543,13:28,Monday,Clear,Area_C,6.3,77.17,Area_F,11.03,Area_C
MP-2026-03753,P3753,18-25,Female,23.092931,77.613715,11:58,Tuesday,Clear,Area_J,7.29,3.67,Area_J,4.5,Area_J
MP-2026-03754,P3754,46-55,Male,23.181422,77.337322,19:45,Thursday,Clear,Area_D,12.89,47.18,Area_F,9.58,Area_E
MP-2026-03755,P3755,56+,Female,23.25959,77.417048,10:42,Tuesday,Rain,Area_H,9.82,1.17,Area_I,5.06,Area_C
MP-2026-03756,P3756,36-45,Female,23.181012,77.329424,08:58,Friday,Cloudy,Area_J,9.41,4.73,Area_H,6.26,Area_D
MP-2026-03757,P3757,26-35,Male,23.245385,77.478158,07:52,Saturday,Cloudy,Area_C,14.4,50.94,Area_B,12.44,Area_E
MP-2026-03758,P3758,36-45,Female,23.185058,77.418825,18:25,Monday,Rain,Area_C,9.88,69.48,Area_B,5.14,Area_B
MP-2026-03759,P3759,18-25,Female,23.331898,77.338176,17:58,Monday,Cloudy,Area_A,21.16,27.98,Area_G,1.2,Area_A
MP-2026-03760,P3760,36-45,Male,23.243271,77.338521,12:24,Thursday,Clear,Area_I,10.95,46.34,Area_H,0.78,Area_I
MP-2026-03761,P3761,46-55,Male,23.077032,77.600657,07:58,Tuesday,Clear,Area_F,5.96,14.45,Area_J,2.76,Area_J
MP-2026-03762,P3762,36-45,Female,23.317783,77.345088,09:27,Tuesday,Clear,Area_G,20.65,7.13,Area_E,3.61,Area_G
MP-2026-03763,P3763,56+,Male,23.320121,77.470303,07:04,Saturday,Clear,Area_C,5.43,4.9,Area_B,0.31,Area_C
MP-2026-03764,P3764,26-35,Female,23.311005,77.417869,10:35,Sunday,Rain,Area_A,6.12,13.56,Area_A,4.5,Area_A
MP-2026-03765,P3765,36-45,Male,23.25055,77.463801,17:55,Friday,Clear,Area_F,16.26,42.78,Area_C,1.02,Area_F
MP-2026-03766,P3766,26-35,Male,23.170612,77.471855,09:56,Thursday,Clear,Area_C,6.48,32.61,Area_I,0.1,Area_F
MP-2026-03767,P3767,26-35,Female,23.320303,77.331549,13:56,Monday,Clear,Area_D,8.98,44.49,Area_G,2.4,Area_D
MP-2026-03768,P3768,26-35,Female,23.248237,77.414327,18:30,Tuesday,Clear,Area_A,10.21,21.72,Area_B,2.48,Area_C
MP-2026-03769,P3769,56+,Male,23.168782,77.392739,17:02,Tuesday,Rain,Area_H,4.58,68.42,Area_G,1.14,Area_H
MP-2026-03770,P3770,36-45,Male,23.256245,77.47462,17:18,Tuesday,Clear,Area_B,30.0,39.58,Area_E,4.35,Area_B
MP-2026-03771,P3771,18-25,Male,23.255929,77.347507,04:59,Friday,Cloudy,Area_A,13.86,20.26,Area_H,5.43,Area_E
MP-2026-03772,P3772,36-45,Female,23.321217,77.41952,10:24,Tuesday,Fog,Area_C,13.35,61.18,Area_F,3.45,Area_A
MP-2026-03773,P3773,26-35,Male,23.243324,77.333053,06:14,Wednesday,Cloudy,Area_D,10.03,15.99,Area_A,0.3,Area_A
MP-2026-03774,P3774,46-55,Female,23.316464,77.412917,21:07,Sunday,Clear,Area_G,18.43,69.2,Area_E,0.76,Area_F
MP-2026-03775,P3775,36-45,Male,23.300019,77.340472,01:19,Wednesday,Cloudy,Area_C,9.39,9.17,Area_E,2.25,Area_C
MP-2026-03776,P3776,36-45,Male,23.318058,77.335869,12:47,Sunday,Cloudy,Area_D,11.93,55.4,Area_G,9.95,Area_E
MP-2026-03777,P3777,36-45,Female,23.318592,77.342933,00:06,Wednesday,Clear,Area_A,10.87,28.14,Area_B,2.15,Area_A
MP-2026-03778,P3778,26-35,Male,23.174995,77.342571,09:53,Thursday,Clear,Area_B,13.55,25.62,Area_D,2.57,Area_E
MP-2026-03779,P3779,26-35,Male,23.304399,77.415022,17:44,Friday,Clear,Area_E,12.75,77.17,Area_C,4.24,Area_C
MP-2026-03780,P3780,26-35,Male,23.27025,77.422439,20:59,Thursday,Clear,Area_B,4.56,23.42,Area_A,2.16,Area_B
MP-2026-03781,P3781,18-25,Male,23.179003,77.485241,15:12,Friday,Rain,Area_D,3.76,24.68,Area_E,0.1,Area_F
MP-2026-03782,P3782,18-25,Other,23.251888,77.400725,19:58,Thursday,Cloudy,Area_H,9.53,6.62,Area_F,16.59,Area_B
MP-2026-03783,P3783,26-35,Female,23.227769,77.472125,20:30,Thursday,Clear,Area_B,13.0,45.66,Area_I,0.1,Area_B
MP-2026-03784,P3784,36-45,Male,23.173914,77.39532,12:22,Wednesday,Cloudy,Area_D,8.01,29.25,Area_D,2.84,Area_D
MP-2026-03785,P3785,26-35,Male,23.171522,77.352488,20:02,Monday,Clear,Area_F,10.35,7.4,Area_G,7.02,Area_H
MP-2026-03786,P3786,26-35,Other,23.245539,77.479325,14:10,Tuesday,Cloudy,Area_E,5.57,1.15,Area_H,8.69,Area_F
MP-2026-03787,P3787,18-25,Male,23.311025,77.484598,09:28,Friday,Cloudy,Area_B,7.15,3.43,Area_C,10.45,Area_B
MP-2026-03788,P3788,36-45,Female,23.246268,77.406838,17:55,Saturday,Cloudy,Area_B,17.62,23.13,Area_A,2.53,Area_B
MP-2026-03789,P3789,26-35,Male,23.331105,77.492366,16:37,Friday,Cloudy,Area_H,6.09,22.74,Area_B,2.75,Area_B
MP-2026-03790,P3790,46-55,Female,23.173081,77.348555,19:12,Monday,Clear,Area_A,8.32,17.07,Area_B,3.16,Area_D
MP-2026-03791,P3791,18-25,Other,23.260255,77.324809,09:49,Tuesday,Clear,Area_E,12.09,34.92,Area_H,22.25,Area_G
MP-2026-03792,P3792,56+,Male,23.2378,77.486674,13:58,Tuesday,Clear,Area_C,11.08,18.89,Area_E,6.82,Area_D
MP-2026-03793,P3793,36-45,Male,23.311788,77.348421,13:12,Wednesday,Clear,Area_D,6.18,43.15,Area_D,3.33,Area_B
MP-2026-03794,P3794,46-55,Female,23.241585,77.337044,19:25,Sunday,Clear,Area_D,6.98,22.27,Area_H,1.14,Area_A
MP-2026-03795,P3795,18-25,Female,23.176295,77.35637,08:03,Monday,Clear,Area_H,3.92,21.36,Area_I,0.84,Area_F
MP-2026-03796,P3796,46-55,Male,23.243879,77.412939,15:53,Wednesday,Cloudy,Area_A,12.9,22.3,Area_B,11.3,Area_A
MP-2026-03797,P3797,18-25,Other,23.165771,77.434073,21:06,Saturday,Clear,Area_A,8.3,26.23,Area_C,5.53,Area_E
MP-2026-03798,P3798,18-25,Male,23.190908,77.403906,13:16,Friday,Clear,Area_E,8.15,8.68,Area_F,4.63,Area_E
MP-2026-03799,P3799,26-35,Female,23.320355,77.399921,08:13,Wednesday,Cloudy,Area_A,14.92,31.86,Area_F,4.11,Area_A
MP-2026-03800,P3800,26-35,Female,23.176144,77.340519,14:12,Monday,Cloudy,Area_E,8.51,13.3,Area_D,0.44,Area_D
MP-2026-03801,P3801,18-25,Other,23.171205,77.476531,06:21,Friday,Clear,Area_H,5.44,14.92,Area_I,0.77,Area_H
MP-2026-03802,P3802,56+,Female,23.180084,77.330787,16:14,Thursday,Clear,Area_E,9.21,14.64,Area_A,1.01,Area_D
MP-2026-03803,P3803,18-25,Male,23.262721,77.40645,08:30,Thursday,Cloudy,Area_A,8.5,6.04,Area_A,1.7,Area_B
MP-2026-03804,P3804,18-25,Male,23.193865,77.350256,17:10,Friday,Clear,Area_I,8.47,17.55,Area_F,5.08,Area_I
MP-2026-03805,P3805,36-45,Female,23.236523,77.471501,06:38,Thursday,Rain,Area_D,5.48,63.45,Area_G,5.46,Area_D
MP-2026-03806,P3806,46-55,Male,23.240324,77.33491,07:45,Friday,Clear,Area_I,10.92,46.24,Area_E,10.33,Area_E
MP-2026-03807,P3807,26-35,Female,23.314023,77.3996,07:05,Saturday,Cloudy,Area_B,20.0,40.62,Area_C,2.83,Area_I
MP-2026-03808,P3808,26-35,Male,23.17791,77.345389,22:27,Tuesday,Cloudy,Area_F,5.24,45.61,Area_C,0.91,Area_F
MP-2026-03809,P3809,26-35,Female,23.326072,77.413431,15:38,Wednesday,Clear,Area_D,5.24,24.16,Area_H,4.99,Area_D
MP-2026-03810,P3810,18-25,Male,23.336263,77.421361,19:16,Sunday,Cloudy,Area_E,10.3,27.28,Area_E,0.57,Area_E
MP-2026-03811,P3811,26-35,Male,23.167649,77.343123,21:41,Monday,Clear,Area_D,9.41,13.8,Area_E,6.48,Area_H
MP-2026-03812,P3812,26-35,Female,23.243394,77.404293,22:58,Saturday,Cloudy,Area_A,7.62,61.62,Area_E,0.47,Area_G
MP-2026-03813,P3813,26-35,Female,23.319209,77.321755,13:25,Friday,Clear,Area_D,11.28,38.57,Area_A,0.6,Area_D
MP-2026-03814,P3814,36-45,Male,23.329393,77.491882,18:27,Thursday,Clear,Area_C,6.63,70.75,Area_C,0.34,Area_F
MP-2026-03815,P3815,46-55,Male,23.253812,77.470906,08:09,Tuesday,Clear,Area_J,9.06,37.52,Area_I,0.91,Area_E
MP-2026-03816,P3816,18-25,Male,23.247978,77.408146,16:03,Saturday,Clear,Area_H,11.9,38.48,Area_C,3.92,Area_H
MP-2026-03817,P3817,56+,Other,23.322429,77.32319,08:38,Wednesday,Rain,Area_A,5.12,24.98,Area_A,12.94,Area_A
MP-2026-03818,P3818,56+,Female,23.244885,77.483815,19:56,Tuesday,Cloudy,Area_C,15.02,43.15,Area_C,1.33,Area_F
MP-2026-03819,P3819,18-25,Male,23.238498,77.483048,15:42,Saturday,Clear,Area_F,14.79,16.15,Area_B,0.89,Area_E
MP-2026-03820,P3820,56+,Male,23.332513,77.48511,18:46,Saturday,Clear,Area_A,11.75,21.29,Area_E,9.8,Area_B
MP-2026-03821,P3821,56+,Male,23.255865,77.348684,07:36,Friday,Rain,Area_G,8.71,49.25,Area_A,9.42,Area_A
MP-2026-03822,P3822,46-55,Male,23.240047,77.342555,14:40,Monday,Clear,Area_B,4.35,2.18,Area_C,12.07,Area_E
MP-2026-03823,P3823,26-35,Male,23.314924,77.339955,10:22,Monday,Clear,Area_F,18.31,55.4,Area_E,2.21,Area_C
MP-2026-03824,P3824,46-55,Male,23.31811,77.408704,17:53,Sunday,Clear,Area_D,4.36,45.12,Area_G,7.56,Area_D
MP-2026-03825,P3825,36-45,Female,23.251062,77.477668,07:17,Tuesday,Clear,Area_B,7.43,19.86,Area_B,0.29,Area_I
MP-2026-03826,P3826,26-35,Male,23.182881,77.478625,08:21,Monday,Rain,Area_A,10.19,20.29,Area_H,3.67,Area_I
MP-2026-03827,P3827,36-45,Female,23.18092,77.485155,18:53,Saturday,Clear,Area_D,8.8,23.81,Area_B,2.52,Area_C
MP-2026-03828,P3828,36-45,Female,23.262298,77.339763,16:21,Sunday,Clear,Area_E,10.06,4.42,Area_F,5.91,Area_C
MP-2026-03829,P3829,26-35,Male,23.241714,77.408995,16:04,Sunday,Rain,Area_B,8.96,10.97,Area_E,11.26,Area_B
MP-2026-03830,P3830,18-25,Female,23.246717,77.333459,07:45,Wednesday,Rain,Area_B,9.85,3.3,Area_A,0.63,Area_B
MP-2026-03831,P3831,18-25,Female,23.258221,77.480677,13:56,Tuesday,Clear,Area_A,29.18,18.54,Area_E,3.16,Area_E
MP-2026-03832,P3832,26-35,Female,23.067171,77.605496,20:12,Wednesday,Clear,Area_F,7.97,7.51,Area_J,4.56,Area_J
MP-2026-03833,P3833,18-25,Female,23.258583,77.335884,08:28,Monday,Clear,Area_D,16.77,73.35,Area_F,0.86,Area_A
MP-2026-03834,P3834,36-45,Female,23.25329,77.485412,16:20,Thursday,Rain,Area_C,10.66,7.29,Area_F,0.1,Area_H
MP-2026-03835,P3835,56+,Male,23.247302,77.361824,12:52,Wednesday,Cloudy,Area_D,3.01,6.14,Area_G,0.33,Area_E
MP-2026-03836,P3836,56+,Male,23.187547,77.30934,09:53,Friday,Clear,Area_A,11.89,42.8,Area_F,1.38,Area_E
MP-2026-03837,P3837,26-35,Male,23.325886,77.335012,19:22,Friday,Clear,Area_D,6.18,57.36,Area_A,0.39,Area_B
MP-2026-03838,P3838,18-25,Male,23.257586,77.404737,12:10,Thursday,Cloudy,Area_B,11.82,10.47,Area_F,6.99,Area_B
MP-2026-03839,P3839,36-45,Male,23.172502,77.395349,09:28,Thursday,Clear,Area_B,12.04,9.73,Area_C,2.67,Area_E
MP-2026-03840,P3840,26-35,Male,23.243149,77.417106,15:47,Friday,Cloudy,Area_B,5.91,22.8,Area_D,1.56,Area_G
MP-2026-03841,P3841,26-35,Female,23.313654,77.343547,17:42,Sunday,Cloudy,Area_B,20.06,47.94,Area_C,1.27,Area_B
MP-2026-03842,P3842,36-45,Male,23.321065,77.364025,17:09,Saturday,Clear,Area_F,18.54,30.29,Area_D,1.08,Area_B
MP-2026-03843,P3843,36-45,Male,23.257774,77.497669,18:21,Thursday,Cloudy,Area_A,4.22,4.03,Area_B,1.53,Area_F
MP-2026-03844,P3844,26-35,Female,23.311504,77.468141,21:20,Monday,Clear,Area_B,8.34,19.65,Area_C,3.6,Area_B
MP-2026-03845,P3845,26-35,Male,23.329101,77.341468,14:14,Tuesday,Clear,Area_H,6.5,58.5,Area_B,3.25,Area_D
MP-2026-03846,P3846,18-25,Male,23.308282,77.347188,13:59,Wednesday,Clear,Area_E,10.38,22.29,Area_D,6.63,Area_E
MP-2026-03847,P3847,18-25,Male,23.262455,77.421734,13:48,Sunday,Clear,Area_J,18.51,50.99,Area_J,0.63,Area_E
MP-2026-03848,P3848,46-55,Male,23.322493,77.487444,15:22,Sunday,Fog,Area_B,5.99,20.63,Area_C,1.87,Area_B
MP-2026-03849,P3849,26-35,Female,23.184796,77.3412,11:33,Monday,Cloudy,Area_F,12.73,63.58,Area_H,4.92,Area_I
MP-2026-03850,P3850,26-35,Male,23.246297,77.397953,11:28,Thursday,Clear,Area_B,6.37,44.88,Area_C,0.71,Area_B
MP-2026-03851,P3851,18-25,Female,23.252534,77.337345,20:51,Saturday,Clear,Area_D,7.15,74.21,Area_E,10.17,Area_C
MP-2026-03852,P3852,56+,Male,23.181001,77.408469,14:29,Monday,Rain,Area_G,2.84,17.03,Area_D,9.36,Area_G
MP-2026-03853,P3853,18-25,Female,23.2469,77.41018,19:51,Saturday,Clear,Area_D,26.11,57.92,Area_D,1.83,Area_H
MP-2026-03854,P3854,56+,Female,23.327071,77.340186,10:30,Friday,Clear,Area_A,16.56,39.46,Area_G,16.58,Area_A
MP-2026-03855,P3855,36-45,Male,23.253794,77.409195,07:55,Thursday,Rain,Area_E,11.39,27.9,Area_B,3.04,Area_A
MP-2026-03856,P3856,56+,Male,23.275052,77.497278,18:28,Monday,Clear,Area_C,14.74,11.42,Area_E,14.89,Area_C
MP-2026-03857,P3857,46-55,Male,23.180276,77.340139,11:26,Tuesday,Cloudy,Area_H,11.22,62.36,Area_A,0.64,Area_D
MP-2026-03858,P3858,18-25,Female,23.301167,77.342379,14:40,Saturday,Clear,Area_A,30.0,22.5,Area_D,4.43,Area_H
MP-2026-03859,P3859,56+,Female,23.175338,77.41485,04:37,Friday,Clear,Area_H,2.29,56.8,Area_I,0.1,Area_F
MP-2026-03860,P3860,36-45,Female,23.182294,77.416613,17:06,Friday,Rain,Area_E,5.08,19.91,Area_I,10.56,Area_G
MP-2026-03861,P3861,56+,Female,23.321663,77.337662,16:59,Monday,Cloudy,Area_F,3.51,1.78,Area_H,1.78,Area_B
MP-2026-03862,P3862,56+,Male,23.328258,77.327369,15:25,Friday,Cloudy,Area_G,6.49,75.16,Area_H,5.18,Area_H
MP-2026-03863,P3863,26-35,Female,23.249643,77.415584,10:29,Friday,Clear,Area_D,7.63,19.85,Area_A,3.43,Area_D
MP-2026-03864,P3864,26-35,Female,23.181733,77.40771,19:40,Thursday,Cloudy,Area_F,6.55,37.97,Area_I,7.05,Area_H
MP-2026-03865,P3865,36-45,Female,23.181645,77.332288,20:24,Friday,Cloudy,Area_E,9.26,39.97,Area_H,1.17,Area_D
MP-2026-03866,P3866,26-35,Male,23.32355,77.422456,13:39,Sunday,Fog,Area_A,8.13,13.02,Area_A,9.59,Area_A
MP-2026-03867,P3867,56+,Female,23.24737,77.349716,19:26,Tuesday,Fog,Area_A,10.28,2.87,Area_A,14.42,Area_A
MP-2026-03868,P3868,26-35,Female,23.189005,77.475547,20:59,Wednesday,Cloudy,Area_C,11.97,21.92,Area_I,0.1,Area_H
MP-2026-03869,P3869,46-55,Female,23.18542,77.49309,08:42,Tuesday,Clear,Area_D,3.76,6.94,Area_F,0.66,Area_I
MP-2026-03870,P3870,36-45,Female,23.24713,77.355781,10:54,Wednesday,Clear,Area_G,9.69,1.25,Area_E,11.08,Area_A
MP-2026-03871,P3871,36-45,Male,23.181037,77.472132,20:42,Wednesday,Clear,Area_F,8.58,5.72,Area_F,5.05,Area_F
MP-2026-03872,P3872,56+,Female,23.323703,77.398512,11:27,Thursday,Clear,Area_A,10.01,70.41,Area_A,0.1,Area_A
MP-2026-03873,P3873,36-45,Male,23.322349,77.420388,10:12,Tuesday,Clear,Area_A,22.57,45.97,Area_D,0.42,Area_C
MP-2026-03874,P3874,56+,Male,23.256308,77.488907,19:48,Friday,Clear,Area_E,7.55,6.74,Area_F,7.56,Area_E
MP-2026-03875,P3875,46-55,Female,23.315808,77.416857,08:02,Thursday,Fog,Area_A,14.92,19.28,Area_A,1.67,Area_A
MP-2026-03876,P3876,26-35,Other,23.24444,77.41837,07:36,Tuesday,Clear,Area_F,5.33,17.89,Area_C,4.3,Area_A
MP-2026-03877,P3877,26-35,Female,23.321802,77.418715,06:26,Friday,Clear,Area_C,11.11,20.26,Area_F,7.9,Area_A
MP-2026-03878,P3878,26-35,Female,23.245908,77.405508,06:37,Tuesday,Rain,Area_H,3.58,12.09,Area_D,1.21,Area_H
MP-2026-03879,P3879,36-45,Female,23.244679,77.334054,07:54,Monday,Clear,Area_E,7.59,44.95,Area_C,1.65,Area_A
MP-2026-03880,P3880,36-45,Other,23.288956,77.408192,18:27,Thursday,Clear,Area_A,9.65,13.1,Area_A,2.18,Area_A
MP-2026-03881,P3881,26-35,Female,23.243795,77.473207,16:18,Monday,Clear,Area_B,12.3,11.76,Area_I,2.62,Area_B
MP-2026-03882,P3882,36-45,Male,23.269009,77.338606,04:16,Tuesday,Clear,Area_G,8.89,24.21,Area_G,3.69,Area_G
MP-2026-03883,P3883,36-45,Female,23.255481,77.480264,12:26,Saturday,Rain,Area_C,5.71,12.05,Area_G,4.36,Area_D
MP-2026-03884,P3884,26-35,Male,23.252256,77.47438,14:51,Sunday,Clear,Area_E,14.25,12.81,Area_G,2.86,Area_E
MP-2026-03885,P3885,26-35,Other,23.183971,77.478706,16:56,Thursday,Cloudy,Area_E,11.15,20.71,Area_F,1.11,Area_H
MP-2026-03886,P3886,36-45,Female,23.304994,77.47158,09:42,Thursday,Cloudy,Area_A,10.37,55.03,Area_D,1.11,Area_A
MP-2026-03887,P3887,26-35,Female,23.321399,77.419143,08:40,Wednesday,Cloudy,Area_C,7.75,54.69,Area_D,0.66,Area_E
MP-2026-03888,P3888,26-35,Male,23.325724,77.416034,12:13,Saturday,Clear,Area_D,12.78,55.1,Area_G,1.01,Area_C
MP-2026-03889,P3889,18-25,Male,23.06081,77.613235,13:22,Thursday,Fog,Area_J,8.78,79.69,Area_J,0.29,Area_J
MP-2026-03890,P3890,26-35,Male,23.246227,77.477647,21:47,Saturday,Clear,Area_D,11.68,68.06,Area_E,6.43,Area_B
MP-2026-03891,P3891,56+,Male,23.166642,77.423194,19:23,Wednesday,Clear,Area_A,13.43,52.39,Area_B,0.39,Area_D
MP-2026-03892,P3892,36-45,Male,23.187603,77.333791,21:51,Saturday,Cloudy,Area_H,10.43,1.68,Area_G,5.41,Area_H
MP-2026-03893,P3893,18-25,Female,23.177417,77.481555,10:14,Sunday,Rain,Area_B,22.65,28.43,Area_H,3.29,Area_F
MP-2026-03894,P3894,18-25,Male,23.193802,77.342759,19:02,Tuesday,Cloudy,Area_A,21.53,37.95,Area_I,2.44,Area_H
MP-2026-03895,P3895,26-35,Female,23.239862,77.41641,19:34,Monday,Cloudy,Area_B,5.36,57.54,Area_B,0.79,Area_B
MP-2026-03896,P3896,26-35,Male,23.182864,77.403618,09:18,Sunday,Fog,Area_H,6.94,16.84,Area_I,8.98,Area_I
MP-2026-03897,P3897,36-45,Female,23.247386,77.344445,19:26,Tuesday,Cloudy,Area_D,3.35,14.16,Area_A,8.42,Area_B
MP-2026-03898,P3898,26-35,Male,23.250302,77.414968,21:14,Saturday,Rain,Area_D,13.22,47.8,Area_D,0.68,Area_B
MP-2026-03899,P3899,18-25,Female,23.3301,77.411519,17:00,Wednesday,Fog,Area_F,9.08,58.62,Area_A,5.82,Area_A
MP-2026-03900,P3900,18-25,Male,23.189692,77.397768,17:47,Thursday,Clear,Area_F,4.79,14.44,Area_D,4.69,Area_F
MP-2026-03901,P3901,36-45,Female,23.254635,77.405652,11:07,Saturday,Clear,Area_A,14.69,54.8,Area_G,23.18,Area_E
MP-2026-03902,P3902,56+,Female,23.31108,77.407375,19:33,Tuesday,Clear,Area_F,5.34,23.8,Area_B,0.37,Area_F
MP-2026-03903,P3903,18-25,Female,23.193533,77.338069,13:03,Thursday,Rain,Area_I,7.33,24.81,Area_C,2.19,Area_D
MP-2026-03904,P3904,46-55,Female,23.246127,77.344111,09:58,Monday,Cloudy,Area_H,9.9,21.07,Area_F,0.99,Area_E
MP-2026-03905,P3905,26-35,Female,23.178352,77.402989,11:30,Tuesday,Clear,Area_D,7.18,30.21,Area_G,6.14,Area_D
MP-2026-03906,P3906,36-45,Other,23.169286,77.492449,19:41,Wednesday,Cloudy,Area_D,6.04,12.91,Area_G,1.73,Area_F
MP-2026-03907,P3907,26-35,Female,23.293254,77.346872,18:32,Friday,Clear,Area_B,7.69,11.73,Area_E,12.86,Area_B
MP-2026-03908,P3908,26-35,Male,23.263114,77.404995,20:10,Sunday,Rain,Area_C,19.04,59.68,Area_B,2.09,Area_C
MP-2026-03909,P3909,26-35,Other,23.315731,77.403637,21:05,Saturday,Clear,Area_A,5.58,42.24,Area_A,0.85,Area_A
MP-2026-03910,P3910,56+,Female,23.24178,77.334504,08:59,Monday,Clear,Area_G,8.82,24.96,Area_D,1.47,Area_D
MP-2026-03911,P3911,56+,Male,23.16546,77.394244,19:09,Friday,Clear,Area_A,13.07,24.94,Area_D,2.37,Area_F
MP-2026-03912,P3912,26-35,Female,23.177111,77.408197,21:42,Saturday,Clear,Area_A,12.39,75.79,Area_D,4.14,Area_D
MP-2026-03913,P3913,18-25,Female,23.310233,77.419363,14:15,Tuesday,Clear,Area_C,11.06,4.69,Area_C,1.71,Area_C
MP-2026-03914,P3914,26-35,Other,23.179545,77.338304,08:23,Monday,Clear,Area_F,3.43,13.38,Area_I,2.93,Area_D
MP-2026-03915,P3915,26-35,Female,23.184067,77.418821,14:49,Sunday,Rain,Area_G,13.71,44.87,Area_I,2.01,Area_G
MP-2026-03916,P3916,26-35,Female,23.187293,77.413968,10:28,Sunday,Clear,Area_E,12.54,49.18,Area_G,0.25,Area_E
MP-2026-03917,P3917,18-25,Male,23.327489,77.326115,09:50,Sunday,Clear,Area_E,5.16,4.28,Area_G,2.98,Area_E
MP-2026-03918,P3918,26-35,Male,23.31607,77.34533,08:59,Wednesday,Rain,Area_F,27.33,16.52,Area_C,0.9,Area_C
MP-2026-03919,P3919,18-25,Female,23.238661,77.406521,08:31,Wednesday,Cloudy,Area_B,12.77,55.3,Area_C,0.15,Area_F
MP-2026-03920,P3920,26-35,Other,23.261903,77.343245,08:13,Saturday,Cloudy,Area_B,10.33,3.64,Area_D,1.3,Area_A
MP-2026-03921,P3921,26-35,Male,23.246687,77.344572,10:43,Sunday,Clear,Area_B,7.25,6.35,Area_C,15.47,Area_E
MP-2026-03922,P3922,46-55,Male,23.184531,77.351666,17:34,Wednesday,Clear,Area_E,5.18,19.11,Area_D,2.0,Area_E
MP-2026-03923,P3923,26-35,Female,23.184073,77.345305,17:53,Wednesday,Cloudy,Area_E,10.51,45.94,Area_I,0.54,Area_H
MP-2026-03924,P3924,26-35,Female,23.25052,77.503696,17:41,Monday,Rain,Area_A,6.4,3.53,Area_D,1.49,Area_D
MP-2026-03925,P3925,36-45,Female,23.179579,77.323445,16:25,Saturday,Clear,Area_E,15.24,43.65,Area_F,15.51,Area_H
MP-2026-03926,P3926,36-45,Male,23.315816,77.411684,15:08,Monday,Clear,Area_A,15.02,23.26,Area_B,7.06,Area_A
MP-2026-03927,P3927,18-25,Male,23.323233,77.476072,07:04,Thursday,Fog,Area_E,8.84,67.59,Area_F,2.59,Area_C
MP-2026-03928,P3928,56+,Male,23.188088,77.347707,18:26,Thursday,Clear,Area_E,21.2,37.54,Area_E,0.1,Area_G
MP-2026-03929,P3929,18-25,Male,23.317706,77.329212,18:50,Monday,Clear,Area_C,20.47,43.08,Area_B,0.1,Area_F
MP-2026-03930,P3930,26-35,Male,23.163651,77.338824,15:35,Saturday,Cloudy,Area_D,16.4,62.16,Area_H,2.07,Area_D
MP-2026-03931,P3931,26-35,Male,23.313399,77.407208,02:17,Monday,Cloudy,Area_E,5.81,18.91,Area_B,0.55,Area_C
MP-2026-03932,P3932,46-55,Male,23.324039,77.395263,18:02,Thursday,Clear,Area_C,18.08,22.05,Area_C,11.86,Area_C
MP-2026-03933,P3933,18-25,Female,23.256752,77.400177,13:09,Saturday,Clear,Area_F,8.22,23.04,Area_I,2.81,Area_D
MP-2026-03934,P3934,18-25,Male,23.249745,77.427788,10:10,Saturday,Clear,Area_C,21.01,59.11,Area_B,1.45,Area_D
MP-2026-03935,P3935,56+,Female,23.243346,77.402289,18:24,Friday,Clear,Area_E,9.63,24.69,Area_F,3.69,Area_F
MP-2026-03936,P3936,26-35,Female,23.232053,77.480988,07:03,Saturday,Clear,Area_E,12.59,15.93,Area_E,2.89,Area_H
MP-2026-03937,P3937,26-35,Female,23.2576,77.452975,17:58,Monday,Clear,Area_C,3.83,15.79,Area_A,3.06,Area_C
MP-2026-03938,P3938,26-35,Male,23.325059,77.485815,17:08,Tuesday,Clear,Area_C,4.07,61.24,Area_C,5.53,Area_C
MP-2026-03939,P3939,56+,Male,23.241675,77.487614,10:21,Saturday,Clear,Area_B,8.92,17.46,Area_C,3.07,Area_C
MP-2026-03940,P3940,56+,Male,23.187874,77.48149,01:11,Sunday,Cloudy,Area_A,7.17,17.31,Area_F,4.5,Area_I
MP-2026-03941,P3941,18-25,Female,23.247896,77.365424,18:28,Monday,Cloudy,Area_H,5.48,56.95,Area_I,4.78,Area_H
MP-2026-03942,P3942,18-25,Female,23.306336,77.411704,15:30,Friday,Rain,Area_F,9.69,8.32,Area_C,1.74,Area_E
MP-2026-03943,P3943,46-55,Male,23.244943,77.483205,05:45,Tuesday,Cloudy,Area_I,7.82,16.45,Area_C,0.73,Area_A
MP-2026-03944,P3944,36-45,Male,23.250713,77.333446,20:23,Monday,Fog,Area_F,12.54,20.5,Area_H,7.68,Area_F
MP-2026-03945,P3945,18-25,Female,23.183483,77.479668,05:33,Wednesday,Clear,Area_B,6.99,6.73,Area_I,1.02,Area_B
MP-2026-03946,P3946,18-25,Female,23.240332,77.427675,14:12,Monday,Cloudy,Area_D,8.0,34.16,Area_D,3.59,Area_D
MP-2026-03947,P3947,46-55,Female,23.313513,77.405942,06:16,Tuesday,Cloudy,Area_C,3.5,4.34,Area_B,4.15,Area_C
MP-2026-03948,P3948,46-55,Male,23.065335,77.610552,12:37,Wednesday,Clear,Area_J,9.42,67.53,Area_J,1.26,Area_J
MP-2026-03949,P3949,26-35,Female,23.315861,77.429544,14:46,Thursday,Clear,Area_B,10.31,36.98,Area_G,1.49,Area_F
MP-2026-03950,P3950,18-25,Female,23.174133,77.407224,16:00,Wednesday,Clear,Area_A,10.74,25.21,Area_D,21.08,Area_E
MP-2026-03951,P3951,36-45,Female,23.202613,77.488373,13:39,Saturday,Rain,Area_C,3.58,2.57,Area_I,15.99,Area_G
MP-2026-03952,P3952,36-45,Female,23.250133,77.410832,10:13,Friday,Clear,Area_E,6.29,20.12,Area_B,0.1,Area_E
MP-2026-03953,P3953,18-25,Female,23.247235,77.482405,08:02,Tuesday,Cloudy,Area_G,19.15,51.58,Area_B,6.8,Area_A
MP-2026-03954,P3954,18-25,Male,23.181008,77.423397,10:54,Wednesday,Cloudy,Area_E,6.38,14.85,Area_E,1.82,Area_E
MP-2026-03955,P3955,46-55,Female,23.330254,77.401816,19:41,Tuesday,Clear,Area_A,5.2,16.67,Area_H,4.15,Area_B
MP-2026-03956,P3956,46-55,Male,23.242512,77.405225,08:17,Monday,Cloudy,Area_F,6.96,69.7,Area_C,3.47,Area_F
MP-2026-03957,P3957,46-55,Female,23.325783,77.478315,15:41,Thursday,Clear,Area_H,6.68,68.89,Area_C,4.37,Area_B
MP-2026-03958,P3958,18-25,Male,23.310303,77.336645,19:57,Saturday,Clear,Area_A,8.25,76.86,Area_B,1.71,Area_A
MP-2026-03959,P3959,46-55,Female,23.186126,77.353926,06:31,Monday,Rain,Area_C,4.99,6.88,Area_H,3.25,Area_H
MP-2026-03960,P3960,26-35,Male,23.177388,77.424105,21:08,Sunday,Clear,Area_E,9.35,22.24,Area_A,1.35,Area_D
MP-2026-03961,P3961,26-35,Male,23.319905,77.413081,18:26,Saturday,Rain,Area_J,19.6,54.45,Area_F,3.37,Area_D
MP-2026-03962,P3962,18-25,Other,23.177575,77.47513,20:01,Thursday,Cloudy,Area_E,7.75,1.84,Area_D,1.51,Area_H
MP-2026-03963,P3963,46-55,Female,23.248398,77.334697,14:02,Tuesday,Clear,Area_A,8.65,8.96,Area_B,16.35,Area_A
MP-2026-03964,P3964,36-45,Male,23.251852,77.421142,20:29,Saturday,Clear,Area_G,6.25,49.81,Area_E,7.32,Area_D
MP-2026-03965,P3965,56+,Female,23.249966,77.333195,06:57,Friday,Cloudy,Area_E,3.78,69.98,Area_F,9.81,Area_E
MP-2026-03966,P3966,26-35,Female,23.25209,77.396994,06:25,Friday,Rain,Area_F,4.93,19.97,Area_G,2.79,Area_F
MP-2026-03967,P3967,26-35,Female,23.186471,77.488656,14:13,Monday,Clear,Area_H,15.47,30.69,Area_C,1.25,Area_H
MP-2026-03968,P3968,26-35,Male,23.316486,77.346213,09:15,Friday,Cloudy,Area_J,22.18,62.91,Area_I,5.36,Area_D
MP-2026-03969,P3969,26-35,Male,23.251242,77.491487,12:36,Tuesday,Cloudy,Area_C,6.77,4.44,Area_C,1.56,Area_C
MP-2026-03970,P3970,18-25,Male,23.178181,77.345221,12:59,Tuesday,Rain,Area_A,4.49,4.89,Area_H,0.39,Area_D
MP-2026-03971,P3971,26-35,Other,23.325211,77.333019,11:41,Friday,Cloudy,Area_B,13.13,67.28,Area_A,0.67,Area_B
MP-2026-03972,P3972,46-55,Male,23.242395,77.412957,20:40,Thursday,Rain,Area_A,12.61,69.18,Area_A,2.13,Area_B
MP-2026-03973,P3973,46-55,Female,23.327038,77.421481,18:26,Saturday,Clear,Area_A,4.73,70.77,Area_C,1.03,Area_E
MP-2026-03974,P3974,26-35,Male,23.170077,77.487412,08:32,Monday,Clear,Area_B,15.65,55.19,Area_E,0.31,Area_I
MP-2026-03975,P3975,18-25,Female,23.25134,77.417887,11:23,Wednesday,Clear,Area_F,17.11,17.83,Area_B,4.85,Area_E
MP-2026-03976,P3976,18-25,Female,23.162515,77.478027,11:10,Saturday,Fog,Area_D,8.49,70.4,Area_A,0.7,Area_D
MP-2026-03977,P3977,36-45,Male,23.25149,77.478577,08:06,Saturday,Clear,Area_B,13.06,31.71,Area_F,1.9,Area_B
MP-2026-03978,P3978,26-35,Female,23.249801,77.407077,07:39,Friday,Cloudy,Area_H,9.83,72.71,Area_H,4.46,Area_C
MP-2026-03979,P3979,26-35,Male,23.345013,77.479512,16:32,Friday,Clear,Area_G,18.45,22.3,Area_E,3.31,Area_H
MP-2026-03980,P3980,26-35,Female,23.317076,77.400379,07:10,Thursday,Clear,Area_C,21.4,4.56,Area_B,5.01,Area_C
MP-2026-03981,P3981,26-35,Male,23.19031,77.359454,22:26,Friday,Clear,Area_D,5.71,26.69,Area_F,4.81,Area_H
MP-2026-03982,P3982,18-25,Male,23.312392,77.326593,15:50,Monday,Rain,Area_D,21.75,37.16,Area_D,6.46,Area_D
MP-2026-03983,P3983,18-25,Female,23.05703,77.626053,10:32,Wednesday,Clear,Area_C,11.21,4.76,Area_J,0.62,Area_I
MP-2026-03984,P3984,36-45,Male,23.180671,77.413788,18:00,Tuesday,Cloudy,Area_B,13.27,5.93,Area_E,5.07,Area_B
MP-2026-03985,P3985,18-25,Male,23.324349,77.493089,07:02,Wednesday,Clear,Area_A,7.6,78.95,Area_F,0.69,Area_F
MP-2026-03986,P3986,26-35,Female,23.182189,77.338074,20:51,Thursday,Cloudy,Area_B,9.24,4.24,Area_A,5.82,Area_B
MP-2026-03987,P3987,26-35,Male,23.177641,77.481234,19:47,Sunday,Clear,Area_F,8.7,11.59,Area_F,0.26,Area_F
MP-2026-03988,P3988,26-35,Male,23.241092,77.411239,15:05,Friday,Rain,Area_E,11.82,28.61,Area_D,3.38,Area_H
MP-2026-03989,P3989,36-45,Female,23.177812,77.483077,16:16,Wednesday,Cloudy,Area_E,6.93,6.98,Area_J,1.94,Area_I
MP-2026-03990,P3990,26-35,Female,23.177856,77.478957,07:36,Sunday,Clear,Area_B,9.01,14.33,Area_D,2.1,Area_H
MP-2026-03991,P3991,56+,Female,23.184381,77.417133,10:38,Monday,Clear,Area_A,5.34,3.49,Area_B,0.96,Area_A
MP-2026-03992,P3992,56+,Female,23.330595,77.356645,13:22,Friday,Clear,Area_H,8.16,27.28,Area_G,3.55,Area_A
MP-2026-03993,P3993,36-45,Male,23.319954,77.475258,15:32,Tuesday,Clear,Area_E,8.31,73.88,Area_B,1.81,Area_C
MP-2026-03994,P3994,26-35,Male,23.260588,77.419389,07:31,Thursday,Rain,Area_B,19.65,20.49,Area_F,4.46,Area_D
MP-2026-03995,P3995,26-35,Male,23.249883,77.405886,21:14,Monday,Clear,Area_A,11.19,48.81,Area_D,3.5,Area_G
MP-2026-03996,P3996,26-35,Female,23.316525,77.406986,09:39,Monday,Cloudy,Area_F,9.98,3.34,Area_C,0.37,Area_C
MP-2026-03997,P3997,36-45,Other,23.256183,77.475663,14:34,Monday,Cloudy,Area_H,6.27,13.02,Area_I,1.62,Area_F
MP-2026-03998,P3998,26-35,Male,23.328219,77.47505,12:25,Monday,Clear,Area_J,11.94,9.36,Area_D,2.27,Area_E
MP-2026-03999,P3999,46-55,Male,23.164897,77.428767,09:14,Wednesday,Cloudy,Area_B,15.35,14.56,Area_D,1.03,Area_G
MP-2026-04000,P4000,26-35,Female,23.171162,77.408385,14:11,Friday,Rain,Area_B,15.64,55.15,Area_F,9.14,Area_H
MP-2026-04001,P4001,18-25,Female,23.326106,77.403141,18:54,Wednesday,Clear,Area_A,3.83,2.36,Area_C,3.06,Area_C
MP-2026-04002,P4002,26-35,Male,23.248526,77.50255,18:41,Saturday,Fog,Area_B,6.67,41.62,Area_C,1.36,Area_E
MP-2026-04003,P4003,36-45,Male,23.25205,77.405419,18:20,Thursday,Clear,Area_D,4.33,23.97,Area_E,2.74,Area_F
MP-2026-04004,P4004,26-35,Female,23.241007,77.468191,08:07,Monday,Clear,Area_C,15.47,77.23,Area_B,0.63,Area_C
MP-2026-04005,P4005,46-55,Female,23.178248,77.344098,04:00,Thursday,Cloudy,Area_B,10.07,51.92,Area_F,1.77,Area_H
MP-2026-04006,P4006,36-45,Female,23.244412,77.332442,15:30,Saturday,Clear,Area_B,19.4,68.5,Area_B,2.48,Area_E
MP-2026-04007,P4007,36-45,Male,23.2634,77.408963,09:13,Sunday,Cloudy,Area_F,4.99,5.37,Area_D,1.5,Area_H
MP-2026-04008,P4008,46-55,Male,23.191667,77.474738,09:48,Friday,Rain,Area_F,12.7,21.64,Area_H,5.19,Area_I
MP-2026-04009,P4009,18-25,Female,23.315246,77.471332,11:21,Thursday,Clear,Area_F,18.21,51.24,Area_G,1.19,Area_I
MP-2026-04010,P4010,18-25,Female,23.181582,77.411163,08:03,Friday,Clear,Area_I,30.0,51.58,Area_H,1.41,Area_G
MP-2026-04011,P4011,18-25,Male,23.322835,77.338995,14:27,Thursday,Clear,Area_H,9.54,21.1,Area_B,2.03,Area_E
MP-2026-04012,P4012,26-35,Male,23.242421,77.472903,08:37,Friday,Clear,Area_E,5.7,13.57,Area_C,0.45,Area_F
MP-2026-04013,P4013,36-45,Male,23.253053,77.408668,10:54,Monday,Cloudy,Area_B,6.73,59.01,Area_B,9.62,Area_B
MP-2026-04014,P4014,26-35,Female,23.321659,77.394032,05:00,Wednesday,Clear,Area_C,7.73,16.36,Area_B,0.88,Area_C
MP-2026-04015,P4015,56+,Female,23.256641,77.410366,13:02,Wednesday,Clear,Area_F,5.56,70.64,Area_C,12.0,Area_F
MP-2026-04016,P4016,26-35,Female,23.246905,77.328741,07:57,Thursday,Clear,Area_F,10.17,31.96,Area_I,1.3,Area_E
MP-2026-04017,P4017,18-25,Female,23.241492,77.328875,18:09,Tuesday,Clear,Area_A,28.79,57.14,Area_B,12.86,Area_A
MP-2026-04018,P4018,18-25,Female,23.179533,77.337057,10:21,Tuesday,Cloudy,Area_B,10.61,34.47,Area_E,20.51,Area_H
MP-2026-04019,P4019,36-45,Male,23.253317,77.413811,09:43,Saturday,Cloudy,Area_C,4.01,12.19,Area_B,0.25,Area_D
MP-2026-04020,P4020,26-35,Female,23.172055,77.472282,18:18,Tuesday,Clear,Area_E,7.98,24.2,Area_C,7.41,Area_F
MP-2026-04021,P4021,36-45,Female,23.24036,77.474474,07:30,Saturday,Cloudy,Area_B,3.93,7.11,Area_A,2.21,Area_E
MP-2026-04022,P4022,36-45,Male,23.248108,77.413403,21:29,Monday,Cloudy,Area_B,10.44,23.82,Area_E,2.64,Area_F
MP-2026-04023,P4023,36-45,Female,23.1772,77.41234,18:59,Saturday,Cloudy,Area_H,8.88,23.04,Area_E,2.68,Area_H
MP-2026-04024,P4024,36-45,Other,23.256707,77.4047,16:48,Tuesday,Cloudy,Area_C,5.39,70.42,Area_F,1.67,Area_C
MP-2026-04025,P4025,36-45,Female,23.258986,77.339726,10:24,Thursday,Clear,Area_A,12.49,23.7,Area_F,8.87,Area_E
MP-2026-04026,P4026,26-35,Male,23.262164,77.347828,17:05,Saturday,Rain,Area_A,13.25,28.13,Area_C,0.1,Area_A
MP-2026-04027,P4027,18-25,Male,23.257279,77.481405,10:42,Friday,Rain,Area_C,25.07,75.73,Area_B,2.57,Area_C
MP-2026-04028,P4028,36-45,Male,23.24681,77.427658,14:13,Friday,Cloudy,Area_C,13.07,10.69,Area_B,6.14,Area_C
MP-2026-04029,P4029,46-55,Male,23.243694,77.47489,14:35,Thursday,Clear,Area_C,7.91,31.73,Area_F,2.49,Area_F
MP-2026-04030,P4030,26-35,Female,23.183065,77.333864,20:38,Sunday,Clear,Area_A,15.07,61.99,Area_C,1.39,Area_C
MP-2026-04031,P4031,18-25,Female,23.260047,77.396543,07:19,Saturday,Cloudy,Area_A,11.93,22.27,Area_A,4.9,Area_D
MP-2026-04032,P4032,26-35,Male,23.314353,77.321136,18:37,Monday,Clear,Area_D,4.36,15.11,Area_D,0.62,Area_B
MP-2026-04033,P4033,36-45,Male,23.080888,77.6081,18:28,Sunday,Clear,Area_J,15.76,5.59,Area_J,0.64,Area_J
MP-2026-04034,P4034,26-35,Other,23.07844,77.603858,17:11,Monday,Clear,Area_F,6.96,35.62,Area_J,5.19,Area_J
MP-2026-04035,P4035,18-25,Male,23.230045,77.480258,21:05,Thursday,Clear,Area_A,18.66,27.64,Area_F,3.59,Area_G
MP-2026-04036,P4036,26-35,Male,23.258814,77.400772,11:42,Wednesday,Rain,Area_I,9.87,44.1,Area_I,0.32,Area_H
MP-2026-04037,P4037,56+,Female,23.321229,77.407756,18:59,Friday,Clear,Area_A,14.91,9.46,Area_B,3.18,Area_B
MP-2026-04038,P4038,36-45,Other,23.176002,77.399723,07:13,Thursday,Clear,Area_E,14.13,24.27,Area_G,4.41,Area_H
MP-2026-04039,P4039,18-25,Male,23.177247,77.398234,18:40,Sunday,Clear,Area_D,12.94,2.96,Area_G,0.49,Area_D
MP-2026-04040,P4040,36-45,Male,23.26561,77.34401,19:21,Saturday,Cloudy,Area_C,10.09,69.71,Area_F,12.89,Area_I
MP-2026-04041,P4041,18-25,Female,23.314923,77.470003,19:34,Monday,Rain,Area_B,17.11,17.82,Area_B,1.11,Area_C
MP-2026-04042,P4042,56+,Female,23.05457,77.619053,17:00,Monday,Clear,Area_I,5.38,6.58,Area_J,0.55,Area_J
MP-2026-04043,P4043,18-25,Female,23.167993,77.414552,14:54,Thursday,Rain,Area_H,6.7,65.87,Area_C,5.56,Area_D
MP-2026-04044,P4044,26-35,Female,23.320942,77.338908,16:47,Wednesday,Clear,Area_H,9.32,45.14,Area_F,0.83,Area_D
MP-2026-04045,P4045,36-45,Female,23.249122,77.475912,18:11,Wednesday,Cloudy,Area_C,9.95,3.32,Area_B,0.43,Area_C
MP-2026-04046,P4046,36-45,Female,23.174511,77.41262,10:54,Wednesday,Cloudy,Area_C,5.63,21.04,Area_I,7.5,Area_E
MP-2026-04047,P4047,18-25,Male,23.184249,77.35144,12:47,Wednesday,Clear,Area_C,15.3,45.42,Area_A,2.43,Area_G
MP-2026-04048,P4048,36-45,Male,23.314324,77.419223,09:39,Wednesday,Clear,Area_H,2.41,5.4,Area_B,4.26,Area_E
MP-2026-04049,P4049,26-35,Female,23.071995,77.601953,14:22,Thursday,Cloudy,Area_E,15.88,25.92,Area_C,2.96,Area_D
MP-2026-04050,P4050,26-35,Male,23.233497,77.410272,06:28,Sunday,Clear,Area_I,20.65,16.38,Area_H,5.13,Area_I
MP-2026-04051,P4051,56+,Female,23.236286,77.482542,19:52,Tuesday,Rain,Area_C,3.17,61.23,Area_E,1.44,Area_E
MP-2026-04052,P4052,56+,Female,23.2504,77.41799,17:06,Saturday,Clear,Area_D,14.81,27.74,Area_G,15.24,Area_G
MP-2026-04053,P4053,36-45,Female,23.332822,77.47255,01:52,Thursday,Cloudy,Area_I,7.78,26.88,Area_G,8.27,Area_B
MP-2026-04054,P4054,18-25,Male,23.187735,77.362794,18:08,Wednesday,Cloudy,Area_C,15.94,73.14,Area_D,2.24,Area_D
MP-2026-04055,P4055,36-45,Female,23.244493,77.399753,17:45,Tuesday,Cloudy,Area_B,7.55,21.56,Area_H,0.1,Area_B
MP-2026-04056,P4056,26-35,Female,23.17141,77.465847,13:08,Saturday,Clear,Area_D,15.39,36.36,Area_A,2.4,Area_D
MP-2026-04057,P4057,36-45,Female,23.182962,77.473211,02:48,Sunday,Clear,Area_E,14.47,71.51,Area_I,1.88,Area_I
MP-2026-04058,P4058,26-35,Male,23.319268,77.401313,06:36,Friday,Clear,Area_E,6.51,43.23,Area_E,0.51,Area_E
MP-2026-04059,P4059,46-55,Male,23.265243,77.33065,01:42,Sunday,Clear,Area_G,12.55,62.69,Area_D,5.55,Area_A
MP-2026-04060,P4060,56+,Male,23.179248,77.417102,02:46,Saturday,Cloudy,Area_G,10.33,63.05,Area_G,7.27,Area_G
MP-2026-04061,P4061,26-35,Female,23.171578,77.334893,20:00,Monday,Cloudy,Area_C,5.61,23.26,Area_H,1.58,Area_G
MP-2026-04062,P4062,36-45,Male,23.308661,77.410827,11:25,Tuesday,Cloudy,Area_D,4.98,1.2,Area_B,0.84,Area_D
MP-2026-04063,P4063,36-45,Female,23.180319,77.423786,11:26,Wednesday,Clear,Area_B,12.49,29.61,Area_E,1.04,Area_H
MP-2026-04064,P4064,36-45,Male,23.304264,77.326342,10:29,Saturday,Clear,Area_D,12.03,31.01,Area_G,4.08,Area_D
MP-2026-04065,P4065,36-45,Male,23.31356,77.471261,19:11,Sunday,Cloudy,Area_A,6.06,24.67,Area_B,0.73,Area_C
MP-2026-04066,P4066,46-55,Male,23.178732,77.335929,16:56,Friday,Rain,Area_E,2.84,49.21,Area_J,6.75,Area_H
MP-2026-04067,P4067,56+,Female,23.063937,77.604724,19:46,Wednesday,Cloudy,Area_H,8.13,23.44,Area_J,1.55,Area_J
MP-2026-04068,P4068,36-45,Male,23.312375,77.450118,11:27,Monday,Clear,Area_D,6.51,23.44,Area_A,0.69,Area_D
MP-2026-04069,P4069,36-45,Male,23.31822,77.336237,17:20,Saturday,Clear,Area_B,15.92,21.28,Area_C,1.67,Area_C
MP-2026-04070,P4070,46-55,Female,23.319435,77.406287,12:49,Tuesday,Clear,Area_A,5.67,13.51,Area_H,5.15,Area_E
MP-2026-04071,P4071,36-45,Male,23.172662,77.409358,18:28,Sunday,Clear,Area_E,4.97,39.12,Area_H,2.09,Area_B
MP-2026-04072,P4072,18-25,Female,23.323469,77.412458,16:08,Monday,Clear,Area_A,14.77,73.44,Area_A,0.75,Area_A
MP-2026-04073,P4073,36-45,Female,23.188545,77.345002,13:20,Saturday,Cloudy,Area_C,10.99,17.55,Area_H,0.34,Area_D
MP-2026-04074,P4074,46-55,Male,23.320249,77.398505,12:11,Tuesday,Fog,Area_D,8.2,19.99,Area_E,0.85,Area_B
MP-2026-04075,P4075,46-55,Male,23.166214,77.415546,08:27,Tuesday,Rain,Area_G,12.22,65.07,Area_H,3.55,Area_G
MP-2026-04076,P4076,36-45,Female,23.32633,77.342821,16:56,Monday,Clear,Area_H,6.75,35.64,Area_D,5.89,Area_C
MP-2026-04077,P4077,36-45,Male,23.253927,77.41716,09:30,Friday,Cloudy,Area_H,6.13,3.48,Area_A,0.4,Area_G
MP-2026-04078,P4078,18-25,Female,23.315548,77.412707,12:46,Monday,Cloudy,Area_C,9.24,61.61,Area_C,10.64,Area_C
MP-2026-04079,P4079,36-45,Female,23.25982,77.335395,14:44,Sunday,Rain,Area_B,8.28,59.27,Area_D,2.0,Area_A
MP-2026-04080,P4080,18-25,Male,23.334517,77.346954,19:44,Wednesday,Rain,Area_E,8.4,31.47,Area_H,1.82,Area_E
MP-2026-04081,P4081,36-45,Male,23.323676,77.344556,12:32,Sunday,Clear,Area_D,5.65,10.32,Area_H,1.4,Area_D
MP-2026-04082,P4082,56+,Male,23.173866,77.394496,19:56,Monday,Clear,Area_A,16.81,19.47,Area_E,4.01,Area_E
MP-2026-04083,P4083,18-25,Female,23.25797,77.343378,21:01,Saturday,Cloudy,Area_A,8.05,3.8,Area_E,9.04,Area_A
MP-2026-04084,P4084,26-35,Male,23.315999,77.404222,07:04,Thursday,Clear,Area_F,6.01,16.69,Area_C,1.57,Area_E
MP-2026-04085,P4085,26-35,Female,23.243971,77.487285,12:36,Wednesday,Clear,Area_F,5.54,14.26,Area_C,4.86,Area_F
MP-2026-04086,P4086,26-35,Female,23.183764,77.342841,12:10,Wednesday,Fog,Area_D,9.44,74.66,Area_C,4.03,Area_E
MP-2026-04087,P4087,26-35,Female,23.058224,77.599118,02:56,Thursday,Rain,Area_A,5.82,18.82,Area_E,5.81,Area_J
MP-2026-04088,P4088,26-35,Female,23.17482,77.349555,13:15,Wednesday,Clear,Area_H,7.58,11.1,Area_D,3.73,Area_G
MP-2026-04089,P4089,26-35,Male,23.238478,77.412492,14:02,Friday,Rain,Area_F,7.97,73.76,Area_F,7.27,Area_F
MP-2026-04090,P4090,56+,Male,23.328041,77.411661,19:03,Tuesday,Clear,Area_D,12.9,53.59,Area_F,5.36,Area_D
MP-2026-04091,P4091,18-25,Male,23.269603,77.478085,17:20,Tuesday,Cloudy,Area_B,11.29,22.71,Area_I,19.78,Area_B
MP-2026-04092,P4092,36-45,Female,23.320649,77.393146,19:05,Saturday,Cloudy,Area_G,5.48,57.12,Area_I,1.17,Area_B
MP-2026-04093,P4093,18-25,Male,23.243504,77.487683,19:24,Wednesday,Rain,Area_B,6.68,21.58,Area_A,4.85,Area_D
MP-2026-04094,P4094,56+,Male,23.186176,77.342893,15:48,Wednesday,Clear,Area_E,12.25,59.09,Area_G,0.53,Area_D
MP-2026-04095,P4095,18-25,Male,23.247353,77.343444,16:12,Thursday,Clear,Area_E,7.31,68.29,Area_A,0.67,Area_E
MP-2026-04096,P4096,46-55,Female,23.324625,77.463101,15:09,Friday,Clear,Area_B,9.88,59.56,Area_B,1.18,Area_B
MP-2026-04097,P4097,46-55,Female,23.078699,77.613615,12:49,Wednesday,Clear,Area_B,12.21,72.51,Area_C,0.21,Area_F
MP-2026-04098,P4098,46-55,Female,23.322105,77.330795,20:22,Wednesday,Clear,Area_F,7.45,9.72,Area_C,0.59,Area_F
MP-2026-04099,P4099,18-25,Male,23.05375,77.607472,17:39,Monday,Cloudy,Area_D,5.61,60.16,Area_G,1.16,Area_H
MP-2026-04100,P4100,36-45,Female,23.184537,77.331915,19:23,Thursday,Cloudy,Area_D,9.17,12.3,Area_I,7.08,Area_D
MP-2026-04101,P4101,18-25,Male,23.324635,77.344005,08:04,Sunday,Cloudy,Area_D,4.66,17.33,Area_D,0.18,Area_A
MP-2026-04102,P4102,18-25,Female,23.328413,77.409575,05:27,Wednesday,Cloudy,Area_G,12.09,72.99,Area_D,0.97,Area_E
MP-2026-04103,P4103,26-35,Male,23.258438,77.477794,08:15,Sunday,Clear,Area_B,15.7,7.79,Area_D,0.79,Area_G
MP-2026-04104,P4104,36-45,Female,23.179566,77.360924,22:59,Thursday,Clear,Area_D,2.92,22.35,Area_D,1.75,Area_G
MP-2026-04105,P4105,46-55,Female,23.320632,77.408605,13:48,Friday,Cloudy,Area_C,2.37,7.65,Area_F,11.92,Area_C
MP-2026-04106,P4106,36-45,Female,23.237966,77.488783,13:02,Tuesday,Cloudy,Area_C,6.3,18.98,Area_F,0.1,Area_I
MP-2026-04107,P4107,26-35,Male,23.23872,77.344254,07:29,Wednesday,Clear,Area_A,4.85,78.32,Area_G,2.77,Area_A
MP-2026-04108,P4108,18-25,Female,23.242883,77.476178,17:07,Wednesday,Clear,Area_C,9.41,3.04,Area_B,7.79,Area_C
MP-2026-04109,P4109,18-25,Male,23.242038,77.404943,08:58,Wednesday,Clear,Area_J,8.07,4.64,Area_J,0.26,Area_I
MP-2026-04110,P4110,26-35,Other,23.172572,77.390371,12:14,Friday,Clear,Area_H,7.55,27.3,Area_H,5.51,Area_E
MP-2026-04111,P4111,26-35,Female,23.332862,77.466592,12:24,Thursday,Cloudy,Area_B,12.14,66.65,Area_F,2.77,Area_C
MP-2026-04112,P4112,36-45,Female,23.183169,77.355398,22:38,Monday,Rain,Area_B,17.7,26.35,Area_E,1.68,Area_E
MP-2026-04113,P4113,26-35,Female,23.260634,77.466669,15:09,Sunday,Clear,Area_G,5.03,21.44,Area_F,0.52,Area_C
MP-2026-04114,P4114,46-55,Male,23.244061,77.413569,21:14,Monday,Cloudy,Area_B,12.07,16.15,Area_C,2.27,Area_B
MP-2026-04115,P4115,46-55,Female,23.326073,77.40406,15:48,Wednesday,Rain,Area_E,13.69,13.86,Area_E,4.04,Area_E
MP-2026-04116,P4116,18-25,Female,23.163283,77.345979,13:08,Monday,Clear,Area_G,10.61,4.53,Area_H,0.72,Area_G
MP-2026-04117,P4117,26-35,Female,23.319057,77.344611,07:00,Tuesday,Cloudy,Area_B,13.94,40.03,Area_C,9.9,Area_A
MP-2026-04118,P4118,26-35,Male,23.317164,77.405419,14:51,Wednesday,Rain,Area_B,6.63,54.47,Area_D,4.5,Area_E
MP-2026-04119,P4119,26-35,Female,23.314913,77.345491,13:25,Friday,Cloudy,Area_B,6.89,47.35,Area_A,0.24,Area_E
MP-2026-04120,P4120,46-55,Female,23.322303,77.473576,17:42,Tuesday,Clear,Area_A,5.68,7.0,Area_A,4.85,Area_A
MP-2026-04121,P4121,56+,Female,23.166506,77.411545,10:09,Tuesday,Clear,Area_B,7.92,36.44,Area_F,1.89,Area_B
MP-2026-04122,P4122,36-45,Male,23.25577,77.404999,06:04,Sunday,Rain,Area_E,7.62,11.52,Area_H,1.09,Area_G
MP-2026-04123,P4123,26-35,Female,23.245556,77.487148,18:23,Sunday,Clear,Area_E,6.63,62.3,Area_E,7.42,Area_E
MP-2026-04124,P4124,26-35,Male,23.170818,77.390104,16:01,Sunday,Cloudy,Area_C,12.18,67.77,Area_C,4.0,Area_E
MP-2026-04125,P4125,26-35,Female,23.175404,77.466529,06:36,Monday,Clear,Area_A,6.65,69.77,Area_F,4.57,Area_E
MP-2026-04126,P4126,26-35,Female,23.259032,77.410939,13:31,Friday,Fog,Area_F,16.01,10.83,Area_F,2.51,Area_D
MP-2026-04127,P4127,26-35,Female,23.190914,77.412507,16:32,Thursday,Cloudy,Area_E,12.19,62.79,Area_G,5.05,Area_H
MP-2026-04128,P4128,36-45,Male,23.316049,77.417776,17:06,Tuesday,Cloudy,Area_A,24.66,53.22,Area_A,2.37,Area_B
MP-2026-04129,P4129,26-35,Male,23.238215,77.480241,05:53,Thursday,Clear,Area_C,4.44,6.72,Area_E,1.49,Area_C
MP-2026-04130,P4130,46-55,Male,23.197583,77.398944,00:54,Friday,Cloudy,Area_C,20.81,29.52,Area_F,14.71,Area_H
MP-2026-04131,P4131,26-35,Female,23.251899,77.487199,14:26,Sunday,Clear,Area_A,7.6,2.84,Area_C,1.6,Area_F
MP-2026-04132,P4132,18-25,Female,23.253109,77.425204,18:41,Saturday,Cloudy,Area_D,6.64,22.92,Area_E,3.03,Area_E
MP-2026-04133,P4133,36-45,Male,23.243964,77.415072,23:45,Wednesday,Clear,Area_A,7.73,30.92,Area_A,2.04,Area_B
MP-2026-04134,P4134,26-35,Female,23.165436,77.43641,16:53,Tuesday,Cloudy,Area_B,14.77,27.67,Area_F,2.99,Area_B
MP-2026-04135,P4135,56+,Other,23.174571,77.334419,13:33,Friday,Fog,Area_C,2.54,4.04,Area_G,5.25,Area_D
MP-2026-04136,P4136,46-55,Male,23.247016,77.483462,21:44,Wednesday,Clear,Area_H,5.38,68.07,Area_G,2.36,Area_H
MP-2026-04137,P4137,46-55,Female,23.181562,77.483403,10:49,Monday,Clear,Area_H,9.37,75.73,Area_G,8.41,Area_D
MP-2026-04138,P4138,18-25,Other,23.264245,77.419599,19:52,Friday,Clear,Area_C,8.07,18.92,Area_H,0.98,Area_C
MP-2026-04139,P4139,18-25,Female,23.264223,77.403834,20:53,Sunday,Clear,Area_H,4.67,50.07,Area_G,5.54,Area_H
MP-2026-04140,P4140,46-55,Male,23.184055,77.392079,07:33,Thursday,Cloudy,Area_C,13.93,34.68,Area_I,0.29,Area_E
MP-2026-04141,P4141,26-35,Male,23.326687,77.333931,14:23,Sunday,Cloudy,Area_A,19.48,23.07,Area_F,8.93,Area_C
MP-2026-04142,P4142,56+,Other,23.176518,77.409008,17:53,Friday,Clear,Area_D,9.26,20.45,Area_G,2.18,Area_D
MP-2026-04143,P4143,18-25,Male,23.178604,77.33732,18:15,Monday,Clear,Area_B,8.03,8.41,Area_F,23.65,Area_F
MP-2026-04144,P4144,26-35,Female,23.186713,77.476007,11:01,Thursday,Clear,Area_I,7.31,13.15,Area_I,1.16,Area_C
MP-2026-04145,P4145,36-45,Male,23.189812,77.482583,20:11,Wednesday,Clear,Area_H,8.18,13.79,Area_G,6.39,Area_H
MP-2026-04146,P4146,18-25,Female,23.184343,77.332844,10:54,Thursday,Clear,Area_G,8.2,29.76,Area_H,0.86,Area_G
MP-2026-04147,P4147,26-35,Female,23.308888,77.406132,07:04,Saturday,Rain,Area_E,4.91,42.37,Area_F,9.83,Area_E
MP-2026-04148,P4148,18-25,Female,23.258581,77.39143,23:50,Thursday,Clear,Area_E,10.94,19.38,Area_C,4.62,Area_B
MP-2026-04149,P4149,36-45,Female,23.329677,77.417026,15:43,Thursday,Clear,Area_B,15.05,21.28,Area_E,12.4,Area_B
MP-2026-04150,P4150,18-25,Female,23.321338,77.336086,09:06,Friday,Clear,Area_G,27.6,14.16,Area_D,3.78,Area_D
MP-2026-04151,P4151,26-35,Female,23.186169,77.490365,11:20,Sunday,Clear,Area_H,10.4,46.67,Area_I,3.36,Area_I
MP-2026-04152,P4152,56+,Female,23.181634,77.407242,14:45,Saturday,Clear,Area_D,3.43,20.24,Area_G,4.95,Area_D
MP-2026-04153,P4153,46-55,Other,23.238103,77.316699,08:22,Thursday,Clear,Area_F,6.56,3.31,Area_H,0.52,Area_F
MP-2026-04154,P4154,26-35,Male,23.178326,77.479624,07:11,Thursday,Clear,Area_G,9.93,23.77,Area_D,1.61,Area_H
MP-2026-04155,P4155,46-55,Male,23.245889,77.479374,13:47,Tuesday,Cloudy,Area_G,11.01,15.49,Area_C,1.41,Area_C
MP-2026-04156,P4156,56+,Female,23.300914,77.358395,11:57,Wednesday,Rain,Area_C,9.03,4.8,Area_B,1.65,Area_C
MP-2026-04157,P4157,46-55,Other,23.248223,77.407474,19:25,Saturday,Clear,Area_D,11.78,22.03,Area_B,6.16,Area_B
MP-2026-04158,P4158,26-35,Female,23.190092,77.347438,10:23,Friday,Cloudy,Area_E,5.56,79.67,Area_E,10.04,Area_E
MP-2026-04159,P4159,18-25,Male,23.172449,77.475208,20:47,Thursday,Cloudy,Area_I,9.18,21.93,Area_I,1.5,Area_F
MP-2026-04160,P4160,18-25,Male,23.234141,77.494797,09:16,Wednesday,Clear,Area_B,11.56,6.66,Area_C,2.62,Area_E
MP-2026-04161,P4161,46-55,Other,23.058292,77.612712,09:55,Monday,Fog,Area_C,5.12,20.32,Area_F,0.7,Area_I
MP-2026-04162,P4162,46-55,Female,23.31101,77.483902,08:53,Wednesday,Clear,Area_D,11.04,37.99,Area_E,1.83,Area_C
MP-2026-04163,P4163,46-55,Male,23.19145,77.342298,05:34,Thursday,Clear,Area_H,8.96,77.69,Area_D,1.55,Area_E
MP-2026-04164,P4164,36-45,Female,23.185838,77.464997,13:19,Sunday,Cloudy,Area_D,9.8,3.65,Area_G,2.01,Area_D
MP-2026-04165,P4165,46-55,Female,23.164368,77.479691,16:03,Thursday,Rain,Area_G,11.81,23.78,Area_I,1.72,Area_H
MP-2026-04166,P4166,26-35,Female,23.246717,77.330109,17:23,Sunday,Clear,Area_B,8.99,31.11,Area_I,0.22,Area_B
MP-2026-04167,P4167,56+,Male,23.237265,77.406465,13:01,Thursday,Clear,Area_C,13.94,41.51,Area_B,0.47,Area_C
MP-2026-04168,P4168,26-35,Female,23.196133,77.477657,11:38,Saturday,Fog,Area_E,11.83,47.6,Area_F,2.48,Area_E
MP-2026-04169,P4169,26-35,Other,23.174306,77.398592,14:22,Monday,Clear,Area_A,15.49,53.6,Area_E,2.19,Area_C
MP-2026-04170,P4170,36-45,Female,23.172884,77.475501,18:53,Tuesday,Clear,Area_F,16.9,42.79,Area_F,0.44,Area_F
MP-2026-04171,P4171,36-45,Male,23.166457,77.32632,06:47,Monday,Fog,Area_A,9.32,22.56,Area_D,0.19,Area_A
MP-2026-04172,P4172,26-35,Male,23.260539,77.392549,09:09,Tuesday,Clear,Area_D,4.54,3.93,Area_G,6.68,Area_D
MP-2026-04173,P4173,36-45,Female,23.24913,77.413374,13:24,Sunday,Cloudy,Area_G,28.31,5.55,Area_H,13.87,Area_D
MP-2026-04174,P4174,26-35,Female,23.239522,77.476081,17:00,Sunday,Clear,Area_B,30.0,16.29,Area_I,3.46,Area_F
MP-2026-04175,P4175,56+,Female,23.201006,77.411551,05:30,Tuesday,Cloudy,Area_B,5.32,24.49,Area_A,4.4,Area_B
MP-2026-04176,P4176,26-35,Male,23.165522,77.489723,06:29,Monday,Clear,Area_B,9.46,48.92,Area_D,7.22,Area_G
MP-2026-04177,P4177,46-55,Female,23.248574,77.328641,08:02,Saturday,Cloudy,Area_F,16.81,41.83,Area_F,7.99,Area_A
MP-2026-04178,P4178,26-35,Female,23.254081,77.394706,10:14,Wednesday,Rain,Area_C,18.9,29.18,Area_G,0.31,Area_H
MP-2026-04179,P4179,56+,Female,23.181464,77.418841,16:42,Thursday,Clear,Area_A,5.02,31.3,Area_A,1.31,Area_E
MP-2026-04180,P4180,26-35,Male,23.172042,77.407076,17:16,Monday,Clear,Area_D,10.21,9.33,Area_I,0.46,Area_E
MP-2026-04181,P4181,26-35,Male,23.326272,77.34834,04:23,Sunday,Cloudy,Area_F,11.01,16.68,Area_B,2.83,Area_B
MP-2026-04182,P4182,26-35,Female,23.187135,77.488988,16:37,Friday,Clear,Area_B,10.48,7.29,Area_C,1.62,Area_H
MP-2026-04183,P4183,46-55,Other,23.329893,77.32749,08:09,Wednesday,Cloudy,Area_D,6.9,14.62,Area_E,1.11,Area_D
MP-2026-04184,P4184,26-35,Male,23.340243,77.336535,13:24,Saturday,Clear,Area_G,11.94,40.93,Area_G,5.83,Area_H
MP-2026-04185,P4185,26-35,Male,23.253847,77.3915,13:47,Wednesday,Clear,Area_H,2.98,5.88,Area_E,0.88,Area_F
MP-2026-04186,P4186,18-25,Male,23.2447,77.410009,14:24,Wednesday,Clear,Area_B,13.09,22.23,Area_C,3.87,Area_B
MP-2026-04187,P4187,46-55,Male,23.32494,77.331665,09:28,Friday,Clear,Area_E,10.4,30.16,Area_D,7.45,Area_G
MP-2026-04188,P4188,46-55,Female,23.245809,77.482506,09:04,Thursday,Rain,Area_D,6.06,17.63,Area_D,1.78,Area_H
MP-2026-04189,P4189,26-35,Female,23.25161,77.349063,09:09,Saturday,Cloudy,Area_H,4.94,57.62,Area_D,4.84,Area_A
MP-2026-04190,P4190,26-35,Male,23.313468,77.420698,09:14,Sunday,Cloudy,Area_C,12.84,60.15,Area_B,1.63,Area_B
MP-2026-04191,P4191,26-35,Other,23.258729,77.396512,06:20,Saturday,Rain,Area_C,7.41,3.28,Area_E,0.16,Area_D
MP-2026-04192,P4192,18-25,Female,23.247673,77.482125,16:17,Saturday,Clear,Area_F,13.08,55.42,Area_C,6.62,Area_F
MP-2026-04193,P4193,26-35,Male,23.164531,77.344704,08:02,Thursday,Clear,Area_E,20.25,52.71,Area_G,4.82,Area_D
MP-2026-04194,P4194,26-35,Female,23.181299,77.480432,21:01,Friday,Cloudy,Area_C,14.14,64.56,Area_F,3.64,Area_A
MP-2026-04195,P4195,46-55,Female,23.071035,77.602621,17:03,Tuesday,Clear,Area_C,9.57,68.07,Area_F,0.97,Area_C
MP-2026-04196,P4196,18-25,Female,23.173733,77.46944,01:56,Saturday,Clear,Area_A,15.68,74.45,Area_H,1.34,Area_F
MP-2026-04197,P4197,36-45,Female,23.326175,77.477275,17:20,Friday,Cloudy,Area_A,5.22,20.36,Area_C,17.23,Area_C
MP-2026-04198,P4198,36-45,Male,23.184899,77.405174,12:45,Thursday,Clear,Area_B,6.95,60.69,Area_I,17.19,Area_I
MP-2026-04199,P4199,36-45,Female,23.194494,77.478073,19:27,Tuesday,Clear,Area_F,5.7,14.35,Area_H,1.47,Area_F
MP-2026-04200,P4200,26-35,Male,23.179947,77.403159,19:49,Friday,Clear,Area_F,12.61,46.84,Area_I,1.07,Area_F
MP-2026-04201,P4201,56+,Female,23.235554,77.408443,16:39,Friday,Clear,Area_D,5.06,15.32,Area_G,4.35,Area_B
MP-2026-04202,P4202,26-35,Female,23.166092,77.486319,06:10,Saturday,Clear,Area_E,4.55,18.95,Area_F,1.35,Area_I
MP-2026-04203,P4203,26-35,Female,23.310279,77.418093,14:49,Monday,Rain,Area_E,19.48,29.31,Area_E,1.24,Area_H
MP-2026-04204,P4204,18-25,Male,23.245968,77.401072,18:48,Friday,Cloudy,Area_A,24.72,24.34,Area_A,3.43,Area_C
MP-2026-04205,P4205,46-55,Male,23.253414,77.342084,14:25,Tuesday,Clear,Area_H,5.03,31.32,Area_I,6.43,Area_H
MP-2026-04206,P4206,26-35,Male,23.31917,77.348086,06:23,Wednesday,Clear,Area_A,5.48,2.65,Area_A,2.03,Area_A
MP-2026-04207,P4207,36-45,Male,23.185634,77.430416,07:40,Tuesday,Clear,Area_E,10.75,24.47,Area_J,0.47,Area_J
MP-2026-04208,P4208,18-25,Male,23.322561,77.338797,08:21,Friday,Fog,Area_H,13.91,30.48,Area_I,5.43,Area_G
MP-2026-04209,P4209,46-55,Female,23.323002,77.426356,18:04,Monday,Clear,Area_B,6.71,24.71,Area_E,2.03,Area_B
MP-2026-04210,P4210,26-35,Female,23.281018,77.416314,19:35,Sunday,Cloudy,Area_A,11.14,30.75,Area_B,10.12,Area_F
MP-2026-04211,P4211,26-35,Female,23.242963,77.332352,02:14,Thursday,Clear,Area_G,9.97,74.78,Area_A,0.1,Area_G
MP-2026-04212,P4212,36-45,Female,23.253262,77.40132,10:27,Friday,Cloudy,Area_F,10.34,60.55,Area_D,4.17,Area_B
MP-2026-04213,P4213,18-25,Female,23.167383,77.409486,20:36,Wednesday,Clear,Area_F,16.24,31.47,Area_F,0.5,Area_F
MP-2026-04214,P4214,46-55,Female,23.330059,77.474691,18:34,Friday,Clear,Area_B,11.56,7.2,Area_F,2.18,Area_G
MP-2026-04215,P4215,46-55,Female,23.302047,77.397862,09:51,Saturday,Clear,Area_E,5.9,24.57,Area_B,1.14,Area_B
MP-2026-04216,P4216,26-35,Female,23.315429,77.477295,20:57,Tuesday,Clear,Area_C,8.12,11.7,Area_C,0.22,Area_C
MP-2026-04217,P4217,36-45,Female,23.251605,77.405256,12:12,Tuesday,Clear,Area_E,7.77,16.13,Area_B,10.26,Area_D
MP-2026-04218,P4218,26-35,Female,23.319557,77.482959,16:50,Tuesday,Clear,Area_A,7.86,17.93,Area_E,9.63,Area_H
MP-2026-04219,P4219,36-45,Male,23.316639,77.472735,18:26,Wednesday,Clear,Area_C,6.32,11.6,Area_B,2.08,Area_H
MP-2026-04220,P4220,26-35,Other,23.246377,77.474465,14:38,Thursday,Clear,Area_B,5.49,65.59,Area_F,0.27,Area_B
MP-2026-04221,P4221,36-45,Female,23.250501,77.482952,17:13,Thursday,Cloudy,Area_D,5.66,78.43,Area_B,6.61,Area_D
MP-2026-04222,P4222,36-45,Female,23.185199,77.470023,11:44,Friday,Clear,Area_C,8.46,75.17,Area_F,14.32,Area_C
MP-2026-04223,P4223,18-25,Female,23.17545,77.399369,18:40,Wednesday,Rain,Area_E,15.93,6.1,Area_I,1.28,Area_H
MP-2026-04224,P4224,18-25,Male,23.304088,77.348046,13:43,Friday,Cloudy,Area_A,9.82,23.57,Area_A,7.64,Area_D
MP-2026-04225,P4225,18-25,Female,23.314631,77.4782,08:26,Wednesday,Cloudy,Area_E,6.88,5.85,Area_A,12.66,Area_A
MP-2026-04226,P4226,18-25,Female,23.330453,77.430711,19:42,Friday,Cloudy,Area_B,4.33,16.46,Area_C,0.99,Area_B
MP-2026-04227,P4227,18-25,Male,23.314699,77.409952,17:34,Tuesday,Rain,Area_A,4.74,17.54,Area_C,1.14,Area_B
MP-2026-04228,P4228,36-45,Female,23.181562,77.419155,04:52,Thursday,Clear,Area_A,14.8,76.94,Area_F,6.17,Area_I
MP-2026-04229,P4229,26-35,Female,23.18311,77.464398,18:48,Sunday,Clear,Area_I,13.66,73.27,Area_B,10.88,Area_F
MP-2026-04230,P4230,46-55,Other,23.322393,77.406884,15:57,Thursday,Clear,Area_D,9.34,75.01,Area_E,3.86,Area_D
MP-2026-04231,P4231,26-35,Other,23.176798,77.414666,09:40,Saturday,Clear,Area_B,10.64,18.57,Area_E,1.7,Area_H
MP-2026-04232,P4232,26-35,Female,23.182868,77.336223,20:09,Wednesday,Clear,Area_I,30.0,23.48,Area_F,6.66,Area_I
MP-2026-04233,P4233,56+,Male,23.325448,77.403398,10:43,Thursday,Fog,Area_C,7.53,74.06,Area_E,2.33,Area_A
MP-2026-04234,P4234,18-25,Female,23.333672,77.405166,20:40,Tuesday,Clear,Area_F,10.9,7.79,Area_E,3.34,Area_F
MP-2026-04235,P4235,26-35,Male,23.248247,77.359187,08:01,Wednesday,Clear,Area_B,7.87,22.65,Area_C,6.0,Area_E
MP-2026-04236,P4236,26-35,Female,23.247643,77.477163,10:39,Monday,Cloudy,Area_D,7.43,6.26,Area_E,2.26,Area_E
MP-2026-04237,P4237,18-25,Other,23.260348,77.405625,19:21,Saturday,Cloudy,Area_E,8.31,47.44,Area_F,0.34,Area_E
MP-2026-04238,P4238,36-45,Male,23.319988,77.351126,22:11,Sunday,Clear,Area_C,11.84,69.57,Area_I,4.47,Area_F
MP-2026-04239,P4239,36-45,Female,23.24462,77.326212,12:05,Monday,Cloudy,Area_A,8.22,23.44,Area_A,1.45,Area_A
MP-2026-04240,P4240,36-45,Male,23.252499,77.355315,14:38,Monday,Clear,Area_A,12.28,64.39,Area_E,19.69,Area_H
MP-2026-04241,P4241,26-35,Male,23.330701,77.488386,20:07,Monday,Clear,Area_A,8.81,55.31,Area_B,3.37,Area_C
MP-2026-04242,P4242,36-45,Female,23.196547,77.333239,19:01,Tuesday,Cloudy,Area_G,8.56,18.55,Area_H,3.32,Area_H
MP-2026-04243,P4243,56+,Female,23.264151,77.417663,08:20,Monday,Fog,Area_D,7.32,73.53,Area_B,1.4,Area_C
MP-2026-04244,P4244,56+,Male,23.319035,77.480052,11:40,Sunday,Cloudy,Area_C,25.22,57.38,Area_C,2.39,Area_B
MP-2026-04245,P4245,26-35,Female,23.22425,77.409189,13:14,Friday,Clear,Area_E,6.79,4.22,Area_F,3.26,Area_D
MP-2026-04246,P4246,46-55,Female,23.313627,77.335793,20:16,Wednesday,Clear,Area_F,10.6,20.71,Area_E,1.29,Area_D
MP-2026-04247,P4247,26-35,Male,23.244207,77.483262,09:27,Friday,Clear,Area_A,5.41,7.84,Area_C,6.59,Area_B
MP-2026-04248,P4248,26-35,Female,23.245437,77.332784,09:16,Thursday,Clear,Area_A,10.21,63.52,Area_B,6.47,Area_A
MP-2026-04249,P4249,18-25,Male,23.239289,77.332782,07:33,Saturday,Cloudy,Area_C,18.04,50.38,Area_D,7.92,Area_A
MP-2026-04250,P4250,26-35,Male,23.257352,77.339008,14:41,Tuesday,Cloudy,Area_F,5.75,15.51,Area_H,7.48,Area_G
MP-2026-04251,P4251,36-45,Other,23.265168,77.501342,16:36,Thursday,Clear,Area_E,6.58,78.48,Area_D,9.78,Area_G
MP-2026-04252,P4252,36-45,Male,23.191304,77.483094,13:49,Sunday,Clear,Area_F,10.06,18.22,Area_E,1.69,Area_F
MP-2026-04253,P4253,36-45,Other,23.258661,77.467837,13:07,Friday,Rain,Area_C,11.46,15.29,Area_F,1.66,Area_E
MP-2026-04254,P4254,26-35,Male,23.244444,77.352159,17:27,Monday,Clear,Area_C,29.2,5.3,Area_F,14.23,Area_C
MP-2026-04255,P4255,46-55,Male,23.257068,77.330315,19:22,Sunday,Cloudy,Area_H,4.35,3.86,Area_H,8.52,Area_F
MP-2026-04256,P4256,18-25,Female,23.223326,77.356807,16:16,Friday,Clear,Area_A,30.0,33.41,Area_F,1.6,Area_H
MP-2026-04257,P4257,46-55,Female,23.317551,77.471754,13:11,Tuesday,Cloudy,Area_D,8.73,23.43,Area_B,1.79,Area_A
MP-2026-04258,P4258,26-35,Female,23.177118,77.337418,11:43,Friday,Clear,Area_H,30.0,62.32,Area_J,7.43,Area_H
MP-2026-04259,P4259,36-45,Female,23.325007,77.344112,12:20,Friday,Fog,Area_G,13.37,48.17,Area_H,1.85,Area_D
MP-2026-04260,P4260,46-55,Female,23.186674,77.407342,14:06,Tuesday,Rain,Area_E,4.19,66.87,Area_A,1.52,Area_D
MP-2026-04261,P4261,36-45,Male,23.318213,77.340561,18:35,Thursday,Clear,Area_B,11.92,22.7,Area_I,18.46,Area_B
MP-2026-04262,P4262,18-25,Female,23.319968,77.335298,12:12,Friday,Clear,Area_B,21.57,59.98,Area_A,7.82,Area_B
MP-2026-04263,P4263,26-35,Other,23.177355,77.336664,09:34,Monday,Cloudy,Area_B,14.29,69.69,Area_B,3.43,Area_E
MP-2026-04264,P4264,36-45,Female,23.187103,77.338179,17:17,Friday,Clear,Area_A,12.88,13.32,Area_D,9.0,Area_H
MP-2026-04265,P4265,36-45,Female,23.184528,77.453845,09:18,Thursday,Clear,Area_D,8.04,53.99,Area_I,5.92,Area_F
MP-2026-04266,P4266,46-55,Female,23.321064,77.459984,07:07,Tuesday,Clear,Area_C,4.37,18.72,Area_G,1.42,Area_E
MP-2026-04267,P4267,36-45,Female,23.325,77.481395,13:22,Saturday,Cloudy,Area_C,4.85,30.67,Area_A,2.63,Area_C
MP-2026-04268,P4268,26-35,Male,23.311871,77.330626,19:53,Monday,Rain,Area_A,15.87,25.2,Area_A,11.63,Area_A
MP-2026-04269,P4269,26-35,Male,23.170065,77.341633,15:42,Sunday,Clear,Area_F,9.84,15.99,Area_G,3.66,Area_H
MP-2026-04270,P4270,46-55,Female,23.255815,77.351335,18:17,Monday,Cloudy,Area_B,6.37,23.43,Area_A,0.53,Area_A
MP-2026-04271,P4271,56+,Female,23.185935,77.472117,21:54,Tuesday,Rain,Area_E,5.76,35.43,Area_I,0.6,Area_I
MP-2026-04272,P4272,26-35,Female,23.247435,77.408679,14:34,Thursday,Rain,Area_F,10.16,71.95,Area_H,1.48,Area_E
MP-2026-04273,P4273,36-45,Female,23.251771,77.475771,02:47,Wednesday,Clear,Area_H,9.01,1.35,Area_A,4.47,Area_E
MP-2026-04274,P4274,36-45,Female,23.192375,77.345614,16:22,Wednesday,Cloudy,Area_H,8.16,22.59,Area_H,0.18,Area_H
MP-2026-04275,P4275,18-25,Male,23.329704,77.414746,16:07,Monday,Clear,Area_A,12.11,30.07,Area_D,0.28,Area_G
MP-2026-04276,P4276,18-25,Female,23.244794,77.341573,10:41,Tuesday,Clear,Area_H,20.1,15.39,Area_G,24.0,Area_E
MP-2026-04277,P4277,36-45,Male,23.171981,77.488613,08:07,Saturday,Clear,Area_F,10.07,18.45,Area_F,2.82,Area_J
MP-2026-04278,P4278,36-45,Male,23.243415,77.418753,17:21,Thursday,Cloudy,Area_E,5.79,11.76,Area_H,2.28,Area_E
MP-2026-04279,P4279,36-45,Male,23.250594,77.32984,20:10,Sunday,Clear,Area_A,13.47,72.91,Area_E,9.34,Area_A
MP-2026-04280,P4280,26-35,Female,23.165923,77.411081,08:00,Wednesday,Clear,Area_F,5.66,24.57,Area_E,9.87,Area_G
MP-2026-04281,P4281,18-25,Female,23.232237,77.478376,12:08,Thursday,Clear,Area_A,16.15,23.48,Area_C,1.73,Area_H
MP-2026-04282,P4282,36-45,Male,23.328721,77.482152,18:29,Sunday,Clear,Area_B,12.87,40.07,Area_C,0.1,Area_F
MP-2026-04283,P4283,18-25,Male,23.296208,77.340373,15:15,Thursday,Clear,Area_B,11.48,77.2,Area_B,0.22,Area_D
MP-2026-04284,P4284,36-45,Female,23.323537,77.477496,12:13,Sunday,Cloudy,Area_J,10.6,67.75,Area_F,5.88,Area_H
MP-2026-04285,P4285,36-45,Female,23.236593,77.393791,00:32,Friday,Clear,Area_F,16.4,12.78,Area_I,6.41,Area_H
MP-2026-04286,P4286,36-45,Other,23.178231,77.333966,20:15,Sunday,Rain,Area_F,12.46,11.58,Area_H,3.52,Area_E
MP-2026-04287,P4287,36-45,Female,23.324873,77.355296,18:58,Sunday,Clear,Area_E,4.56,8.66,Area_A,7.92,Area_D
MP-2026-04288,P4288,56+,Female,23.183809,77.472031,14:18,Sunday,Rain,Area_A,12.91,5.66,Area_H,2.4,Area_F
MP-2026-04289,P4289,46-55,Male,23.243262,77.409057,12:33,Saturday,Clear,Area_G,13.14,68.67,Area_A,4.76,Area_D
MP-2026-04290,P4290,26-35,Male,23.316993,77.352105,10:56,Tuesday,Clear,Area_B,4.71,23.67,Area_D,5.55,Area_E
MP-2026-04291,P4291,26-35,Male,23.24264,77.479279,07:49,Friday,Fog,Area_C,8.28,54.23,Area_J,0.92,Area_I
MP-2026-04292,P4292,18-25,Female,23.245811,77.336994,08:02,Wednesday,Cloudy,Area_E,9.52,73.5,Area_B,4.26,Area_E
MP-2026-04293,P4293,36-45,Male,23.312061,77.405714,12:38,Wednesday,Fog,Area_C,10.93,18.95,Area_C,6.0,Area_C
MP-2026-04294,P4294,26-35,Female,23.172156,77.470362,19:52,Wednesday,Clear,Area_D,8.05,9.17,Area_H,0.32,Area_D
MP-2026-04295,P4295,18-25,Female,23.183401,77.42512,19:34,Wednesday,Clear,Area_B,18.02,56.76,Area_B,0.61,Area_B
MP-2026-04296,P4296,26-35,Male,23.321224,77.344954,16:54,Monday,Cloudy,Area_C,13.13,22.08,Area_E,3.65,Area_B
MP-2026-04297,P4297,26-35,Female,23.259754,77.479174,16:01,Tuesday,Rain,Area_F,9.93,13.85,Area_F,3.18,Area_H
MP-2026-04298,P4298,36-45,Male,23.260192,77.471901,10:20,Monday,Rain,Area_F,8.81,61.62,Area_C,0.19,Area_B
MP-2026-04299,P4299,46-55,Female,23.314713,77.480508,07:18,Monday,Clear,Area_I,5.6,3.87,Area_B,4.95,Area_C
MP-2026-04300,P4300,18-25,Male,23.176033,77.471819,08:40,Thursday,Cloudy,Area_H,7.59,2.57,Area_F,1.09,Area_I
MP-2026-04301,P4301,36-45,Female,23.175775,77.402564,19:13,Friday,Clear,Area_F,11.73,18.53,Area_H,13.38,Area_F
MP-2026-04302,P4302,18-25,Male,23.326608,77.46792,18:15,Friday,Cloudy,Area_G,6.76,22.48,Area_H,0.39,Area_B
MP-2026-04303,P4303,36-45,Female,23.258752,77.471352,13:01,Wednesday,Clear,Area_D,4.32,44.07,Area_B,15.64,Area_E
MP-2026-04304,P4304,18-25,Male,23.183207,77.351083,20:32,Monday,Clear,Area_F,11.85,12.71,Area_E,5.48,Area_H
MP-2026-04305,P4305,46-55,Male,23.235955,77.47913,05:51,Wednesday,Clear,Area_A,8.49,18.81,Area_D,0.27,Area_A
MP-2026-04306,P4306,26-35,Female,23.180361,77.357035,18:44,Sunday,Clear,Area_I,17.5,74.43,Area_C,1.61,Area_F
MP-2026-04307,P4307,18-25,Female,23.255065,77.404426,17:05,Wednesday,Clear,Area_E,18.48,6.34,Area_E,5.02,Area_F
MP-2026-04308,P4308,46-55,Male,23.328007,77.484387,17:45,Tuesday,Clear,Area_E,5.33,20.21,Area_A,1.91,Area_B
MP-2026-04309,P4309,26-35,Male,23.234201,77.394577,22:03,Thursday,Fog,Area_B,14.12,41.16,Area_A,0.1,Area_B
MP-2026-04310,P4310,18-25,Female,23.305395,77.40656,01:18,Monday,Cloudy,Area_E,13.22,24.9,Area_C,1.09,Area_B
MP-2026-04311,P4311,26-35,Male,23.171742,77.487827,07:47,Tuesday,Clear,Area_B,3.41,4.83,Area_F,0.93,Area_I
MP-2026-04312,P4312,46-55,Female,23.276232,77.477024,07:08,Thursday,Cloudy,Area_F,5.88,10.18,Area_E,3.56,Area_F
MP-2026-04313,P4313,36-45,Male,23.252233,77.333469,08:31,Friday,Clear,Area_E,5.6,63.1,Area_G,9.2,Area_E
MP-2026-04314,P4314,56+,Male,23.243983,77.401442,13:49,Tuesday,Cloudy,Area_D,6.78,13.65,Area_E,7.55,Area_D
MP-2026-04315,P4315,18-25,Male,23.178526,77.348533,12:48,Wednesday,Rain,Area_G,8.33,15.29,Area_H,1.45,Area_E
MP-2026-04316,P4316,26-35,Male,23.170396,77.345545,12:36,Saturday,Clear,Area_H,5.35,24.07,Area_E,2.39,Area_E
MP-2026-04317,P4317,26-35,Female,23.179079,77.34707,19:59,Tuesday,Fog,Area_A,8.56,62.43,Area_G,3.37,Area_H
MP-2026-04318,P4318,36-45,Male,23.169758,77.343416,16:39,Tuesday,Cloudy,Area_E,6.28,13.1,Area_H,1.4,Area_H
MP-2026-04319,P4319,56+,Female,23.327094,77.406138,06:14,Sunday,Cloudy,Area_H,7.46,5.74,Area_G,0.26,Area_G
MP-2026-04320,P4320,36-45,Male,23.257102,77.406223,07:28,Friday,Clear,Area_E,7.37,6.06,Area_F,1.46,Area_E
MP-2026-04321,P4321,18-25,Female,23.239676,77.338401,17:22,Saturday,Clear,Area_E,8.38,18.81,Area_D,11.13,Area_E
MP-2026-04322,P4322,18-25,Male,23.317766,77.413015,08:45,Saturday,Clear,Area_F,8.64,73.43,Area_B,7.85,Area_F
MP-2026-04323,P4323,26-35,Female,23.246255,77.405397,16:09,Sunday,Clear,Area_A,12.73,39.85,Area_B,4.4,Area_F
MP-2026-04324,P4324,46-55,Female,23.194275,77.333993,14:50,Thursday,Clear,Area_H,11.11,39.15,Area_I,7.81,Area_H
MP-2026-04325,P4325,26-35,Male,23.322681,77.336135,07:26,Wednesday,Cloudy,Area_C,10.09,13.85,Area_C,2.42,Area_A
MP-2026-04326,P4326,36-45,Male,23.333,77.406531,10:50,Friday,Rain,Area_A,7.81,78.0,Area_D,2.27,Area_D
MP-2026-04327,P4327,36-45,Male,23.313505,77.411658,02:23,Monday,Cloudy,Area_B,7.23,24.5,Area_B,6.75,Area_B
MP-2026-04328,P4328,26-35,Female,23.319899,77.346941,04:24,Friday,Clear,Area_F,6.57,38.28,Area_D,4.19,Area_D
MP-2026-04329,P4329,46-55,Female,23.313827,77.434201,09:14,Tuesday,Clear,Area_A,10.25,22.68,Area_D,8.52,Area_G
MP-2026-04330,P4330,26-35,Male,23.258853,77.474001,09:45,Tuesday,Clear,Area_F,9.78,35.43,Area_C,4.66,Area_F
MP-2026-04331,P4331,26-35,Other,23.256489,77.343748,11:28,Thursday,Cloudy,Area_D,7.37,12.76,Area_H,18.29,Area_H
MP-2026-04332,P4332,36-45,Female,23.179886,77.408803,08:08,Monday,Clear,Area_D,11.25,9.34,Area_I,1.32,Area_E
MP-2026-04333,P4333,36-45,Male,23.245569,77.354703,18:43,Friday,Fog,Area_F,3.18,6.74,Area_E,6.8,Area_B
MP-2026-04334,P4334,26-35,Male,23.232548,77.34193,17:42,Sunday,Rain,Area_A,5.79,77.91,Area_A,10.89,Area_D
MP-2026-04335,P4335,18-25,Male,23.2587,77.487351,22:11,Sunday,Cloudy,Area_B,11.04,3.49,Area_E,2.74,Area_H
MP-2026-04336,P4336,26-35,Female,23.327876,77.358587,10:15,Sunday,Clear,Area_C,10.5,2.5,Area_H,0.69,Area_G
MP-2026-04337,P4337,36-45,Male,23.258783,77.421366,20:45,Saturday,Rain,Area_G,14.15,60.5,Area_D,4.55,Area_H
MP-2026-04338,P4338,56+,Male,23.255909,77.343207,15:52,Thursday,Clear,Area_A,4.05,19.59,Area_G,1.42,Area_D
MP-2026-04339,P4339,26-35,Male,23.078694,77.613089,09:03,Monday,Rain,Area_J,12.55,2.97,Area_J,0.47,Area_J
MP-2026-04340,P4340,26-35,Male,23.326148,77.341906,06:39,Sunday,Rain,Area_D,7.73,11.0,Area_D,5.84,Area_A
MP-2026-04341,P4341,46-55,Female,23.191135,77.348921,20:27,Saturday,Cloudy,Area_A,17.35,15.88,Area_E,5.72,Area_B
MP-2026-04342,P4342,56+,Female,23.180244,77.355513,11:08,Saturday,Cloudy,Area_G,7.53,79.8,Area_G,2.21,Area_G
MP-2026-04343,P4343,56+,Female,23.322571,77.36034,11:35,Friday,Rain,Area_A,14.11,30.18,Area_B,5.17,Area_A
MP-2026-04344,P4344,18-25,Male,23.23605,77.34009,18:03,Saturday,Clear,Area_D,7.07,18.87,Area_B,5.85,Area_C
MP-2026-04345,P4345,36-45,Female,23.074992,77.60474,13:03,Tuesday,Clear,Area_I,3.71,22.77,Area_I,0.1,Area_I
MP-2026-04346,P4346,56+,Female,23.304777,77.395824,13:09,Thursday,Clear,Area_D,3.2,62.63,Area_F,11.34,Area_A
MP-2026-04347,P4347,18-25,Male,23.313793,77.335562,16:54,Wednesday,Clear,Area_E,7.86,21.14,Area_G,2.39,Area_B
MP-2026-04348,P4348,18-25,Female,23.178367,77.479418,13:38,Friday,Clear,Area_D,6.21,8.92,Area_H,9.07,Area_D
MP-2026-04349,P4349,36-45,Male,23.240413,77.409669,18:04,Friday,Clear,Area_A,7.36,32.71,Area_H,9.79,Area_E
MP-2026-04350,P4350,46-55,Female,23.17384,77.424472,18:33,Tuesday,Fog,Area_A,19.46,42.19,Area_G,3.85,Area_E
MP-2026-04351,P4351,26-35,Female,23.182936,77.345033,20:02,Tuesday,Cloudy,Area_H,10.76,16.3,Area_I,3.6,Area_H
MP-2026-04352,P4352,26-35,Female,23.232397,77.344609,07:58,Thursday,Cloudy,Area_D,11.97,5.53,Area_G,8.33,Area_D
MP-2026-04353,P4353,36-45,Male,23.185774,77.421741,06:42,Monday,Cloudy,Area_B,9.7,9.82,Area_D,0.91,Area_G
MP-2026-04354,P4354,26-35,Male,23.324366,77.413159,13:13,Saturday,Clear,Area_B,14.3,4.35,Area_A,3.14,Area_B
MP-2026-04355,P4355,26-35,Male,23.228387,77.406851,18:02,Friday,Rain,Area_A,3.66,6.15,Area_G,0.34,Area_E
MP-2026-04356,P4356,56+,Male,23.256432,77.33813,04:16,Friday,Clear,Area_H,8.48,4.63,Area_I,1.98,Area_E
MP-2026-04357,P4357,56+,Female,23.170071,77.390693,22:52,Saturday,Rain,Area_A,4.52,79.3,Area_C,0.86,Area_A
MP-2026-04358,P4358,26-35,Male,23.184126,77.477287,00:24,Saturday,Cloudy,Area_G,30.0,43.53,Area_C,1.72,Area_F
MP-2026-04359,P4359,36-45,Female,23.063945,77.595105,19:01,Friday,Clear,Area_C,5.47,71.57,Area_F,7.22,Area_J
MP-2026-04360,P4360,18-25,Female,23.257074,77.322765,07:41,Thursday,Clear,Area_B,13.77,25.09,Area_C,12.5,Area_E
MP-2026-04361,P4361,46-55,Female,23.168489,77.402742,21:45,Monday,Rain,Area_D,7.18,17.55,Area_E,0.4,Area_F
MP-2026-04362,P4362,46-55,Female,23.170365,77.406765,06:41,Thursday,Cloudy,Area_D,3.15,4.14,Area_A,0.12,Area_D
MP-2026-04363,P4363,18-25,Female,23.166391,77.407137,14:53,Monday,Rain,Area_B,6.51,17.91,Area_G,1.76,Area_G
MP-2026-04364,P4364,26-35,Male,23.23214,77.343125,10:53,Wednesday,Clear,Area_C,11.45,15.26,Area_H,16.07,Area_H
MP-2026-04365,P4365,18-25,Female,23.312521,77.475947,19:07,Saturday,Clear,Area_C,11.41,4.44,Area_B,1.15,Area_C
MP-2026-04366,P4366,26-35,Female,23.230611,77.482813,17:55,Thursday,Clear,Area_D,7.08,9.91,Area_D,1.28,Area_D
MP-2026-04367,P4367,26-35,Female,23.255732,77.408146,14:52,Friday,Clear,Area_F,7.11,12.05,Area_F,2.38,Area_E
MP-2026-04368,P4368,46-55,Male,23.343121,77.423004,21:19,Monday,Rain,Area_I,7.15,79.14,Area_A,12.36,Area_C
MP-2026-04369,P4369,36-45,Male,23.324881,77.322556,14:11,Wednesday,Clear,Area_A,13.22,13.22,Area_B,2.9,Area_A
MP-2026-04370,P4370,36-45,Male,23.328477,77.397875,07:32,Sunday,Rain,Area_G,4.46,68.48,Area_H,3.0,Area_G
MP-2026-04371,P4371,36-45,Other,23.24755,77.339621,03:33,Saturday,Rain,Area_A,9.73,56.59,Area_A,4.48,Area_A
MP-2026-04372,P4372,46-55,Female,23.178281,77.345483,15:53,Saturday,Cloudy,Area_A,3.21,10.87,Area_B,4.93,Area_F
MP-2026-04373,P4373,18-25,Female,23.195886,77.475235,13:44,Wednesday,Clear,Area_D,6.92,13.26,Area_I,3.69,Area_F
MP-2026-04374,P4374,26-35,Male,23.17925,77.331994,15:47,Friday,Clear,Area_C,8.63,79.28,Area_E,1.45,Area_H
MP-2026-04375,P4375,46-55,Male,23.324774,77.412388,16:35,Wednesday,Rain,Area_G,8.78,60.0,Area_I,5.61,Area_G
MP-2026-04376,P4376,26-35,Female,23.173265,77.474219,21:44,Saturday,Clear,Area_B,4.09,2.43,Area_F,1.93,Area_F
MP-2026-04377,P4377,36-45,Male,23.320305,77.404837,20:53,Friday,Clear,Area_F,10.92,4.31,Area_C,7.25,Area_C
MP-2026-04378,P4378,46-55,Female,23.069658,77.600527,22:00,Saturday,Clear,Area_H,7.89,66.74,Area_J,2.96,Area_J
MP-2026-04379,P4379,46-55,Female,23.254015,77.477956,08:54,Monday,Clear,Area_E,18.08,36.65,Area_H,5.05,Area_I
MP-2026-04380,P4380,26-35,Female,23.317198,77.409078,18:35,Tuesday,Clear,Area_B,16.12,15.22,Area_F,0.2,Area_B
MP-2026-04381,P4381,36-45,Male,23.247159,77.410887,05:58,Thursday,Clear,Area_F,6.02,20.85,Area_I,4.55,Area_F
MP-2026-04382,P4382,46-55,Male,23.24495,77.403317,10:47,Thursday,Cloudy,Area_B,5.61,11.7,Area_C,0.7,Area_I
MP-2026-04383,P4383,46-55,Male,23.242544,77.410354,19:07,Sunday,Clear,Area_E,8.86,41.23,Area_A,2.11,Area_H
MP-2026-04384,P4384,36-45,Male,23.324804,77.464568,19:25,Saturday,Fog,Area_H,19.48,24.43,Area_B,6.1,Area_F
MP-2026-04385,P4385,18-25,Female,23.258797,77.401999,22:16,Sunday,Clear,Area_C,24.47,49.95,Area_B,3.53,Area_C
MP-2026-04386,P4386,46-55,Other,23.246684,77.466677,03:53,Friday,Clear,Area_J,22.27,71.24,Area_H,12.92,Area_E
MP-2026-04387,P4387,26-35,Male,23.248351,77.480398,22:20,Sunday,Fog,Area_D,8.8,2.72,Area_C,2.57,Area_B
MP-2026-04388,P4388,36-45,Male,23.25764,77.404809,20:11,Tuesday,Clear,Area_B,6.2,16.34,Area_C,1.96,Area_D
MP-2026-04389,P4389,56+,Male,23.234157,77.41286,08:37,Thursday,Cloudy,Area_B,10.39,34.07,Area_A,0.12,Area_B
MP-2026-04390,P4390,18-25,Male,23.33001,77.408688,07:27,Monday,Rain,Area_A,12.02,44.45,Area_C,3.3,Area_A
MP-2026-04391,P4391,46-55,Male,23.182982,77.414026,09:07,Saturday,Clear,Area_F,10.01,2.52,Area_E,3.89,Area_I
MP-2026-04392,P4392,36-45,Female,23.261002,77.328053,13:45,Thursday,Clear,Area_A,16.73,36.06,Area_A,7.03,Area_A
MP-2026-04393,P4393,26-35,Male,23.244238,77.476743,21:10,Sunday,Clear,Area_D,7.1,40.07,Area_I,0.93,Area_F
MP-2026-04394,P4394,26-35,Male,23.247638,77.365357,08:20,Wednesday,Clear,Area_B,18.13,62.75,Area_G,5.23,Area_D
MP-2026-04395,P4395,46-55,Male,23.31629,77.396132,18:03,Thursday,Rain,Area_C,10.18,59.43,Area_I,2.55,Area_H
MP-2026-04396,P4396,26-35,Male,23.181283,77.487149,19:01,Sunday,Cloudy,Area_J,11.68,68.04,Area_E,5.24,Area_E
MP-2026-04397,P4397,26-35,Female,23.183022,77.345412,17:21,Tuesday,Clear,Area_E,8.86,9.86,Area_H,1.02,Area_G
MP-2026-04398,P4398,26-35,Female,23.26235,77.340338,16:13,Saturday,Clear,Area_A,15.14,60.06,Area_D,2.11,Area_A
MP-2026-04399,P4399,18-25,Female,23.194527,77.412889,16:23,Wednesday,Clear,Area_E,13.69,79.05,Area_F,1.26,Area_F
MP-2026-04400,P4400,18-25,Other,23.255674,77.425209,07:12,Friday,Clear,Area_F,10.33,11.77,Area_F,0.51,Area_I
MP-2026-04401,P4401,46-55,Female,23.189075,77.47939,17:01,Sunday,Rain,Area_D,4.66,12.0,Area_F,9.15,Area_F
MP-2026-04402,P4402,56+,Male,23.2608,77.345122,14:54,Wednesday,Clear,Area_A,12.36,14.65,Area_B,1.02,Area_A
MP-2026-04403,P4403,18-25,Female,23.167368,77.480826,22:41,Wednesday,Clear,Area_D,4.95,63.88,Area_G,1.63,Area_D
MP-2026-04404,P4404,46-55,Male,23.262919,77.398104,17:52,Monday,Clear,Area_E,8.0,1.6,Area_D,9.22,Area_E
MP-2026-04405,P4405,18-25,Female,23.328207,77.32841,08:00,Monday,Clear,Area_H,15.91,64.58,Area_D,18.88,Area_B
MP-2026-04406,P4406,26-35,Female,23.315059,77.402656,07:50,Saturday,Rain,Area_C,18.05,21.31,Area_C,3.97,Area_F
MP-2026-04407,P4407,18-25,Female,23.169936,77.400001,03:03,Friday,Cloudy,Area_E,15.78,16.99,Area_H,3.78,Area_E
MP-2026-04408,P4408,36-45,Female,23.177896,77.475103,08:21,Monday,Rain,Area_D,11.39,36.44,Area_D,0.47,Area_I
MP-2026-04409,P4409,36-45,Male,23.326012,77.473865,02:12,Monday,Cloudy,Area_E,10.4,11.33,Area_H,3.37,Area_E
MP-2026-04410,P4410,26-35,Female,23.24144,77.340341,19:10,Thursday,Clear,Area_A,10.55,63.68,Area_D,5.45,Area_B
MP-2026-04411,P4411,36-45,Female,23.2377,77.400689,19:20,Saturday,Clear,Area_H,11.54,20.95,Area_F,4.51,Area_I
MP-2026-04412,P4412,56+,Male,23.324775,77.482257,19:22,Wednesday,Cloudy,Area_A,18.93,66.37,Area_F,13.69,Area_F
MP-2026-04413,P4413,18-25,Other,23.182308,77.335171,01:00,Wednesday,Cloudy,Area_B,8.12,55.48,Area_B,10.62,Area_D
MP-2026-04414,P4414,36-45,Female,23.168435,77.488955,12:00,Friday,Clear,Area_H,22.79,23.43,Area_C,2.83,Area_C
MP-2026-04415,P4415,26-35,Female,23.317398,77.479343,15:37,Friday,Rain,Area_D,10.74,31.21,Area_C,3.68,Area_C
MP-2026-04416,P4416,36-45,Female,23.238219,77.461705,07:29,Sunday,Clear,Area_D,20.25,21.8,Area_B,0.71,Area_I
MP-2026-04417,P4417,56+,Female,23.251534,77.467154,20:38,Wednesday,Cloudy,Area_C,7.19,20.22,Area_C,0.46,Area_E
MP-2026-04418,P4418,36-45,Male,23.252372,77.421119,20:33,Monday,Cloudy,Area_C,3.97,3.26,Area_B,8.29,Area_C
MP-2026-04419,P4419,18-25,Female,23.249813,77.401974,22:36,Wednesday,Clear,Area_D,2.82,1.39,Area_B,7.89,Area_E
MP-2026-04420,P4420,46-55,Male,23.177158,77.327097,09:42,Wednesday,Cloudy,Area_E,11.41,12.22,Area_D,0.3,Area_J
MP-2026-04421,P4421,26-35,Female,23.187715,77.350387,17:58,Thursday,Cloudy,Area_A,6.47,5.03,Area_E,1.71,Area_D
MP-2026-04422,P4422,56+,Female,23.334541,77.4049,19:35,Friday,Clear,Area_A,6.4,10.45,Area_E,3.83,Area_F
MP-2026-04423,P4423,46-55,Male,23.243662,77.399917,13:39,Tuesday,Cloudy,Area_I,7.77,45.77,Area_D,2.55,Area_E
MP-2026-04424,P4424,26-35,Female,23.318473,77.421322,07:03,Tuesday,Cloudy,Area_H,14.99,55.36,Area_D,1.62,Area_E
MP-2026-04425,P4425,46-55,Female,23.254708,77.413212,08:08,Friday,Clear,Area_D,8.63,62.38,Area_G,4.68,Area_D
MP-2026-04426,P4426,18-25,Female,23.190197,77.400699,18:15,Friday,Cloudy,Area_J,8.4,31.8,Area_J,9.54,Area_J
MP-2026-04427,P4427,56+,Female,23.332683,77.359431,11:44,Wednesday,Cloudy,Area_A,3.65,1.91,Area_A,0.34,Area_A
MP-2026-04428,P4428,26-35,Female,23.306979,77.343722,05:17,Friday,Rain,Area_C,18.42,74.99,Area_A,2.17,Area_D
MP-2026-04429,P4429,26-35,Female,23.256996,77.467924,16:06,Tuesday,Clear,Area_D,4.13,41.55,Area_B,0.98,Area_C
MP-2026-04430,P4430,46-55,Male,23.258486,77.47027,09:26,Friday,Clear,Area_A,12.43,45.37,Area_B,0.65,Area_A
MP-2026-04431,P4431,18-25,Male,23.247018,77.343656,08:44,Sunday,Rain,Area_A,16.15,8.78,Area_D,2.16,Area_A
MP-2026-04432,P4432,18-25,Male,23.319024,77.410239,12:09,Tuesday,Cloudy,Area_B,7.96,38.36,Area_C,0.1,Area_B
MP-2026-04433,P4433,46-55,Female,23.245489,77.473508,21:49,Sunday,Clear,Area_H,8.08,8.05,Area_E,0.3,Area_F
MP-2026-04434,P4434,18-25,Other,23.261042,77.341547,16:15,Friday,Clear,Area_H,22.4,62.13,Area_G,2.59,Area_E
MP-2026-04435,P4435,26-35,Female,23.162166,77.411873,15:12,Friday,Cloudy,Area_B,7.61,51.1,Area_H,2.17,Area_C
MP-2026-04436,P4436,18-25,Male,23.319362,77.501893,13:41,Wednesday,Clear,Area_H,8.72,28.6,Area_E,0.37,Area_C
MP-2026-04437,P4437,56+,Male,23.179692,77.345555,14:52,Friday,Clear,Area_F,12.05,45.83,Area_I,5.91,Area_E
MP-2026-04438,P4438,36-45,Male,23.181728,77.407386,09:26,Thursday,Clear,Area_E,12.75,67.03,Area_F,2.24,Area_E
MP-2026-04439,P4439,26-35,Female,23.255375,77.416988,19:37,Saturday,Clear,Area_E,17.79,13.7,Area_C,1.57,Area_F
MP-2026-04440,P4440,56+,Female,23.23536,77.32533,12:50,Thursday,Cloudy,Area_B,7.31,7.52,Area_A,0.71,Area_G
MP-2026-04441,P4441,46-55,Female,23.168309,77.330041,09:45,Saturday,Clear,Area_F,11.8,23.15,Area_G,2.33,Area_A
MP-2026-04442,P4442,36-45,Female,23.263565,77.402951,18:18,Friday,Clear,Area_E,8.89,45.57,Area_F,3.48,Area_E
MP-2026-04443,P4443,26-35,Male,23.244963,77.348354,21:29,Thursday,Rain,Area_A,6.12,11.88,Area_A,5.38,Area_A
MP-2026-04444,P4444,36-45,Female,23.260915,77.478615,21:43,Thursday,Clear,Area_D,20.32,31.94,Area_H,3.8,Area_D
MP-2026-04445,P4445,26-35,Female,23.169947,77.424801,13:48,Sunday,Clear,Area_J,6.99,34.46,Area_I,0.44,Area_G
MP-2026-04446,P4446,26-35,Female,23.238034,77.410487,12:09,Saturday,Rain,Area_H,7.35,4.79,Area_G,11.17,Area_E
MP-2026-04447,P4447,18-25,Female,23.321755,77.425813,16:38,Tuesday,Clear,Area_C,9.21,21.17,Area_A,8.08,Area_A
MP-2026-04448,P4448,26-35,Male,23.182889,77.338616,20:56,Thursday,Clear,Area_D,10.66,2.96,Area_G,10.17,Area_D
MP-2026-04449,P4449,18-25,Male,23.256452,77.487753,08:16,Thursday,Clear,Area_A,10.04,11.65,Area_D,1.13,Area_E
MP-2026-04450,P4450,26-35,Female,23.33402,77.333063,05:14,Monday,Clear,Area_G,6.26,1.55,Area_G,2.96,Area_G
MP-2026-04451,P4451,36-45,Female,23.191306,77.480851,07:59,Wednesday,Cloudy,Area_C,6.44,18.99,Area_A,0.91,Area_D
MP-2026-04452,P4452,18-25,Female,23.233311,77.411234,17:15,Wednesday,Cloudy,Area_E,23.35,78.95,Area_G,1.76,Area_E
MP-2026-04453,P4453,36-45,Other,23.176122,77.472237,15:12,Wednesday,Cloudy,Area_C,16.58,11.57,Area_C,4.34,Area_I
MP-2026-04454,P4454,36-45,Other,23.318442,77.413255,16:51,Thursday,Clear,Area_G,18.19,13.16,Area_F,3.78,Area_B
MP-2026-04455,P4455,36-45,Female,23.252605,77.4772,09:13,Friday,Clear,Area_E,4.43,12.91,Area_I,4.02,Area_E
MP-2026-04456,P4456,46-55,Other,23.196737,77.422871,08:30,Saturday,Rain,Area_E,10.14,22.9,Area_H,6.05,Area_E
MP-2026-04457,P4457,46-55,Male,23.324371,77.355717,19:07,Monday,Rain,Area_B,11.77,38.69,Area_H,0.91,Area_F
MP-2026-04458,P4458,36-45,Male,23.178873,77.391286,11:19,Tuesday,Clear,Area_E,7.7,13.67,Area_E,1.62,Area_E
MP-2026-04459,P4459,56+,Female,23.244919,77.337385,13:31,Sunday,Cloudy,Area_F,5.23,20.97,Area_A,0.6,Area_E
MP-2026-04460,P4460,26-35,Male,23.25334,77.4086,16:44,Wednesday,Clear,Area_B,22.22,20.57,Area_D,5.14,Area_B
MP-2026-04461,P4461,26-35,Female,23.202893,77.342956,19:27,Tuesday,Clear,Area_G,14.07,36.32,Area_H,2.93,Area_H
MP-2026-04462,P4462,18-25,Female,23.076849,77.613913,08:43,Sunday,Clear,Area_A,8.7,58.9,Area_E,0.36,Area_H
MP-2026-04463,P4463,36-45,Male,23.319306,77.343931,15:58,Monday,Clear,Area_B,8.05,17.05,Area_C,6.26,Area_B
MP-2026-04464,P4464,46-55,Male,23.185467,77.340004,20:29,Thursday,Clear,Area_E,5.86,38.91,Area_I,2.55,Area_E
MP-2026-04465,P4465,26-35,Female,23.180762,77.488246,10:34,Tuesday,Fog,Area_B,8.06,13.69,Area_D,1.23,Area_B
MP-2026-04466,P4466,26-35,Male,23.248809,77.33578,17:38,Monday,Rain,Area_B,18.14,60.89,Area_C,6.22,Area_B
MP-2026-04467,P4467,36-45,Female,23.075569,77.618577,02:31,Sunday,Clear,Area_H,8.65,24.78,Area_J,6.97,Area_H
MP-2026-04468,P4468,18-25,Female,23.226472,77.477782,11:03,Tuesday,Cloudy,Area_D,9.09,76.55,Area_B,1.01,Area_E
MP-2026-04469,P4469,26-35,Female,23.244097,77.477728,12:38,Thursday,Rain,Area_F,9.22,40.23,Area_D,0.2,Area_E
MP-2026-04470,P4470,36-45,Female,23.319623,77.41147,18:39,Friday,Fog,Area_A,9.55,24.86,Area_B,7.4,Area_A
MP-2026-04471,P4471,36-45,Other,23.256535,77.335828,19:43,Thursday,Clear,Area_I,28.97,63.21,Area_F,7.23,Area_B
MP-2026-04472,P4472,36-45,Male,23.319194,77.465296,10:54,Wednesday,Rain,Area_C,7.88,6.81,Area_B,1.11,Area_D
MP-2026-04473,P4473,36-45,Female,23.258933,77.407517,15:03,Monday,Clear,Area_E,12.98,23.97,Area_D,4.19,Area_D
MP-2026-04474,P4474,56+,Male,23.169199,77.485799,06:00,Friday,Rain,Area_I,5.51,44.7,Area_B,2.25,Area_C
MP-2026-04475,P4475,18-25,Male,23.31912,77.483062,15:55,Thursday,Cloudy,Area_G,6.13,16.81,Area_D,11.53,Area_B
MP-2026-04476,P4476,18-25,Female,23.177519,77.408447,17:14,Tuesday,Clear,Area_G,30.0,73.18,Area_F,6.88,Area_E
MP-2026-04477,P4477,36-45,Male,23.246122,77.481036,10:25,Monday,Clear,Area_C,8.63,67.93,Area_C,3.41,Area_C
MP-2026-04478,P4478,36-45,Male,23.304356,77.409148,18:32,Tuesday,Clear,Area_D,8.96,40.32,Area_A,9.91,Area_D
MP-2026-04479,P4479,36-45,Female,23.258091,77.477867,19:48,Tuesday,Rain,Area_B,8.91,10.55,Area_A,5.1,Area_B
MP-2026-04480,P4480,46-55,Male,23.070805,77.620929,08:12,Saturday,Cloudy,Area_A,6.94,5.55,Area_E,0.38,Area_E
MP-2026-04481,P4481,36-45,Male,23.242363,77.345132,19:29,Friday,Cloudy,Area_B,5.71,13.4,Area_A,2.09,Area_G
MP-2026-04482,P4482,46-55,Female,23.255968,77.476421,09:31,Thursday,Clear,Area_G,4.02,31.39,Area_H,1.12,Area_C
MP-2026-04483,P4483,46-55,Female,23.325038,77.489682,07:38,Saturday,Clear,Area_E,5.66,29.87,Area_B,0.24,Area_C
MP-2026-04484,P4484,26-35,Female,23.321741,77.414061,08:33,Monday,Cloudy,Area_B,11.35,74.89,Area_E,6.37,Area_G
MP-2026-04485,P4485,26-35,Male,23.175462,77.403069,18:45,Sunday,Clear,Area_A,7.35,17.07,Area_C,9.57,Area_B
MP-2026-04486,P4486,18-25,Female,23.18788,77.406244,20:57,Wednesday,Cloudy,Area_B,18.06,63.17,Area_C,1.04,Area_B
MP-2026-04487,P4487,26-35,Male,23.177648,77.413729,18:48,Monday,Clear,Area_C,20.75,60.5,Area_E,3.42,Area_F
MP-2026-04488,P4488,36-45,Female,23.163112,77.407847,22:45,Sunday,Clear,Area_B,11.22,21.08,Area_B,10.1,Area_F
MP-2026-04489,P4489,36-45,Male,23.172762,77.339311,06:28,Wednesday,Clear,Area_A,4.56,5.09,Area_G,1.31,Area_A
MP-2026-04490,P4490,18-25,Female,23.251883,77.415404,20:36,Friday,Fog,Area_F,18.52,13.55,Area_E,1.18,Area_A
MP-2026-04491,P4491,26-35,Female,23.33723,77.345921,18:30,Wednesday,Clear,Area_F,12.99,65.46,Area_B,9.03,Area_B
MP-2026-04492,P4492,26-35,Other,23.250027,77.405578,08:35,Tuesday,Clear,Area_B,7.55,6.99,Area_F,0.1,Area_C
MP-2026-04493,P4493,36-45,Female,23.177835,77.417485,16:51,Thursday,Clear,Area_A,6.03,14.31,Area_C,1.31,Area_H
MP-2026-04494,P4494,36-45,Male,23.187092,77.483012,19:14,Friday,Clear,Area_C,6.63,14.83,Area_D,1.51,Area_F
MP-2026-04495,P4495,26-35,Male,23.05405,77.600174,13:43,Wednesday,Clear,Area_G,7.04,2.25,Area_J,1.21,Area_J
MP-2026-04496,P4496,18-25,Male,23.181227,77.345056,15:39,Wednesday,Cloudy,Area_E,8.23,24.19,Area_E,8.21,Area_F
MP-2026-04497,P4497,26-35,Other,23.248727,77.406751,19:37,Sunday,Clear,Area_D,19.21,7.75,Area_B,3.72,Area_F
MP-2026-04498,P4498,56+,Male,23.180538,77.402033,18:00,Friday,Rain,Area_F,9.67,24.67,Area_I,19.74,Area_F
MP-2026-04499,P4499,36-45,Male,23.320359,77.347698,17:28,Wednesday,Clear,Area_F,3.87,3.32,Area_D,12.89,Area_A
MP-2026-04500,P4500,18-25,Female,23.309103,77.352838,17:16,Wednesday,Rain,Area_A,19.91,42.39,Area_H,4.16,Area_D
MP-2026-04501,P4501,46-55,Male,23.184445,77.482138,14:04,Wednesday,Clear,Area_B,10.46,55.23,Area_G,6.47,Area_D
MP-2026-04502,P4502,18-25,Female,23.190559,77.421215,12:18,Saturday,Clear,Area_E,16.96,60.13,Area_F,4.47,Area_E
MP-2026-04503,P4503,26-35,Female,23.253549,77.470678,07:47,Thursday,Cloudy,Area_H,15.32,28.61,Area_I,1.93,Area_I
MP-2026-04504,P4504,36-45,Male,23.261461,77.413626,17:24,Thursday,Clear,Area_C,2.19,3.4,Area_B,15.26,Area_C
MP-2026-04505,P4505,46-55,Female,23.242742,77.470902,10:50,Tuesday,Clear,Area_E,5.74,54.88,Area_H,2.43,Area_E
MP-2026-04506,P4506,26-35,Male,23.314539,77.480234,19:42,Wednesday,Clear,Area_A,3.49,16.3,Area_B,2.6,Area_D
MP-2026-04507,P4507,46-55,Male,23.316935,77.402491,09:54,Sunday,Rain,Area_B,18.21,51.0,Area_C,2.17,Area_F
MP-2026-04508,P4508,18-25,Female,23.182765,77.329144,13:14,Saturday,Clear,Area_F,5.27,12.71,Area_D,1.32,Area_E
MP-2026-04509,P4509,56+,Other,23.26599,77.407966,10:20,Monday,Clear,Area_I,12.57,8.61,Area_F,7.77,Area_C
MP-2026-04510,P4510,26-35,Female,23.240573,77.403076,10:13,Monday,Clear,Area_B,14.61,23.36,Area_C,4.02,Area_F
MP-2026-04511,P4511,56+,Female,23.259864,77.420557,20:56,Wednesday,Clear,Area_J,12.32,38.23,Area_F,9.08,Area_B
MP-2026-04512,P4512,36-45,Male,23.261674,77.485047,05:23,Sunday,Cloudy,Area_J,15.38,3.8,Area_J,1.79,Area_I
MP-2026-04513,P4513,36-45,Male,23.184561,77.327486,14:20,Monday,Fog,Area_H,10.7,76.58,Area_H,2.3,Area_E
MP-2026-04514,P4514,56+,Female,23.184201,77.404851,14:14,Thursday,Cloudy,Area_B,11.33,12.46,Area_D,2.38,Area_B
MP-2026-04515,P4515,26-35,Male,23.249494,77.341328,09:40,Wednesday,Clear,Area_G,5.86,63.2,Area_I,14.98,Area_E
MP-2026-04516,P4516,46-55,Male,23.246941,77.337994,14:22,Wednesday,Clear,Area_D,8.92,32.32,Area_H,11.76,Area_D
MP-2026-04517,P4517,36-45,Other,23.248866,77.330646,10:03,Tuesday,Cloudy,Area_B,7.45,37.51,Area_G,4.53,Area_E
MP-2026-04518,P4518,46-55,Female,23.165127,77.482909,19:45,Saturday,Clear,Area_G,13.21,51.6,Area_H,10.67,Area_I
MP-2026-04519,P4519,46-55,Male,23.231165,77.471972,06:21,Tuesday,Cloudy,Area_E,15.37,2.07,Area_I,9.43,Area_H
MP-2026-04520,P4520,46-55,Female,23.181266,77.481089,20:50,Wednesday,Clear,Area_D,9.06,14.87,Area_A,0.45,Area_B
MP-2026-04521,P4521,18-25,Male,23.242361,77.335827,19:54,Wednesday,Rain,Area_C,8.07,13.44,Area_B,0.4,Area_C
MP-2026-04522,P4522,26-35,Female,23.221107,77.345764,19:47,Tuesday,Clear,Area_H,12.34,52.28,Area_A,2.65,Area_B
MP-2026-04523,P4523,26-35,Male,23.312824,77.337743,04:09,Tuesday,Cloudy,Area_E,6.4,12.45,Area_H,2.01,Area_D
MP-2026-04524,P4524,56+,Male,23.232547,77.348327,19:00,Wednesday,Clear,Area_C,6.01,9.74,Area_I,4.44,Area_H
MP-2026-04525,P4525,26-35,Female,23.309396,77.416696,09:50,Saturday,Clear,Area_A,5.53,11.32,Area_C,1.04,Area_A
MP-2026-04526,P4526,18-25,Female,23.234533,77.484252,08:24,Thursday,Clear,Area_F,7.01,5.74,Area_E,8.0,Area_E
MP-2026-04527,P4527,26-35,Male,23.256335,77.405789,19:40,Wednesday,Rain,Area_B,20.15,63.91,Area_A,13.84,Area_B
MP-2026-04528,P4528,56+,Male,23.199684,77.474676,12:27,Tuesday,Clear,Area_A,5.27,4.9,Area_A,3.1,Area_E
MP-2026-04529,P4529,26-35,Female,23.242169,77.317372,23:02,Sunday,Rain,Area_D,10.24,39.38,Area_D,2.57,Area_D
MP-2026-04530,P4530,26-35,Male,23.179741,77.410809,19:18,Friday,Clear,Area_B,6.47,74.75,Area_F,3.33,Area_C
MP-2026-04531,P4531,56+,Male,23.236743,77.346381,18:24,Tuesday,Cloudy,Area_F,6.34,27.24,Area_B,0.1,Area_E
MP-2026-04532,P4532,46-55,Female,23.068325,77.620689,18:32,Sunday,Clear,Area_J,7.17,10.87,Area_J,7.59,Area_J
MP-2026-04533,P4533,36-45,Other,23.325015,77.484443,07:54,Thursday,Clear,Area_A,9.81,3.38,Area_B,9.81,Area_F
MP-2026-04534,P4534,26-35,Female,23.32816,77.469877,13:27,Tuesday,Clear,Area_C,17.81,74.38,Area_H,3.31,Area_F
MP-2026-04535,P4535,18-25,Male,23.189387,77.493722,09:36,Friday,Clear,Area_H,10.36,3.65,Area_G,11.44,Area_H
MP-2026-04536,P4536,36-45,Female,23.247851,77.343967,19:32,Tuesday,Rain,Area_F,4.0,47.07,Area_J,11.52,Area_F
MP-2026-04537,P4537,18-25,Female,23.186533,77.417278,21:41,Saturday,Cloudy,Area_D,10.96,3.05,Area_G,1.71,Area_D
MP-2026-04538,P4538,36-45,Male,23.183343,77.402367,10:45,Friday,Cloudy,Area_B,4.12,7.76,Area_G,2.5,Area_H
MP-2026-04539,P4539,18-25,Male,23.172153,77.340787,21:08,Wednesday,Clear,Area_C,11.72,52.85,Area_E,0.16,Area_H
MP-2026-04540,P4540,36-45,Female,23.243864,77.48826,10:42,Thursday,Rain,Area_D,5.46,73.06,Area_B,6.36,Area_F
MP-2026-04541,P4541,26-35,Male,23.312731,77.476812,16:54,Saturday,Cloudy,Area_A,9.46,14.73,Area_I,5.74,Area_C
MP-2026-04542,P4542,26-35,Female,23.25593,77.466628,07:14,Friday,Rain,Area_I,6.17,3.22,Area_J,1.35,Area_E
MP-2026-04543,P4543,36-45,Female,23.195901,77.406664,21:41,Monday,Rain,Area_D,7.5,73.65,Area_A,4.2,Area_D
MP-2026-04544,P4544,46-55,Male,23.235948,77.333339,06:42,Saturday,Cloudy,Area_D,9.95,24.89,Area_A,1.57,Area_A
MP-2026-04545,P4545,18-25,Female,23.17706,77.411037,05:42,Tuesday,Rain,Area_I,6.87,3.03,Area_H,1.8,Area_I
MP-2026-04546,P4546,26-35,Male,23.175545,77.479359,00:25,Tuesday,Clear,Area_F,21.15,33.55,Area_I,3.44,Area_H
MP-2026-04547,P4547,56+,Female,23.265335,77.409454,12:22,Thursday,Cloudy,Area_C,7.98,9.11,Area_H,8.13,Area_E
MP-2026-04548,P4548,18-25,Male,23.320045,77.345874,17:53,Saturday,Clear,Area_C,12.88,44.87,Area_B,2.22,Area_B
MP-2026-04549,P4549,56+,Female,23.250551,77.492436,19:38,Monday,Cloudy,Area_B,3.65,72.39,Area_B,3.55,Area_B
MP-2026-04550,P4550,46-55,Female,23.172754,77.497694,16:03,Monday,Clear,Area_A,8.66,17.71,Area_B,2.03,Area_F
MP-2026-04551,P4551,26-35,Male,23.181511,77.354212,05:47,Wednesday,Cloudy,Area_G,19.05,21.53,Area_G,2.06,Area_H
MP-2026-04552,P4552,26-35,Female,23.312946,77.345084,11:27,Monday,Rain,Area_A,7.85,15.84,Area_D,0.21,Area_A
MP-2026-04553,P4553,56+,Female,23.243526,77.348017,06:17,Friday,Clear,Area_G,12.13,25.82,Area_I,2.32,Area_E
MP-2026-04554,P4554,46-55,Female,23.25021,77.409799,17:02,Saturday,Cloudy,Area_F,8.63,30.78,Area_D,7.14,Area_C
MP-2026-04555,P4555,26-35,Female,23.321342,77.474145,21:22,Monday,Clear,Area_A,14.21,64.95,Area_B,5.39,Area_B
MP-2026-04556,P4556,56+,Male,23.248226,77.423456,08:15,Monday,Rain,Area_G,10.4,29.61,Area_H,0.1,Area_G
MP-2026-04557,P4557,18-25,Male,23.310488,77.33641,16:31,Tuesday,Clear,Area_A,9.07,32.23,Area_D,2.18,Area_A
MP-2026-04558,P4558,36-45,Male,23.258789,77.477366,07:13,Tuesday,Cloudy,Area_F,9.65,6.47,Area_C,3.94,Area_B
MP-2026-04559,P4559,18-25,Male,23.247008,77.338148,07:07,Thursday,Cloudy,Area_I,21.76,28.03,Area_H,0.57,Area_I
MP-2026-04560,P4560,46-55,Female,23.256783,77.4899,14:05,Monday,Clear,Area_B,13.82,67.06,Area_A,1.27,Area_C
MP-2026-04561,P4561,26-35,Female,23.167922,77.46876,15:11,Monday,Clear,Area_I,21.97,28.01,Area_E,9.3,Area_F
MP-2026-04562,P4562,26-35,Male,23.275192,77.414647,16:58,Saturday,Clear,Area_E,19.03,39.87,Area_D,0.7,Area_H
MP-2026-04563,P4563,46-55,Male,23.322871,77.494261,17:40,Saturday,Clear,Area_C,12.65,20.31,Area_F,8.01,Area_C
MP-2026-04564,P4564,36-45,Female,23.244551,77.335682,10:35,Sunday,Clear,Area_G,14.85,20.26,Area_G,7.77,Area_G
MP-2026-04565,P4565,36-45,Male,23.239529,77.404198,07:50,Friday,Rain,Area_J,13.98,10.09,Area_E,0.1,Area_D
MP-2026-04566,P4566,36-45,Female,23.17496,77.348493,17:46,Monday,Rain,Area_B,11.61,46.45,Area_E,1.86,Area_E
MP-2026-04567,P4567,18-25,Female,23.18154,77.342572,11:39,Wednesday,Cloudy,Area_D,12.67,51.85,Area_H,3.74,Area_G
MP-2026-04568,P4568,18-25,Female,23.260473,77.47641,20:31,Thursday,Clear,Area_C,14.4,24.05,Area_C,1.4,Area_F
MP-2026-04569,P4569,18-25,Male,23.180652,77.327067,07:23,Friday,Clear,Area_B,4.63,39.75,Area_I,3.15,Area_G
MP-2026-04570,P4570,56+,Female,23.30872,77.482088,14:41,Friday,Clear,Area_B,4.23,36.42,Area_B,1.26,Area_C
MP-2026-04571,P4571,26-35,Other,23.252911,77.407697,09:13,Tuesday,Fog,Area_C,4.87,77.0,Area_F,0.43,Area_E
MP-2026-04572,P4572,26-35,Female,23.257053,77.435888,06:55,Sunday,Rain,Area_A,11.68,41.59,Area_F,6.51,Area_A
MP-2026-04573,P4573,46-55,Male,23.319188,77.341579,15:17,Wednesday,Clear,Area_E,7.54,72.83,Area_E,2.36,Area_E
MP-2026-04574,P4574,56+,Female,23.332309,77.409869,18:30,Tuesday,Clear,Area_C,5.31,12.51,Area_C,2.4,Area_E
MP-2026-04575,P4575,56+,Female,23.252866,77.395079,09:47,Friday,Clear,Area_E,6.91,22.33,Area_I,2.48,Area_E
MP-2026-04576,P4576,56+,Female,23.237668,77.47809,09:41,Monday,Clear,Area_B,5.12,11.1,Area_H,1.36,Area_E
MP-2026-04577,P4577,36-45,Male,23.319814,77.427317,19:59,Monday,Clear,Area_A,11.73,53.7,Area_B,2.47,Area_B
MP-2026-04578,P4578,26-35,Female,23.164816,77.352552,10:59,Friday,Clear,Area_E,8.55,67.61,Area_D,7.24,Area_E
MP-2026-04579,P4579,26-35,Female,23.248592,77.406428,16:27,Monday,Rain,Area_A,14.38,52.04,Area_H,6.18,Area_D
MP-2026-04580,P4580,36-45,Male,23.297688,77.415682,19:58,Sunday,Fog,Area_B,4.24,48.74,Area_F,5.9,Area_E
MP-2026-04581,P4581,26-35,Female,23.245945,77.406483,15:32,Friday,Clear,Area_G,8.81,8.28,Area_B,3.9,Area_C
MP-2026-04582,P4582,36-45,Male,23.22542,77.338619,19:42,Friday,Cloudy,Area_D,14.1,66.38,Area_E,0.84,Area_D
MP-2026-04583,P4583,36-45,Female,23.317122,77.341689,17:41,Monday,Rain,Area_C,15.91,36.56,Area_B,0.49,Area_B
MP-2026-04584,P4584,26-35,Other,23.169547,77.425677,05:18,Thursday,Clear,Area_A,27.29,11.04,Area_G,0.9,Area_G
MP-2026-04585,P4585,46-55,Male,23.321351,77.406282,13:51,Friday,Rain,Area_D,9.89,8.58,Area_C,8.28,Area_E
MP-2026-04586,P4586,56+,Male,23.189181,77.410034,01:57,Thursday,Clear,Area_A,6.59,30.75,Area_D,0.79,Area_A
MP-2026-04587,P4587,26-35,Other,23.180455,77.459262,13:51,Wednesday,Clear,Area_F,12.25,73.88,Area_I,3.68,Area_I
MP-2026-04588,P4588,56+,Female,23.176515,77.419659,19:01,Sunday,Clear,Area_G,9.09,21.37,Area_G,2.89,Area_G
MP-2026-04589,P4589,18-25,Female,23.250513,77.423984,11:43,Saturday,Clear,Area_D,12.54,47.24,Area_G,0.25,Area_D
MP-2026-04590,P4590,46-55,Female,23.321827,77.485484,09:05,Sunday,Rain,Area_B,7.6,3.18,Area_B,2.24,Area_A
MP-2026-04591,P4591,26-35,Male,23.319678,77.473384,08:03,Saturday,Cloudy,Area_C,12.35,20.06,Area_A,5.88,Area_C
MP-2026-04592,P4592,36-45,Male,23.172057,77.40945,20:48,Saturday,Rain,Area_A,13.82,10.15,Area_E,0.1,Area_D
MP-2026-04593,P4593,18-25,Female,23.310568,77.41379,16:19,Tuesday,Clear,Area_D,19.58,55.6,Area_G,18.94,Area_D
MP-2026-04594,P4594,26-35,Female,23.325928,77.490602,07:17,Wednesday,Clear,Area_F,2.8,7.31,Area_A,3.1,Area_E
MP-2026-04595,P4595,26-35,Female,23.309353,77.33346,05:25,Friday,Cloudy,Area_E,9.0,79.31,Area_E,6.0,Area_D
MP-2026-04596,P4596,56+,Other,23.161206,77.487861,10:38,Friday,Clear,Area_H,15.76,76.03,Area_C,3.8,Area_B
MP-2026-04597,P4597,36-45,Male,23.248569,77.424147,13:11,Friday,Clear,Area_C,20.5,47.54,Area_A,8.07,Area_B
MP-2026-04598,P4598,46-55,Male,23.196272,77.492201,08:45,Friday,Clear,Area_A,13.51,5.96,Area_D,2.73,Area_I
MP-2026-04599,P4599,26-35,Female,23.255276,77.425146,20:32,Saturday,Clear,Area_I,12.06,17.69,Area_I,4.12,Area_F
MP-2026-04600,P4600,36-45,Female,23.321988,77.470426,18:39,Monday,Clear,Area_A,5.92,3.96,Area_B,2.97,Area_F
MP-2026-04601,P4601,36-45,Male,23.177439,77.342926,12:36,Monday,Clear,Area_E,16.79,39.21,Area_G,0.18,Area_I
MP-2026-04602,P4602,36-45,Male,23.250408,77.475738,13:11,Wednesday,Clear,Area_D,6.27,8.82,Area_B,4.91,Area_E
MP-2026-04603,P4603,18-25,Female,23.309309,77.40015,18:07,Sunday,Rain,Area_A,6.57,17.7,Area_F,0.73,Area_B
MP-2026-04604,P4604,18-25,Female,23.323726,77.35243,15:25,Sunday,Clear,Area_A,5.41,51.09,Area_G,0.1,Area_B
MP-2026-04605,P4605,36-45,Female,23.259538,77.335232,09:49,Saturday,Cloudy,Area_B,8.28,20.94,Area_A,2.27,Area_E
MP-2026-04606,P4606,26-35,Male,23.254493,77.430526,13:59,Tuesday,Cloudy,Area_A,5.86,20.37,Area_D,10.82,Area_C
MP-2026-04607,P4607,36-45,Female,23.25397,77.483834,08:55,Monday,Clear,Area_E,5.86,70.41,Area_E,0.81,Area_H
MP-2026-04608,P4608,46-55,Male,23.319079,77.408696,18:48,Thursday,Cloudy,Area_A,5.35,39.71,Area_B,11.43,Area_C
MP-2026-04609,P4609,26-35,Female,23.252494,77.408377,19:22,Friday,Rain,Area_I,16.95,10.45,Area_H,9.64,Area_I
MP-2026-04610,P4610,18-25,Female,23.264362,77.408581,12:00,Sunday,Clear,Area_A,22.41,22.34,Area_G,9.1,Area_A
MP-2026-04611,P4611,26-35,Other,23.320411,77.40887,18:45,Monday,Clear,Area_H,30.0,36.61,Area_A,5.19,Area_D
MP-2026-04612,P4612,36-45,Male,23.311881,77.480318,12:20,Tuesday,Clear,Area_A,7.61,56.51,Area_E,1.01,Area_A
MP-2026-04613,P4613,26-35,Male,23.191829,77.343629,14:18,Thursday,Clear,Area_C,20.11,44.69,Area_E,0.22,Area_H
MP-2026-04614,P4614,18-25,Female,23.311473,77.408629,14:39,Saturday,Clear,Area_A,16.52,18.43,Area_B,1.46,Area_E
MP-2026-04615,P4615,36-45,Female,23.243136,77.47963,17:37,Thursday,Cloudy,Area_D,15.93,60.68,Area_G,8.24,Area_D
MP-2026-04616,P4616,46-55,Female,23.194553,77.399031,18:34,Friday,Clear,Area_H,7.67,3.44,Area_E,0.32,Area_D
MP-2026-04617,P4617,26-35,Male,23.191854,77.426542,20:15,Tuesday,Cloudy,Area_H,11.14,70.01,Area_I,11.65,Area_H
MP-2026-04618,P4618,18-25,Female,23.258815,77.412651,10:03,Sunday,Rain,Area_H,18.52,28.11,Area_G,2.94,Area_H
MP-2026-04619,P4619,36-45,Other,23.323242,77.410269,07:18,Wednesday,Rain,Area_B,5.97,12.48,Area_H,0.18,Area_D
MP-2026-04620,P4620,56+,Female,23.249074,77.416132,10:30,Tuesday,Clear,Area_E,14.04,67.43,Area_B,2.15,Area_E
MP-2026-04621,P4621,18-25,Male,23.168822,77.323713,18:51,Friday,Clear,Area_D,9.21,8.24,Area_D,1.73,Area_D
MP-2026-04622,P4622,36-45,Female,23.177317,77.399294,17:44,Sunday,Clear,Area_D,12.04,34.88,Area_G,12.21,Area_H
MP-2026-04623,P4623,18-25,Female,23.181872,77.405811,11:11,Wednesday,Clear,Area_D,5.06,13.31,Area_D,11.75,Area_D
MP-2026-04624,P4624,26-35,Female,23.327492,77.465736,08:37,Tuesday,Fog,Area_A,11.15,57.07,Area_B,1.6,Area_C
MP-2026-04625,P4625,36-45,Female,23.318385,77.496893,23:39,Saturday,Fog,Area_A,9.58,33.42,Area_C,3.61,Area_B
MP-2026-04626,P4626,36-45,Male,23.181796,77.41698,00:34,Sunday,Clear,Area_E,4.82,55.56,Area_G,1.15,Area_E
MP-2026-04627,P4627,36-45,Female,23.177028,77.498855,12:39,Friday,Cloudy,Area_A,10.6,4.56,Area_B,0.96,Area_D
MP-2026-04628,P4628,56+,Female,23.258811,77.406868,12:40,Saturday,Clear,Area_H,6.82,6.97,Area_C,6.8,Area_E
MP-2026-04629,P4629,56+,Male,23.245458,77.360932,16:19,Monday,Clear,Area_C,2.58,1.83,Area_F,4.78,Area_C
MP-2026-04630,P4630,46-55,Male,23.18801,77.493521,15:09,Saturday,Rain,Area_D,6.63,38.76,Area_B,4.55,Area_E
MP-2026-04631,P4631,56+,Other,23.304346,77.494216,13:14,Saturday,Clear,Area_A,6.71,68.93,Area_B,0.96,Area_A
MP-2026-04632,P4632,36-45,Male,23.326979,77.407205,09:26,Sunday,Cloudy,Area_C,30.0,34.11,Area_F,1.52,Area_E
MP-2026-04633,P4633,26-35,Female,23.329378,77.413636,14:05,Sunday,Clear,Area_G,11.35,33.13,Area_A,9.07,Area_D
MP-2026-04634,P4634,36-45,Male,23.252193,77.415933,13:57,Thursday,Clear,Area_A,12.29,20.28,Area_D,0.19,Area_E
MP-2026-04635,P4635,18-25,Female,23.186308,77.419923,16:53,Monday,Clear,Area_F,14.64,68.34,Area_I,1.87,Area_H
MP-2026-04636,P4636,18-25,Male,23.237518,77.473332,15:00,Sunday,Cloudy,Area_B,16.88,25.52,Area_C,4.65,Area_F
MP-2026-04637,P4637,36-45,Female,23.168159,77.35324,08:10,Sunday,Cloudy,Area_C,9.71,79.31,Area_A,22.94,Area_H
MP-2026-04638,P4638,26-35,Female,23.241744,77.395498,09:29,Saturday,Clear,Area_G,8.63,21.07,Area_F,1.65,Area_F
MP-2026-04639,P4639,46-55,Male,23.166509,77.411204,20:55,Tuesday,Clear,Area_D,4.01,13.55,Area_H,1.71,Area_D
MP-2026-04640,P4640,18-25,Male,23.327284,77.350233,19:25,Wednesday,Clear,Area_E,9.6,21.88,Area_D,1.22,Area_B
MP-2026-04641,P4641,18-25,Female,23.177132,77.409123,12:16,Thursday,Clear,Area_A,9.15,62.69,Area_E,0.41,Area_D
MP-2026-04642,P4642,36-45,Male,23.168963,77.344926,12:38,Sunday,Clear,Area_C,9.37,23.01,Area_B,0.24,Area_E
MP-2026-04643,P4643,18-25,Other,23.242266,77.386015,20:39,Tuesday,Clear,Area_B,8.78,55.82,Area_E,0.25,Area_H
MP-2026-04644,P4644,56+,Male,23.316212,77.336589,03:00,Monday,Fog,Area_C,8.3,2.6,Area_B,1.33,Area_G
MP-2026-04645,P4645,26-35,Male,23.337224,77.412533,15:24,Tuesday,Clear,Area_G,7.84,22.1,Area_E,2.66,Area_G
MP-2026-04646,P4646,18-25,Female,23.187185,77.473354,17:06,Wednesday,Clear,Area_I,6.68,15.41,Area_E,4.02,Area_H
MP-2026-04647,P4647,26-35,Male,23.245262,77.458107,13:43,Monday,Clear,Area_I,22.08,7.57,Area_I,2.11,Area_I
MP-2026-04648,P4648,26-35,Male,23.18693,77.418752,01:03,Monday,Clear,Area_B,5.01,33.01,Area_F,8.42,Area_J
MP-2026-04649,P4649,46-55,Female,23.241544,77.48372,08:56,Monday,Cloudy,Area_F,29.89,8.52,Area_I,1.35,Area_E
MP-2026-04650,P4650,56+,Female,23.250312,77.485509,08:34,Sunday,Clear,Area_C,21.35,52.02,Area_E,0.43,Area_C
MP-2026-04651,P4651,36-45,Female,23.321613,77.415782,18:39,Sunday,Clear,Area_F,12.99,67.47,Area_E,1.31,Area_F
MP-2026-04652,P4652,36-45,Male,23.180231,77.331674,17:36,Wednesday,Clear,Area_F,10.1,14.89,Area_I,0.43,Area_F
MP-2026-04653,P4653,18-25,Female,23.244297,77.324654,11:47,Wednesday,Cloudy,Area_I,14.61,9.74,Area_G,5.96,Area_I
MP-2026-04654,P4654,46-55,Female,23.177027,77.419624,20:59,Sunday,Cloudy,Area_A,15.0,35.8,Area_H,1.48,Area_F
MP-2026-04655,P4655,36-45,Female,23.313278,77.351108,15:34,Sunday,Clear,Area_H,19.74,58.89,Area_I,1.07,Area_I
MP-2026-04656,P4656,26-35,Male,23.318359,77.341202,14:57,Friday,Clear,Area_F,5.82,5.07,Area_A,0.75,Area_E
MP-2026-04657,P4657,56+,Female,23.200898,77.342097,21:21,Tuesday,Cloudy,Area_E,4.13,40.05,Area_E,5.97,Area_H
MP-2026-04658,P4658,36-45,Female,23.251329,77.343271,15:04,Saturday,Rain,Area_B,5.45,39.69,Area_A,18.38,Area_E
MP-2026-04659,P4659,18-25,Male,23.307672,77.346384,09:37,Wednesday,Clear,Area_D,9.57,1.79,Area_F,21.83,Area_A
MP-2026-04660,P4660,26-35,Male,23.257528,77.406816,14:27,Friday,Clear,Area_A,15.36,57.79,Area_G,3.04,Area_E
MP-2026-04661,P4661,26-35,Female,23.172685,77.471095,11:47,Thursday,Clear,Area_J,16.68,66.31,Area_J,15.91,Area_J
MP-2026-04662,P4662,26-35,Male,23.239991,77.340032,12:39,Thursday,Fog,Area_E,5.65,28.52,Area_E,0.29,Area_G
MP-2026-04663,P4663,36-45,Male,23.319626,77.405599,07:31,Tuesday,Cloudy,Area_F,8.39,32.66,Area_B,0.32,Area_F
MP-2026-04664,P4664,26-35,Male,23.309157,77.334907,11:36,Sunday,Rain,Area_H,4.09,16.67,Area_F,0.17,Area_A
MP-2026-04665,P4665,18-25,Female,23.250491,77.433264,22:57,Tuesday,Clear,Area_E,3.99,5.51,Area_D,2.91,Area_E
MP-2026-04666,P4666,46-55,Female,23.299394,77.421008,21:05,Tuesday,Clear,Area_A,4.06,7.27,Area_F,1.47,Area_E
MP-2026-04667,P4667,18-25,Female,23.173632,77.348058,17:45,Thursday,Rain,Area_C,3.92,5.38,Area_F,2.52,Area_D
MP-2026-04668,P4668,18-25,Female,23.237174,77.33288,22:00,Tuesday,Clear,Area_G,6.69,50.05,Area_B,5.5,Area_G
MP-2026-04669,P4669,18-25,Male,23.336987,77.416615,20:32,Wednesday,Cloudy,Area_H,20.56,78.9,Area_E,1.48,Area_H
MP-2026-04670,P4670,36-45,Female,23.244222,77.478588,14:23,Saturday,Clear,Area_A,8.53,10.97,Area_D,6.46,Area_F
MP-2026-04671,P4671,18-25,Male,23.248137,77.329535,07:27,Tuesday,Clear,Area_A,11.66,27.32,Area_B,2.76,Area_D
MP-2026-04672,P4672,56+,Male,23.2347,77.338526,09:42,Friday,Clear,Area_E,6.56,13.95,Area_F,1.77,Area_E
MP-2026-04673,P4673,36-45,Male,23.269964,77.404953,12:29,Sunday,Rain,Area_F,11.55,32.4,Area_I,0.95,Area_E
MP-2026-04674,P4674,26-35,Female,23.18431,77.475555,08:35,Tuesday,Clear,Area_H,7.46,7.08,Area_G,12.74,Area_D
MP-2026-04675,P4675,26-35,Male,23.186148,77.337448,08:05,Sunday,Fog,Area_D,9.4,65.92,Area_G,3.71,Area_D
MP-2026-04676,P4676,56+,Female,23.237369,77.40064,19:20,Wednesday,Cloudy,Area_D,8.79,49.71,Area_D,13.49,Area_B
MP-2026-04677,P4677,18-25,Male,23.246801,77.412046,12:30,Sunday,Cloudy,Area_F,7.54,32.61,Area_F,2.14,Area_C
MP-2026-04678,P4678,46-55,Female,23.171374,77.491294,19:42,Saturday,Cloudy,Area_F,19.8,15.01,Area_H,1.49,Area_H
MP-2026-04679,P4679,46-55,Male,23.235812,77.412615,07:01,Friday,Clear,Area_B,9.17,60.71,Area_G,0.1,Area_B
MP-2026-04680,P4680,18-25,Other,23.247213,77.332682,18:34,Monday,Clear,Area_A,20.97,5.79,Area_G,1.46,Area_G
MP-2026-04681,P4681,18-25,Female,23.316879,77.464407,06:29,Friday,Cloudy,Area_E,7.56,23.58,Area_H,22.3,Area_D
MP-2026-04682,P4682,26-35,Female,23.244511,77.400616,11:56,Friday,Rain,Area_C,4.7,8.54,Area_F,6.19,Area_C
MP-2026-04683,P4683,46-55,Male,23.189266,77.40925,14:07,Thursday,Clear,Area_E,8.65,15.28,Area_F,22.56,Area_E
MP-2026-04684,P4684,18-25,Male,23.179598,77.419165,09:07,Wednesday,Clear,Area_D,6.43,8.29,Area_D,6.41,Area_E
MP-2026-04685,P4685,18-25,Female,23.242485,77.480001,08:46,Saturday,Cloudy,Area_H,9.56,40.21,Area_I,4.85,Area_I
MP-2026-04686,P4686,36-45,Female,23.251282,77.336831,12:46,Monday,Fog,Area_C,16.03,78.86,Area_A,0.27,Area_E
MP-2026-04687,P4687,18-25,Female,23.228186,77.391221,12:47,Sunday,Rain,Area_A,10.33,78.66,Area_B,2.16,Area_E
MP-2026-04688,P4688,18-25,Male,23.31712,77.330972,17:41,Tuesday,Cloudy,Area_E,18.71,20.55,Area_A,4.8,Area_B
MP-2026-04689,P4689,26-35,Female,23.190539,77.470683,10:13,Tuesday,Clear,Area_H,11.62,51.68,Area_E,0.1,Area_H
MP-2026-04690,P4690,26-35,Female,23.236219,77.414279,11:25,Saturday,Clear,Area_B,16.46,44.98,Area_E,0.33,Area_E
MP-2026-04691,P4691,46-55,Female,23.253294,77.411209,19:23,Wednesday,Cloudy,Area_F,7.66,41.95,Area_I,3.35,Area_F
MP-2026-04692,P4692,26-35,Male,23.310427,77.410349,18:28,Wednesday,Clear,Area_E,9.36,20.32,Area_E,4.46,Area_B
MP-2026-04693,P4693,36-45,Male,23.330489,77.412426,22:06,Sunday,Clear,Area_A,4.61,6.26,Area_C,2.7,Area_F
MP-2026-04694,P4694,36-45,Male,23.314752,77.411787,20:26,Friday,Clear,Area_A,11.78,46.27,Area_E,6.63,Area_F
MP-2026-04695,P4695,18-25,Female,23.183721,77.339058,06:51,Sunday,Cloudy,Area_A,30.0,63.42,Area_H,0.1,Area_G
MP-2026-04696,P4696,18-25,Female,23.314586,77.409548,21:52,Sunday,Cloudy,Area_F,9.11,22.97,Area_B,8.57,Area_C
MP-2026-04697,P4697,36-45,Male,23.309533,77.408556,14:45,Friday,Cloudy,Area_H,19.57,20.1,Area_H,0.16,Area_E
MP-2026-04698,P4698,18-25,Male,23.166383,77.482483,07:36,Sunday,Clear,Area_A,12.63,52.87,Area_D,2.05,Area_B
MP-2026-04699,P4699,18-25,Other,23.259595,77.422881,17:19,Saturday,Rain,Area_E,17.51,28.2,Area_F,0.1,Area_F
MP-2026-04700,P4700,36-45,Female,23.247529,77.330815,16:17,Friday,Fog,Area_G,8.78,12.44,Area_G,2.37,Area_D
MP-2026-04701,P4701,56+,Other,23.321821,77.407696,19:36,Thursday,Clear,Area_F,7.11,74.72,Area_I,1.27,Area_C
MP-2026-04702,P4702,36-45,Male,23.246292,77.398114,08:32,Saturday,Cloudy,Area_G,11.39,42.09,Area_H,3.74,Area_G
MP-2026-04703,P4703,36-45,Female,23.242877,77.412811,18:18,Sunday,Clear,Area_G,12.28,63.84,Area_A,2.99,Area_F
MP-2026-04704,P4704,18-25,Other,23.229722,77.483598,17:17,Wednesday,Fog,Area_F,8.58,10.14,Area_E,3.88,Area_I
MP-2026-04705,P4705,56+,Other,23.329413,77.3364,13:24,Thursday,Clear,Area_B,11.01,24.0,Area_B,2.04,Area_D
MP-2026-04706,P4706,36-45,Male,23.245834,77.404232,10:11,Monday,Clear,Area_A,7.22,65.52,Area_E,0.98,Area_D
MP-2026-04707,P4707,26-35,Male,23.259949,77.351428,23:52,Thursday,Clear,Area_E,8.66,14.18,Area_A,5.97,Area_E
MP-2026-04708,P4708,18-25,Female,23.243918,77.340277,20:21,Sunday,Clear,Area_H,30.0,74.83,Area_F,1.43,Area_H
MP-2026-04709,P4709,36-45,Female,23.346295,77.491364,18:08,Friday,Cloudy,Area_B,9.86,31.22,Area_F,1.33,Area_C
MP-2026-04710,P4710,18-25,Female,23.255483,77.488175,11:32,Monday,Clear,Area_D,7.29,12.64,Area_H,0.1,Area_C
MP-2026-04711,P4711,46-55,Male,23.336839,77.339088,10:09,Saturday,Cloudy,Area_C,5.81,23.44,Area_E,0.96,Area_B
MP-2026-04712,P4712,36-45,Male,23.249336,77.333863,16:01,Tuesday,Fog,Area_A,14.94,35.94,Area_F,2.47,Area_B
MP-2026-04713,P4713,56+,Female,23.322812,77.422806,20:06,Monday,Cloudy,Area_D,12.12,47.59,Area_A,1.85,Area_C
MP-2026-04714,P4714,18-25,Female,23.242366,77.360953,17:52,Sunday,Clear,Area_A,4.87,23.3,Area_B,13.57,Area_E
MP-2026-04715,P4715,36-45,Female,23.321688,77.332937,17:27,Friday,Clear,Area_A,9.93,13.14,Area_E,7.65,Area_A
MP-2026-04716,P4716,56+,Female,23.308611,77.475964,22:28,Wednesday,Clear,Area_A,24.4,71.25,Area_F,0.52,Area_E
MP-2026-04717,P4717,18-25,Female,23.24996,77.41566,10:08,Thursday,Cloudy,Area_H,27.47,9.65,Area_D,0.13,Area_E
MP-2026-04718,P4718,46-55,Female,23.184044,77.475828,23:50,Saturday,Clear,Area_J,5.88,34.68,Area_H,2.03,Area_I
MP-2026-04719,P4719,36-45,Female,23.312937,77.408733,11:25,Friday,Rain,Area_D,7.54,69.53,Area_C,2.25,Area_B
MP-2026-04720,P4720,18-25,Female,23.26391,77.477257,08:26,Wednesday,Rain,Area_E,18.34,24.77,Area_A,1.59,Area_E
MP-2026-04721,P4721,18-25,Female,23.324284,77.414587,01:00,Saturday,Rain,Area_A,10.93,2.88,Area_C,14.14,Area_C
MP-2026-04722,P4722,36-45,Female,23.251599,77.474077,17:08,Tuesday,Clear,Area_E,3.35,21.12,Area_C,19.41,Area_C
MP-2026-04723,P4723,18-25,Male,23.175801,77.485335,21:03,Monday,Clear,Area_C,8.94,39.11,Area_A,3.7,Area_G
MP-2026-04724,P4724,18-25,Male,23.185036,77.398756,15:26,Saturday,Clear,Area_H,6.17,52.81,Area_G,7.36,Area_H
MP-2026-04725,P4725,36-45,Female,23.191411,77.48357,08:21,Tuesday,Clear,Area_A,6.79,16.82,Area_E,4.94,Area_G
MP-2026-04726,P4726,26-35,Male,23.243988,77.335511,17:54,Sunday,Clear,Area_A,4.78,1.68,Area_C,8.99,Area_B
MP-2026-04727,P4727,56+,Male,23.314879,77.415703,13:50,Sunday,Clear,Area_B,4.37,12.22,Area_F,1.58,Area_C
MP-2026-04728,P4728,36-45,Male,23.178069,77.340522,19:28,Thursday,Fog,Area_B,2.95,6.52,Area_D,3.99,Area_G
MP-2026-04729,P4729,36-45,Female,23.239435,77.341202,09:34,Monday,Clear,Area_E,21.69,76.0,Area_E,4.5,Area_D
MP-2026-04730,P4730,56+,Female,23.25325,77.476929,17:49,Friday,Clear,Area_F,7.05,23.4,Area_I,4.79,Area_H
MP-2026-04731,P4731,26-35,Female,23.160684,77.339588,07:05,Friday,Clear,Area_C,11.74,24.78,Area_I,14.11,Area_D
MP-2026-04732,P4732,18-25,Female,23.262575,77.418674,18:14,Wednesday,Clear,Area_D,5.86,16.25,Area_I,0.1,Area_H
MP-2026-04733,P4733,56+,Male,23.314898,77.416625,13:56,Monday,Cloudy,Area_A,17.81,37.09,Area_D,4.8,Area_A
MP-2026-04734,P4734,56+,Male,23.317203,77.416739,08:10,Saturday,Clear,Area_A,4.6,51.93,Area_C,2.67,Area_A
MP-2026-04735,P4735,26-35,Female,23.336994,77.419528,19:12,Monday,Clear,Area_G,20.48,12.88,Area_I,0.27,Area_C
MP-2026-04736,P4736,26-35,Male,23.194438,77.471697,06:16,Sunday,Clear,Area_F,9.55,22.22,Area_I,3.62,Area_F
MP-2026-04737,P4737,26-35,Other,23.181986,77.404446,21:44,Friday,Clear,Area_A,17.18,9.5,Area_E,0.58,Area_I
MP-2026-04738,P4738,18-25,Other,23.176929,77.341665,16:45,Friday,Clear,Area_B,8.2,7.24,Area_G,0.82,Area_G
MP-2026-04739,P4739,36-45,Female,23.176162,77.470928,19:54,Monday,Clear,Area_A,12.07,51.81,Area_C,6.77,Area_E
MP-2026-04740,P4740,18-25,Female,23.317732,77.411437,08:30,Friday,Cloudy,Area_A,3.69,28.17,Area_E,5.21,Area_A
MP-2026-04741,P4741,36-45,Male,23.182559,77.485817,06:05,Sunday,Cloudy,Area_H,4.19,14.24,Area_I,4.09,Area_I
MP-2026-04742,P4742,46-55,Male,23.172699,77.420734,08:43,Tuesday,Clear,Area_F,3.47,3.88,Area_F,1.82,Area_F
MP-2026-04743,P4743,56+,Female,23.194294,77.318779,11:07,Wednesday,Clear,Area_D,4.39,21.11,Area_E,2.8,Area_D
MP-2026-04744,P4744,56+,Male,23.329496,77.472943,17:38,Monday,Cloudy,Area_C,5.82,69.39,Area_E,1.81,Area_D
MP-2026-04745,P4745,26-35,Other,23.307336,77.485095,12:42,Friday,Cloudy,Area_E,6.52,54.45,Area_E,0.35,Area_B
MP-2026-04746,P4746,46-55,Female,23.32186,77.469446,12:27,Sunday,Cloudy,Area_A,7.1,65.63,Area_E,7.65,Area_D
MP-2026-04747,P4747,26-35,Male,23.169265,77.353744,08:14,Thursday,Cloudy,Area_F,8.21,16.79,Area_A,2.57,Area_D
MP-2026-04748,P4748,36-45,Male,23.31448,77.337413,23:07,Tuesday,Fog,Area_A,3.49,3.28,Area_A,2.93,Area_A
MP-2026-04749,P4749,36-45,Male,23.31064,77.346428,12:33,Monday,Clear,Area_G,9.9,19.44,Area_H,0.38,Area_E
MP-2026-04750,P4750,36-45,Female,23.180514,77.340419,10:03,Sunday,Clear,Area_A,14.39,11.75,Area_B,0.17,Area_D
MP-2026-04751,P4751,36-45,Male,23.187941,77.478536,10:20,Tuesday,Clear,Area_F,7.1,68.69,Area_H,0.46,Area_F
MP-2026-04752,P4752,56+,Male,23.251373,77.417642,06:55,Sunday,Clear,Area_C,5.58,7.33,Area_B,0.52,Area_A
MP-2026-04753,P4753,36-45,Female,23.32831,77.413418,11:52,Thursday,Rain,Area_D,11.84,31.86,Area_B,0.16,Area_D
MP-2026-04754,P4754,26-35,Male,23.313849,77.351065,07:08,Thursday,Clear,Area_F,6.39,35.41,Area_E,11.44,Area_E
MP-2026-04755,P4755,56+,Female,23.2472,77.353984,11:55,Sunday,Clear,Area_C,5.67,18.82,Area_D,3.61,Area_E
MP-2026-04756,P4756,56+,Male,23.320187,77.408221,11:51,Friday,Clear,Area_H,8.68,59.79,Area_E,1.16,Area_B
MP-2026-04757,P4757,18-25,Female,23.176568,77.483432,18:53,Sunday,Clear,Area_G,13.4,58.64,Area_F,1.06,Area_C
MP-2026-04758,P4758,46-55,Male,23.249435,77.34538,23:47,Wednesday,Cloudy,Area_C,8.3,73.62,Area_G,0.24,Area_H
MP-2026-04759,P4759,26-35,Male,23.174954,77.33742,18:08,Saturday,Cloudy,Area_B,6.6,17.69,Area_E,4.99,Area_B
MP-2026-04760,P4760,18-25,Female,23.320469,77.484029,20:34,Monday,Clear,Area_G,11.51,52.54,Area_B,2.46,Area_B
MP-2026-04761,P4761,18-25,Female,23.251862,77.348347,23:14,Thursday,Clear,Area_F,10.47,75.35,Area_B,3.55,Area_D
MP-2026-04762,P4762,26-35,Male,23.174505,77.487995,16:40,Thursday,Cloudy,Area_G,12.54,21.33,Area_A,2.75,Area_C
MP-2026-04763,P4763,36-45,Female,23.256111,77.395783,17:56,Monday,Clear,Area_B,9.83,11.93,Area_E,2.09,Area_B
MP-2026-04764,P4764,36-45,Female,23.177804,77.419322,08:05,Friday,Cloudy,Area_I,7.67,11.99,Area_F,2.53,Area_I
MP-2026-04765,P4765,26-35,Female,23.176434,77.463341,10:52,Saturday,Cloudy,Area_B,4.64,62.74,Area_C,3.93,Area_I
MP-2026-04766,P4766,36-45,Male,23.313171,77.484699,18:28,Thursday,Rain,Area_B,7.32,2.27,Area_G,3.44,Area_B
MP-2026-04767,P4767,26-35,Female,23.095988,77.592577,16:18,Tuesday,Clear,Area_B,20.33,68.3,Area_A,0.9,Area_B
MP-2026-04768,P4768,56+,Female,23.259658,77.41583,12:00,Friday,Clear,Area_A,15.84,50.17,Area_B,1.05,Area_E
MP-2026-04769,P4769,26-35,Female,23.252296,77.483822,17:15,Friday,Rain,Area_B,9.0,6.99,Area_F,7.28,Area_H
MP-2026-04770,P4770,36-45,Female,23.175495,77.33694,20:29,Friday,Rain,Area_H,7.14,5.08,Area_D,0.58,Area_H
MP-2026-04771,P4771,18-25,Male,23.307091,77.328062,06:29,Thursday,Cloudy,Area_F,11.02,3.84,Area_D,0.49,Area_A
MP-2026-04772,P4772,26-35,Male,23.33405,77.418605,19:40,Tuesday,Clear,Area_D,6.53,7.81,Area_A,4.04,Area_B
MP-2026-04773,P4773,18-25,Female,23.181996,77.330858,08:42,Thursday,Rain,Area_I,8.62,1.65,Area_H,8.91,Area_I
MP-2026-04774,P4774,36-45,Female,23.248176,77.399387,01:27,Thursday,Cloudy,Area_B,6.46,8.21,Area_A,1.99,Area_C
MP-2026-04775,P4775,18-25,Female,23.17888,77.408534,16:21,Wednesday,Cloudy,Area_H,17.98,10.68,Area_G,0.49,Area_H
MP-2026-04776,P4776,36-45,Female,23.314406,77.426935,12:10,Monday,Clear,Area_B,10.52,42.43,Area_E,1.7,Area_D
MP-2026-04777,P4777,46-55,Other,23.317464,77.479083,12:37,Wednesday,Clear,Area_C,6.44,30.88,Area_B,3.92,Area_C
MP-2026-04778,P4778,26-35,Female,23.182714,77.405715,08:01,Thursday,Clear,Area_I,14.58,27.03,Area_I,0.1,Area_I
MP-2026-04779,P4779,18-25,Male,23.319952,77.415195,12:01,Saturday,Fog,Area_F,9.02,2.63,Area_D,4.59,Area_B
MP-2026-04780,P4780,26-35,Female,23.251769,77.344158,22:51,Friday,Clear,Area_G,5.49,56.16,Area_G,5.03,Area_B
MP-2026-04781,P4781,18-25,Male,23.327926,77.398716,20:11,Saturday,Cloudy,Area_G,18.07,40.1,Area_J,0.74,Area_C
MP-2026-04782,P4782,18-25,Female,23.256064,77.353964,12:08,Thursday,Clear,Area_H,28.3,66.2,Area_A,13.41,Area_B
MP-2026-04783,P4783,36-45,Female,23.07585,77.613831,14:53,Wednesday,Clear,Area_E,12.19,36.07,Area_I,1.16,Area_F
MP-2026-04784,P4784,36-45,Male,23.187705,77.418146,17:01,Monday,Clear,Area_C,8.11,14.11,Area_F,5.42,Area_I
MP-2026-04785,P4785,56+,Male,23.168519,77.331807,21:54,Saturday,Clear,Area_G,9.21,63.86,Area_F,0.25,Area_E
MP-2026-04786,P4786,46-55,Male,23.328504,77.408258,20:57,Monday,Fog,Area_C,12.02,71.17,Area_B,2.29,Area_A
MP-2026-04787,P4787,36-45,Female,23.245955,77.351956,14:02,Sunday,Clear,Area_I,13.36,59.03,Area_E,0.18,Area_E
MP-2026-04788,P4788,56+,Female,23.179716,77.331022,18:46,Friday,Clear,Area_G,19.82,60.79,Area_G,6.67,Area_D
MP-2026-04789,P4789,26-35,Male,23.267183,77.480093,15:58,Monday,Cloudy,Area_D,9.12,14.05,Area_E,7.84,Area_I
MP-2026-04790,P4790,26-35,Female,23.184213,77.4599,14:11,Thursday,Cloudy,Area_H,11.27,20.47,Area_E,5.14,Area_H
MP-2026-04791,P4791,26-35,Female,23.230198,77.335922,08:40,Wednesday,Clear,Area_A,10.89,14.88,Area_C,0.18,Area_F
MP-2026-04792,P4792,56+,Female,23.245243,77.479292,06:52,Saturday,Cloudy,Area_A,7.34,2.57,Area_B,1.07,Area_E
MP-2026-04793,P4793,36-45,Female,23.241087,77.334408,21:12,Thursday,Clear,Area_A,17.74,44.16,Area_E,9.56,Area_F
MP-2026-04794,P4794,56+,Male,23.244164,77.407786,03:34,Saturday,Cloudy,Area_E,19.88,24.11,Area_G,2.79,Area_D
MP-2026-04795,P4795,18-25,Female,23.191823,77.487885,06:42,Wednesday,Cloudy,Area_D,7.73,11.68,Area_B,3.51,Area_C
MP-2026-04796,P4796,26-35,Male,23.190654,77.400429,13:08,Saturday,Cloudy,Area_A,10.31,54.31,Area_A,3.55,Area_D
MP-2026-04797,P4797,18-25,Male,23.246184,77.351259,08:45,Wednesday,Clear,Area_F,16.32,17.54,Area_I,1.39,Area_A
MP-2026-04798,P4798,18-25,Female,23.323374,77.397386,10:04,Sunday,Cloudy,Area_G,6.57,18.81,Area_D,6.01,Area_G
MP-2026-04799,P4799,46-55,Female,23.18535,77.411619,20:40,Friday,Clear,Area_F,6.48,31.28,Area_I,0.16,Area_F
MP-2026-04800,P4800,36-45,Male,23.242317,77.409282,13:22,Friday,Clear,Area_B,11.4,6.99,Area_E,0.49,Area_E
MP-2026-04801,P4801,18-25,Male,23.245946,77.481139,14:10,Friday,Clear,Area_H,8.34,3.45,Area_H,10.26,Area_B
MP-2026-04802,P4802,26-35,Male,23.327014,77.349293,07:57,Wednesday,Clear,Area_B,6.83,58.44,Area_B,0.7,Area_B
MP-2026-04803,P4803,18-25,Female,23.186193,77.337579,17:19,Friday,Cloudy,Area_C,18.89,30.11,Area_I,0.1,Area_D
MP-2026-04804,P4804,18-25,Female,23.316398,77.411074,16:48,Sunday,Fog,Area_B,7.91,40.48,Area_B,2.81,Area_B
MP-2026-04805,P4805,46-55,Male,23.311502,77.46433,16:53,Wednesday,Clear,Area_C,10.17,37.18,Area_F,0.82,Area_C
MP-2026-04806,P4806,26-35,Male,23.194949,77.342336,18:44,Friday,Clear,Area_C,12.24,62.43,Area_D,3.23,Area_H
MP-2026-04807,P4807,26-35,Male,23.17982,77.48476,11:58,Thursday,Cloudy,Area_D,6.52,9.41,Area_B,0.94,Area_D
MP-2026-04808,P4808,18-25,Female,23.168684,77.41053,09:40,Saturday,Cloudy,Area_B,12.87,24.37,Area_F,11.62,Area_E
MP-2026-04809,P4809,56+,Female,23.196272,77.48177,07:25,Friday,Fog,Area_D,6.3,78.08,Area_H,24.0,Area_I
MP-2026-04810,P4810,36-45,Female,23.176543,77.489377,07:52,Friday,Cloudy,Area_F,4.48,22.23,Area_H,7.31,Area_I
MP-2026-04811,P4811,26-35,Female,23.319712,77.479046,13:38,Sunday,Clear,Area_B,6.57,6.72,Area_A,1.6,Area_B
MP-2026-04812,P4812,36-45,Other,23.185462,77.351875,09:25,Tuesday,Clear,Area_B,6.22,8.63,Area_D,4.18,Area_D
MP-2026-04813,P4813,26-35,Male,23.247313,77.419424,10:10,Wednesday,Cloudy,Area_C,7.18,17.94,Area_E,1.9,Area_E
MP-2026-04814,P4814,26-35,Female,23.17118,77.400312,16:29,Sunday,Cloudy,Area_B,7.44,10.28,Area_C,5.77,Area_C
MP-2026-04815,P4815,18-25,Female,23.339916,77.405996,05:18,Tuesday,Rain,Area_F,10.58,12.7,Area_H,1.33,Area_E
MP-2026-04816,P4816,26-35,Male,23.182759,77.484917,10:29,Friday,Clear,Area_H,15.92,61.5,Area_G,2.28,Area_H
MP-2026-04817,P4817,18-25,Male,23.183379,77.422505,13:31,Friday,Cloudy,Area_E,8.63,1.39,Area_H,0.35,Area_D
MP-2026-04818,P4818,26-35,Female,23.246509,77.338595,13:47,Wednesday,Cloudy,Area_D,11.81,14.88,Area_E,0.48,Area_B
MP-2026-04819,P4819,26-35,Female,23.190697,77.48433,13:54,Monday,Clear,Area_H,7.21,40.66,Area_G,4.95,Area_H
MP-2026-04820,P4820,18-25,Female,23.248171,77.406681,16:17,Wednesday,Clear,Area_E,5.59,44.65,Area_F,0.81,Area_B
MP-2026-04821,P4821,56+,Male,23.279569,77.410936,12:44,Monday,Cloudy,Area_B,7.17,1.46,Area_A,1.83,Area_A
MP-2026-04822,P4822,26-35,Male,23.26035,77.34033,06:06,Sunday,Clear,Area_E,5.81,8.3,Area_F,10.29,Area_A
MP-2026-04823,P4823,36-45,Female,23.320555,77.496662,03:27,Tuesday,Cloudy,Area_C,9.28,18.71,Area_B,2.04,Area_C
MP-2026-04824,P4824,18-25,Other,23.172383,77.337675,17:01,Sunday,Rain,Area_D,4.66,61.9,Area_H,4.06,Area_H
MP-2026-04825,P4825,36-45,Female,23.17919,77.414126,07:50,Monday,Clear,Area_B,6.29,5.23,Area_C,7.39,Area_F
MP-2026-04826,P4826,18-25,Female,23.177217,77.349051,16:12,Thursday,Clear,Area_G,16.17,55.15,Area_D,3.52,Area_D
MP-2026-04827,P4827,46-55,Male,23.302074,77.495881,19:19,Wednesday,Clear,Area_B,10.5,8.43,Area_C,5.14,Area_F
MP-2026-04828,P4828,46-55,Female,23.243529,77.484986,10:31,Tuesday,Clear,Area_E,6.5,24.43,Area_B,2.77,Area_E
MP-2026-04829,P4829,36-45,Female,23.068738,77.600833,15:28,Tuesday,Clear,Area_B,13.32,41.84,Area_H,0.36,Area_F
MP-2026-04830,P4830,46-55,Female,23.183,77.402457,21:53,Tuesday,Clear,Area_H,6.19,6.6,Area_I,1.9,Area_G
MP-2026-04831,P4831,26-35,Female,23.307715,77.475412,18:20,Monday,Clear,Area_C,15.99,22.0,Area_B,0.64,Area_C
MP-2026-04832,P4832,46-55,Female,23.240886,77.474803,19:08,Saturday,Clear,Area_B,7.05,46.6,Area_C,1.77,Area_B
MP-2026-04833,P4833,36-45,Female,23.332079,77.33398,07:22,Tuesday,Clear,Area_B,3.07,2.66,Area_H,3.49,Area_A
MP-2026-04834,P4834,18-25,Male,23.258558,77.414582,14:40,Wednesday,Rain,Area_G,14.21,11.88,Area_A,1.24,Area_D
MP-2026-04835,P4835,36-45,Male,23.337027,77.422798,21:49,Monday,Clear,Area_F,8.63,8.52,Area_I,1.37,Area_E
MP-2026-04836,P4836,36-45,Female,23.249553,77.478377,17:42,Friday,Clear,Area_C,11.45,15.97,Area_I,1.21,Area_F
MP-2026-04837,P4837,56+,Female,23.318949,77.333828,15:55,Thursday,Clear,Area_B,9.34,6.28,Area_D,0.91,Area_B
MP-2026-04838,P4838,36-45,Female,23.179643,77.476845,13:32,Friday,Clear,Area_B,12.31,71.06,Area_F,6.9,Area_F
MP-2026-04839,P4839,26-35,Female,23.188787,77.405485,07:30,Sunday,Clear,Area_E,8.32,2.04,Area_A,1.6,Area_E
MP-2026-04840,P4840,56+,Female,23.240456,77.479462,09:23,Friday,Cloudy,Area_B,7.56,6.81,Area_E,2.32,Area_B
MP-2026-04841,P4841,26-35,Other,23.244692,77.48232,18:51,Monday,Cloudy,Area_A,14.88,27.34,Area_C,2.39,Area_C
MP-2026-04842,P4842,18-25,Male,23.176483,77.488533,15:41,Thursday,Clear,Area_C,16.92,41.96,Area_E,3.62,Area_H
MP-2026-04843,P4843,18-25,Male,23.321212,77.478721,15:40,Saturday,Cloudy,Area_H,1.99,14.81,Area_H,5.8,Area_F
MP-2026-04844,P4844,18-25,Female,23.234501,77.476104,19:59,Thursday,Clear,Area_D,10.77,40.76,Area_F,1.61,Area_C
MP-2026-04845,P4845,26-35,Male,23.187301,77.403309,13:01,Sunday,Clear,Area_C,26.8,29.27,Area_A,7.22,Area_E
MP-2026-04846,P4846,18-25,Female,23.324077,77.327126,01:18,Monday,Rain,Area_G,13.44,44.49,Area_F,7.55,Area_A
MP-2026-04847,P4847,26-35,Female,23.33224,77.418321,07:28,Friday,Fog,Area_G,8.76,18.49,Area_E,3.93,Area_B
MP-2026-04848,P4848,56+,Male,23.323798,77.464887,15:26,Sunday,Clear,Area_B,16.96,71.85,Area_B,0.64,Area_B
MP-2026-04849,P4849,26-35,Male,23.180398,77.469637,09:27,Sunday,Cloudy,Area_J,6.03,24.69,Area_J,7.01,Area_I
MP-2026-04850,P4850,26-35,Female,23.260124,77.331724,21:59,Thursday,Clear,Area_C,15.33,72.2,Area_E,10.24,Area_I
MP-2026-04851,P4851,26-35,Female,23.324939,77.500972,12:41,Thursday,Clear,Area_A,14.46,53.88,Area_D,1.09,Area_A
MP-2026-04852,P4852,18-25,Female,23.338138,77.406582,18:46,Monday,Clear,Area_B,25.32,70.35,Area_A,13.23,Area_A
MP-2026-04853,P4853,46-55,Male,23.308199,77.343247,19:02,Saturday,Clear,Area_A,9.29,8.75,Area_B,0.1,Area_B
MP-2026-04854,P4854,36-45,Male,23.262837,77.409638,17:56,Sunday,Clear,Area_C,17.82,21.55,Area_C,0.25,Area_C
MP-2026-04855,P4855,18-25,Female,23.181261,77.336229,08:23,Sunday,Clear,Area_A,12.28,35.64,Area_G,2.14,Area_D
MP-2026-04856,P4856,46-55,Female,23.224434,77.484091,07:06,Sunday,Clear,Area_I,7.4,23.79,Area_I,4.56,Area_I
MP-2026-04857,P4857,26-35,Female,23.238652,77.350151,21:59,Sunday,Cloudy,Area_E,14.03,59.83,Area_I,2.11,Area_A
MP-2026-04858,P4858,18-25,Male,23.080332,77.618499,05:37,Tuesday,Cloudy,Area_C,7.9,14.75,Area_G,2.45,Area_I
MP-2026-04859,P4859,56+,Male,23.308116,77.495179,23:05,Monday,Clear,Area_F,4.76,42.85,Area_F,5.44,Area_C
MP-2026-04860,P4860,18-25,Female,23.176798,77.474811,18:37,Sunday,Rain,Area_F,8.66,24.56,Area_F,9.53,Area_H
MP-2026-04861,P4861,18-25,Male,23.3188,77.339544,18:59,Wednesday,Clear,Area_D,3.09,7.19,Area_A,3.13,Area_B
MP-2026-04862,P4862,36-45,Male,23.172183,77.318801,08:20,Sunday,Clear,Area_A,13.16,24.23,Area_I,11.35,Area_I
MP-2026-04863,P4863,36-45,Male,23.255132,77.404436,11:36,Saturday,Clear,Area_E,6.37,16.05,Area_D,1.32,Area_E
MP-2026-04864,P4864,26-35,Male,23.178816,77.403244,14:15,Monday,Clear,Area_A,12.01,20.51,Area_G,0.99,Area_H
MP-2026-04865,P4865,36-45,Other,23.249075,77.343675,07:22,Friday,Cloudy,Area_A,7.26,76.69,Area_G,4.36,Area_A
MP-2026-04866,P4866,26-35,Other,23.319295,77.41332,10:22,Saturday,Cloudy,Area_A,4.96,12.09,Area_E,3.28,Area_A
MP-2026-04867,P4867,36-45,Female,23.31565,77.492084,20:51,Saturday,Cloudy,Area_E,7.27,24.31,Area_E,2.39,Area_F
MP-2026-04868,P4868,18-25,Female,23.303218,77.487374,21:57,Sunday,Cloudy,Area_B,6.7,28.57,Area_E,0.26,Area_F
MP-2026-04869,P4869,26-35,Female,23.255077,77.402324,11:48,Thursday,Cloudy,Area_C,13.86,60.08,Area_G,1.09,Area_F
MP-2026-04870,P4870,26-35,Female,23.24261,77.495406,16:39,Monday,Clear,Area_D,4.61,32.48,Area_E,3.67,Area_C
MP-2026-04871,P4871,26-35,Male,23.184395,77.480404,13:13,Saturday,Clear,Area_G,4.28,20.92,Area_I,4.8,Area_F
MP-2026-04872,P4872,26-35,Male,23.189273,77.338759,05:59,Wednesday,Clear,Area_D,6.87,15.23,Area_E,3.85,Area_I
MP-2026-04873,P4873,18-25,Male,23.266328,77.328116,19:03,Saturday,Cloudy,Area_F,6.92,19.65,Area_E,6.89,Area_B
MP-2026-04874,P4874,46-55,Female,23.174654,77.416739,10:31,Tuesday,Cloudy,Area_E,6.12,16.93,Area_B,3.08,Area_E
MP-2026-04875,P4875,26-35,Female,23.207573,77.48235,09:58,Tuesday,Clear,Area_E,4.2,14.57,Area_D,0.74,Area_E
MP-2026-04876,P4876,36-45,Female,23.312803,77.398771,18:24,Sunday,Clear,Area_E,17.41,68.93,Area_C,0.34,Area_B
MP-2026-04877,P4877,18-25,Female,23.249829,77.415193,07:36,Sunday,Clear,Area_G,5.34,39.17,Area_D,2.06,Area_A
MP-2026-04878,P4878,36-45,Female,23.244118,77.474428,10:31,Sunday,Cloudy,Area_C,6.36,6.29,Area_E,3.74,Area_C
MP-2026-04879,P4879,36-45,Female,23.17263,77.401948,20:16,Sunday,Clear,Area_C,10.7,26.78,Area_I,1.5,Area_F
MP-2026-04880,P4880,18-25,Female,23.200896,77.407161,12:17,Wednesday,Clear,Area_A,12.29,2.13,Area_F,1.11,Area_C
MP-2026-04881,P4881,56+,Male,23.238071,77.346118,08:08,Monday,Cloudy,Area_D,7.92,19.41,Area_B,5.5,Area_E
MP-2026-04882,P4882,46-55,Male,23.307077,77.349655,03:48,Wednesday,Rain,Area_D,5.21,70.86,Area_A,1.17,Area_D
MP-2026-04883,P4883,18-25,Male,23.333755,77.337696,20:31,Friday,Clear,Area_A,21.07,26.2,Area_E,4.97,Area_H
MP-2026-04884,P4884,26-35,Female,23.254195,77.32985,07:37,Monday,Clear,Area_E,19.02,3.59,Area_E,2.77,Area_E
MP-2026-04885,P4885,36-45,Male,23.309258,77.418716,17:01,Sunday,Rain,Area_F,7.0,68.96,Area_E,3.86,Area_B
MP-2026-04886,P4886,18-25,Female,23.312894,77.481761,15:21,Monday,Clear,Area_C,6.92,75.75,Area_B,3.24,Area_C
MP-2026-04887,P4887,18-25,Male,23.243424,77.477817,11:21,Thursday,Clear,Area_B,9.94,16.97,Area_E,2.76,Area_B
MP-2026-04888,P4888,56+,Female,23.176656,77.423962,07:38,Monday,Clear,Area_H,4.97,20.52,Area_B,0.23,Area_E
MP-2026-04889,P4889,56+,Female,23.259113,77.469661,09:35,Monday,Cloudy,Area_E,8.13,8.2,Area_E,1.22,Area_C
MP-2026-04890,P4890,56+,Female,23.330093,77.336134,19:53,Saturday,Clear,Area_A,9.95,8.67,Area_D,0.91,Area_E
MP-2026-04891,P4891,18-25,Female,23.080955,77.608694,16:09,Tuesday,Clear,Area_B,8.77,78.66,Area_J,3.23,Area_E
MP-2026-04892,P4892,36-45,Other,23.191584,77.397037,19:21,Saturday,Cloudy,Area_I,8.51,67.61,Area_I,13.78,Area_I
MP-2026-04893,P4893,56+,Male,23.313076,77.478374,13:53,Sunday,Clear,Area_D,10.6,50.79,Area_A,1.57,Area_E
MP-2026-04894,P4894,36-45,Female,23.319641,77.48047,18:32,Wednesday,Cloudy,Area_C,8.68,54.29,Area_B,1.43,Area_C
MP-2026-04895,P4895,46-55,Female,23.342194,77.431479,17:54,Friday,Cloudy,Area_D,4.95,9.2,Area_H,1.72,Area_F
MP-2026-04896,P4896,18-25,Male,23.314703,77.480351,12:47,Saturday,Cloudy,Area_H,4.63,9.41,Area_F,8.74,Area_E
MP-2026-04897,P4897,46-55,Male,23.244903,77.335992,11:06,Tuesday,Cloudy,Area_G,7.82,50.76,Area_E,5.17,Area_G
MP-2026-04898,P4898,26-35,Male,23.323351,77.487467,13:40,Thursday,Clear,Area_C,8.57,68.33,Area_F,3.77,Area_C
MP-2026-04899,P4899,26-35,Female,23.32326,77.42805,20:36,Sunday,Clear,Area_C,9.26,5.99,Area_A,2.48,Area_C
MP-2026-04900,P4900,46-55,Female,23.170046,77.413284,16:46,Wednesday,Cloudy,Area_D,23.62,15.75,Area_B,7.47,Area_I
MP-2026-04901,P4901,56+,Female,23.247789,77.417617,21:21,Tuesday,Cloudy,Area_A,7.78,1.12,Area_F,2.66,Area_B
MP-2026-04902,P4902,36-45,Female,23.177274,77.397391,13:22,Monday,Cloudy,Area_F,4.67,30.92,Area_G,4.08,Area_F
MP-2026-04903,P4903,56+,Female,23.314258,77.410077,13:50,Tuesday,Cloudy,Area_D,7.72,18.06,Area_G,3.19,Area_D
MP-2026-04904,P4904,26-35,Male,23.311614,77.47762,07:12,Saturday,Clear,Area_E,12.21,20.4,Area_F,1.56,Area_E
MP-2026-04905,P4905,56+,Male,23.26584,77.346033,02:47,Sunday,Clear,Area_H,4.51,23.34,Area_B,8.75,Area_A
MP-2026-04906,P4906,46-55,Male,23.172204,77.398669,17:26,Thursday,Clear,Area_F,5.02,15.42,Area_E,0.55,Area_H
MP-2026-04907,P4907,46-55,Male,23.239011,77.427843,19:37,Friday,Cloudy,Area_C,5.08,6.15,Area_J,14.16,Area_F
MP-2026-04908,P4908,18-25,Female,23.170714,77.415667,17:55,Friday,Rain,Area_A,8.9,58.08,Area_E,2.8,Area_D
MP-2026-04909,P4909,56+,Female,23.32269,77.347339,08:30,Friday,Clear,Area_F,8.78,8.39,Area_B,2.17,Area_A
MP-2026-04910,P4910,56+,Female,23.17656,77.341118,12:09,Friday,Clear,Area_G,5.78,49.46,Area_D,6.0,Area_G
MP-2026-04911,P4911,36-45,Male,23.258854,77.349146,14:40,Monday,Cloudy,Area_G,2.58,6.05,Area_E,3.77,Area_D
MP-2026-04912,P4912,36-45,Male,23.173565,77.40148,07:14,Friday,Cloudy,Area_A,5.59,23.15,Area_D,1.51,Area_A
MP-2026-04913,P4913,36-45,Female,23.067635,77.621877,05:50,Sunday,Clear,Area_F,6.95,3.74,Area_J,0.61,Area_J
MP-2026-04914,P4914,46-55,Male,23.163139,77.415904,09:29,Friday,Clear,Area_A,11.66,29.12,Area_G,1.01,Area_G
MP-2026-04915,P4915,26-35,Female,23.171636,77.411312,20:04,Saturday,Clear,Area_A,10.21,24.33,Area_E,2.28,Area_H
MP-2026-04916,P4916,18-25,Female,23.162403,77.411568,08:57,Friday,Clear,Area_H,14.8,75.32,Area_D,2.25,Area_G
MP-2026-04917,P4917,36-45,Female,23.318525,77.335711,07:52,Friday,Cloudy,Area_E,8.18,2.89,Area_C,1.32,Area_G
MP-2026-04918,P4918,26-35,Male,23.256136,77.475425,18:36,Friday,Rain,Area_B,24.0,61.97,Area_C,6.9,Area_C
MP-2026-04919,P4919,36-45,Female,23.314961,77.475339,08:35,Wednesday,Clear,Area_E,4.07,5.9,Area_D,4.81,Area_E
MP-2026-04920,P4920,46-55,Male,23.256478,77.410196,08:24,Monday,Clear,Area_B,10.63,6.84,Area_B,2.84,Area_B
MP-2026-04921,P4921,26-35,Female,23.245933,77.474657,17:57,Wednesday,Cloudy,Area_F,6.15,14.87,Area_E,3.78,Area_F
MP-2026-04922,P4922,26-35,Female,23.316954,77.346428,15:09,Friday,Clear,Area_A,5.17,18.05,Area_A,9.9,Area_B
MP-2026-04923,P4923,36-45,Male,23.244853,77.486747,18:49,Wednesday,Rain,Area_F,5.11,5.26,Area_C,0.12,Area_F
MP-2026-04924,P4924,18-25,Male,23.295561,77.388009,05:33,Tuesday,Rain,Area_E,15.06,78.59,Area_A,8.16,Area_D
MP-2026-04925,P4925,36-45,Female,23.313053,77.33869,08:48,Friday,Clear,Area_A,9.66,4.01,Area_D,1.51,Area_A
MP-2026-04926,P4926,26-35,Female,23.29529,77.33526,16:50,Sunday,Cloudy,Area_D,6.01,15.43,Area_A,0.87,Area_D
MP-2026-04927,P4927,18-25,Female,23.253944,77.412469,07:47,Saturday,Clear,Area_E,11.98,18.64,Area_F,0.1,Area_I
MP-2026-04928,P4928,46-55,Male,23.175861,77.41291,12:22,Wednesday,Clear,Area_G,12.34,55.81,Area_D,8.29,Area_G
MP-2026-04929,P4929,36-45,Male,23.296946,77.410906,08:35,Monday,Clear,Area_B,12.15,65.1,Area_C,1.27,Area_C
MP-2026-04930,P4930,36-45,Female,23.169237,77.482792,12:59,Wednesday,Clear,Area_G,8.32,10.63,Area_H,3.12,Area_I
MP-2026-04931,P4931,46-55,Female,23.177093,77.34313,21:17,Wednesday,Rain,Area_F,9.04,4.77,Area_G,9.17,Area_B
MP-2026-04932,P4932,18-25,Male,23.258454,77.320364,19:05,Tuesday,Fog,Area_C,19.57,59.96,Area_C,0.41,Area_F
MP-2026-04933,P4933,36-45,Female,23.321815,77.486658,18:31,Wednesday,Clear,Area_E,11.63,71.39,Area_G,6.96,Area_B
MP-2026-04934,P4934,18-25,Male,23.250635,77.404669,10:04,Saturday,Clear,Area_A,12.02,75.53,Area_F,3.0,Area_A
MP-2026-04935,P4935,46-55,Male,23.181839,77.402906,04:11,Wednesday,Clear,Area_G,4.29,7.54,Area_E,9.96,Area_H
MP-2026-04936,P4936,36-45,Female,23.331471,77.485491,13:30,Sunday,Clear,Area_A,9.48,7.67,Area_D,0.15,Area_E
MP-2026-04937,P4937,46-55,Female,23.185729,77.489569,17:39,Wednesday,Clear,Area_A,9.5,26.31,Area_H,0.87,Area_E
MP-2026-04938,P4938,36-45,Female,23.323243,77.414578,16:47,Saturday,Clear,Area_C,12.3,29.64,Area_B,1.65,Area_C
MP-2026-04939,P4939,56+,Female,23.245843,77.481519,17:32,Wednesday,Rain,Area_G,7.99,22.84,Area_E,8.29,Area_F
MP-2026-04940,P4940,56+,Male,23.234829,77.466173,18:13,Friday,Cloudy,Area_H,8.02,11.75,Area_I,3.88,Area_H
MP-2026-04941,P4941,46-55,Male,23.322825,77.344937,16:33,Thursday,Clear,Area_C,15.94,31.64,Area_A,0.24,Area_B
MP-2026-04942,P4942,18-25,Female,23.197594,77.410532,14:39,Sunday,Cloudy,Area_A,8.47,10.77,Area_I,0.98,Area_I
MP-2026-04943,P4943,36-45,Female,23.17265,77.343267,09:07,Friday,Cloudy,Area_G,21.23,26.61,Area_E,4.34,Area_H
MP-2026-04944,P4944,18-25,Female,23.248348,77.349518,13:51,Wednesday,Fog,Area_B,13.12,36.96,Area_A,6.08,Area_D
MP-2026-04945,P4945,36-45,Female,23.335555,77.41672,22:49,Monday,Cloudy,Area_A,7.44,16.92,Area_A,0.54,Area_G
MP-2026-04946,P4946,26-35,Female,23.318313,77.329834,13:41,Wednesday,Clear,Area_A,5.14,21.09,Area_D,0.19,Area_B
MP-2026-04947,P4947,36-45,Female,23.178835,77.423249,11:58,Monday,Clear,Area_H,8.69,69.91,Area_F,0.86,Area_E
MP-2026-04948,P4948,26-35,Male,23.176602,77.404955,17:23,Thursday,Clear,Area_A,15.94,53.15,Area_C,11.79,Area_D
MP-2026-04949,P4949,18-25,Other,23.232868,77.478263,17:13,Tuesday,Clear,Area_J,8.83,18.83,Area_J,0.19,Area_J
MP-2026-04950,P4950,26-35,Female,23.318377,77.351214,14:18,Thursday,Clear,Area_C,22.61,45.31,Area_C,6.69,Area_E
MP-2026-04951,P4951,46-55,Male,23.251383,77.478371,10:41,Saturday,Clear,Area_D,6.79,61.88,Area_E,0.19,Area_C
MP-2026-04952,P4952,46-55,Female,23.325447,77.404352,06:21,Thursday,Clear,Area_G,6.33,35.15,Area_E,4.22,Area_F
MP-2026-04953,P4953,18-25,Female,23.249435,77.410698,21:12,Tuesday,Cloudy,Area_D,4.41,68.49,Area_H,5.77,Area_F
MP-2026-04954,P4954,36-45,Male,23.324546,77.347435,10:38,Thursday,Clear,Area_G,7.42,12.08,Area_I,0.4,Area_E
MP-2026-04955,P4955,36-45,Male,23.189193,77.41665,22:59,Tuesday,Clear,Area_E,12.18,33.48,Area_E,1.08,Area_F
MP-2026-04956,P4956,36-45,Male,23.188807,77.466319,19:57,Sunday,Cloudy,Area_D,7.39,6.69,Area_H,8.93,Area_H
MP-2026-04957,P4957,26-35,Male,23.180887,77.34108,16:35,Monday,Cloudy,Area_E,10.71,14.81,Area_I,12.28,Area_H
MP-2026-04958,P4958,18-25,Female,23.319774,77.348729,07:58,Wednesday,Clear,Area_D,9.73,12.57,Area_G,5.54,Area_E
MP-2026-04959,P4959,18-25,Male,23.182762,77.482569,11:27,Monday,Fog,Area_A,4.22,11.33,Area_F,2.21,Area_E
MP-2026-04960,P4960,18-25,Female,23.253392,77.359275,11:09,Thursday,Clear,Area_B,18.11,3.39,Area_F,0.5,Area_B
MP-2026-04961,P4961,36-45,Male,23.317765,77.335818,07:59,Tuesday,Clear,Area_A,12.85,37.66,Area_G,1.71,Area_A
MP-2026-04962,P4962,26-35,Female,23.321002,77.42116,18:54,Thursday,Cloudy,Area_C,10.7,24.74,Area_A,5.3,Area_D
MP-2026-04963,P4963,46-55,Female,23.337123,77.493451,07:20,Wednesday,Clear,Area_D,4.58,19.78,Area_I,0.1,Area_A
MP-2026-04964,P4964,26-35,Female,23.174825,77.344801,22:19,Sunday,Clear,Area_A,10.02,41.55,Area_D,17.45,Area_D
MP-2026-04965,P4965,46-55,Female,23.082425,77.600783,08:07,Wednesday,Clear,Area_J,8.19,53.97,Area_J,1.4,Area_J
MP-2026-04966,P4966,36-45,Male,23.316596,77.343256,17:01,Saturday,Cloudy,Area_E,7.7,15.77,Area_G,0.64,Area_E
MP-2026-04967,P4967,56+,Male,23.336457,77.376105,21:17,Sunday,Clear,Area_D,5.9,51.89,Area_C,4.92,Area_B
MP-2026-04968,P4968,46-55,Female,23.182463,77.425469,06:15,Friday,Clear,Area_D,5.5,70.57,Area_E,3.59,Area_A
MP-2026-04969,P4969,18-25,Female,23.32371,77.342984,10:25,Thursday,Cloudy,Area_H,22.4,45.58,Area_G,2.48,Area_H
MP-2026-04970,P4970,56+,Female,23.327985,77.495182,17:19,Tuesday,Cloudy,Area_G,5.59,21.42,Area_F,1.36,Area_C
MP-2026-04971,P4971,26-35,Female,23.08858,77.619977,05:53,Sunday,Cloudy,Area_J,11.9,9.74,Area_J,0.64,Area_J
MP-2026-04972,P4972,26-35,Male,23.31474,77.319251,15:57,Sunday,Clear,Area_A,22.3,70.72,Area_B,8.39,Area_B
MP-2026-04973,P4973,46-55,Female,23.180365,77.460674,08:35,Thursday,Cloudy,Area_A,29.39,79.25,Area_E,1.69,Area_E
MP-2026-04974,P4974,18-25,Male,23.320978,77.409123,14:05,Wednesday,Clear,Area_D,12.01,13.77,Area_B,2.35,Area_E
MP-2026-04975,P4975,56+,Male,23.309411,77.39134,13:33,Saturday,Clear,Area_D,3.34,3.34,Area_E,2.95,Area_E
MP-2026-04976,P4976,26-35,Female,23.244553,77.401289,17:09,Sunday,Clear,Area_A,7.11,63.13,Area_F,2.77,Area_F
MP-2026-04977,P4977,46-55,Female,23.328969,77.481365,18:41,Thursday,Clear,Area_C,3.46,4.7,Area_E,6.36,Area_C
MP-2026-04978,P4978,36-45,Female,23.320683,77.415368,15:21,Saturday,Clear,Area_A,25.4,18.25,Area_E,1.29,Area_A
MP-2026-04979,P4979,36-45,Male,23.192434,77.407087,11:46,Saturday,Rain,Area_B,14.01,54.84,Area_G,1.58,Area_E
MP-2026-04980,P4980,18-25,Male,23.305542,77.422174,13:02,Saturday,Clear,Area_A,29.55,61.62,Area_A,1.08,Area_C
MP-2026-04981,P4981,26-35,Female,23.192964,77.403945,12:32,Saturday,Clear,Area_C,14.48,30.3,Area_I,13.1,Area_I
MP-2026-04982,P4982,46-55,Male,23.177468,77.336108,16:32,Wednesday,Clear,Area_G,6.84,50.88,Area_H,6.38,Area_G
MP-2026-04983,P4983,46-55,Female,23.333981,77.339929,19:21,Monday,Clear,Area_E,8.44,3.92,Area_D,4.43,Area_E
MP-2026-04984,P4984,46-55,Male,23.310745,77.473165,01:03,Sunday,Clear,Area_C,7.67,3.64,Area_B,6.15,Area_B
MP-2026-04985,P4985,36-45,Male,23.194397,77.335884,19:10,Saturday,Fog,Area_H,13.16,35.23,Area_F,5.95,Area_G
MP-2026-04986,P4986,46-55,Male,23.262699,77.328538,18:54,Saturday,Clear,Area_A,12.2,40.11,Area_A,16.0,Area_D
MP-2026-04987,P4987,18-25,Female,23.183269,77.320042,15:45,Wednesday,Clear,Area_B,9.41,47.57,Area_E,0.93,Area_B
MP-2026-04988,P4988,36-45,Female,23.320039,77.32949,08:53,Friday,Cloudy,Area_A,9.56,16.04,Area_B,0.37,Area_A
MP-2026-04989,P4989,18-25,Female,23.180054,77.338561,09:35,Saturday,Cloudy,Area_F,10.93,15.79,Area_E,2.69,Area_H
MP-2026-04990,P4990,18-25,Male,23.258397,77.395555,05:16,Friday,Rain,Area_A,14.27,53.03,Area_A,0.63,Area_B
MP-2026-04991,P4991,26-35,Male,23.2509,77.41035,04:03,Monday,Cloudy,Area_A,8.81,5.02,Area_A,10.9,Area_E
MP-2026-04992,P4992,26-35,Female,23.323147,77.337414,11:57,Tuesday,Cloudy,Area_G,7.65,36.87,Area_G,8.84,Area_E
MP-2026-04993,P4993,18-25,Female,23.314499,77.481994,11:59,Sunday,Cloudy,Area_H,12.43,50.95,Area_I,4.49,Area_H
MP-2026-04994,P4994,26-35,Male,23.166221,77.337121,09:39,Saturday,Rain,Area_D,3.58,40.67,Area_D,1.39,Area_D
MP-2026-04995,P4995,18-25,Other,23.170336,77.494947,05:30,Thursday,Clear,Area_A,11.48,13.89,Area_D,8.98,Area_G
MP-2026-04996,P4996,46-55,Female,23.172448,77.482636,17:40,Friday,Rain,Area_C,9.98,18.21,Area_F,1.33,Area_C
MP-2026-04997,P4997,26-35,Female,23.324287,77.493134,18:00,Monday,Rain,Area_C,10.71,22.24,Area_E,0.75,Area_C
MP-2026-04998,P4998,56+,Female,23.23968,77.427573,11:14,Tuesday,Clear,Area_G,12.19,55.1,Area_H,2.9,Area_I
MP-2026-04999,P4999,26-35,Female,23.336583,77.489603,08:04,Thursday,Clear,Area_A,9.29,5.81,Area_G,0.89,Area_A
MP-2026-05000,P5000,36-45,Male,23.241952,77.477713,08:16,Monday,Rain,Area_H,8.02,5.02,Area_I,0.96,Area_E
